source_uic,target_uic,weight_minutes,source_name,target_name
87001479,87271460,1.0,Roissy-Aéroport-Charles-de-Gaulle 2-TGV (RER),Roissy-Aéroport-Charles-de-Gaulle 1
87009696,87571406,4.466,La Douzillère,Montbazon
87009696,87571885,1.586,La Douzillère,Joué-lès-Tours
87109306,87223263,58.105,Lille CHR,Lille-Europe
87109306,87286005,53.054,Lille CHR,Lille-Flandres
87109306,87286112,1.0,Lille CHR,Loos-lez-Lille
87109306,87287250,1.665,Lille CHR,Lille-Porte-de-Douai
87111278,87113001,54.544,Porte-de-Clichy,Paris-Est
87111278,87271007,50.02,Porte-de-Clichy,Paris-Nord
87111278,87271023,50.02,Porte-de-Clichy,Paris-Nord-Souterraine
87111278,87271031,50.02,Porte-de-Clichy,Paris-Nord-Surface
87111278,87271247,1.0,Porte-de-Clichy,St-Ouen
87111278,87281873,52.017,Porte-de-Clichy,Magenta
87111278,87281899,36.076,Porte-de-Clichy,Haussmann-St-Lazare
87111278,87381012,1.0,Porte-de-Clichy,Péreire-Levallois
87111278,87381020,43.251,Porte-de-Clichy,Neuilly-Porte-Maillot
87111278,87381038,56.394,Porte-de-Clichy,Avenue-Foch
87111278,87381111,14.554,Porte-de-Clichy,Pont-Cardinet
87111278,87384008,32.669,Porte-de-Clichy,Paris-St-Lazare
87111278,87393033,51.016,Porte-de-Clichy,Invalides
87111278,87393041,53.867,Porte-de-Clichy,Pont-de-l'Alma
87111278,87731448,44.307,Porte-de-Clichy,Porte Maillot
87111864,87783563,2.804,Balsièges-Bourg,Barjac
87111864,87783605,3.987,Balsièges-Bourg,Mende
87113001,87111278,54.544,Paris-Est,Porte-de-Clichy
87113001,87271007,10.903,Paris-Est,Paris-Nord
87113001,87271023,10.903,Paris-Est,Paris-Nord-Souterraine
87113001,87271031,10.903,Paris-Est,Paris-Nord-Surface
87113001,87281873,9.431,Paris-Est,Magenta
87113001,87281899,35.055,Paris-Est,Haussmann-St-Lazare
87113001,87381111,51.94,Paris-Est,Pont-Cardinet
87113001,87384008,36.816,Paris-Est,Paris-St-Lazare
87113001,87393033,54.227,Paris-Est,Invalides
87113001,87654798,1.33,Paris-Est,Rosa Parks
87113001,87686006,56.055,Paris-Est,Paris-Gare-de-Lyon
87113001,87686030,56.39,Paris-Est,Paris-Gare-de-Lyon-Souterrain
87113209,87113217,2.427,Pantin,Noisy-le-Sec
87113209,87654798,1.075,Pantin,Rosa Parks
87113217,87113209,2.427,Noisy-le-Sec,Pantin
87113217,87113407,1.0,Noisy-le-Sec,Bondy
87113217,87113696,1.258,Noisy-le-Sec,Rosny-Bois-Perrier
87113407,87113217,1.0,Bondy,Noisy-le-Sec
87113407,87113472,1.389,Bondy,Le Raincy-Villemomble-Montfermeil
87113472,87113407,1.389,Le Raincy-Villemomble-Montfermeil,Bondy
87113472,87113514,1.0,Le Raincy-Villemomble-Montfermeil,Gagny
87113514,87113472,1.0,Gagny,Le Raincy-Villemomble-Montfermeil
87113514,87113522,1.123,Gagny,Le Chénay-Gagny
87113522,87113514,1.123,Le Chénay-Gagny,Gagny
87113522,87116111,1.197,Le Chénay-Gagny,Chelles-Gournay
87113696,87113217,1.258,Rosny-Bois-Perrier,Noisy-le-Sec
87113696,87113704,1.0,Rosny-Bois-Perrier,Rosny-sous-Bois
87113704,87113696,1.0,Rosny-sous-Bois,Rosny-Bois-Perrier
87113704,87113712,1.014,Rosny-sous-Bois,Val-de-Fontenay
87113712,87113704,1.014,Val-de-Fontenay,Rosny-sous-Bois
87113712,87113746,1.0,Val-de-Fontenay,Nogent-Le Perreux
87113746,87113712,1.0,Nogent-Le Perreux,Val-de-Fontenay
87113746,87113779,1.219,Nogent-Le Perreux,Les Boullereaux-Champigny
87113779,87113746,1.219,Les Boullereaux-Champigny,Nogent-Le Perreux
87113779,87113795,1.237,Les Boullereaux-Champigny,Villiers-sur-Marne-Le Plessis-Trévise
87113795,87113779,1.237,Villiers-sur-Marne-Le Plessis-Trévise,Les Boullereaux-Champigny
87113795,87113803,1.692,Villiers-sur-Marne-Le Plessis-Trévise,Les Yvris-Noisy-le-Grand
87113803,87113795,1.692,Les Yvris-Noisy-le-Grand,Villiers-sur-Marne-Le Plessis-Trévise
87113803,87116046,1.844,Les Yvris-Noisy-le-Grand,Émerainville-Pontault-Combault
87115873,87116160,1.0,Champbenoist-Poigny,Provins
87115873,87116178,1.74,Champbenoist-Poigny,Ste-Colombe-Septveilles
87116012,87116020,2.244,Gretz-Armainvilliers,Ozoir-la-Ferrière
87116012,87116079,7.713,Gretz-Armainvilliers,Verneuil-l'Étang
87116020,87116012,2.244,Ozoir-la-Ferrière,Gretz-Armainvilliers
87116020,87116038,2.36,Ozoir-la-Ferrière,Roissy-en-Brie
87116038,87116020,2.36,Roissy-en-Brie,Ozoir-la-Ferrière
87116038,87116046,1.449,Roissy-en-Brie,Émerainville-Pontault-Combault
87116046,87113803,1.844,Émerainville-Pontault-Combault,Les Yvris-Noisy-le-Grand
87116046,87116038,1.449,Émerainville-Pontault-Combault,Roissy-en-Brie
87116079,87116012,7.713,Verneuil-l'Étang,Gretz-Armainvilliers
87116079,87116087,3.186,Verneuil-l'Étang,Mormant
87116087,87116079,3.186,Mormant,Verneuil-l'Étang
87116087,87116095,6.015,Mormant,Nangis
87116095,87116087,6.015,Nangis,Mormant
87116095,87116137,10.28,Nangis,Longueville
87116103,87116327,4.36,Meaux,Esbly
87116103,87116491,3.33,Meaux,Trilport
87116111,87113522,1.197,Chelles-Gournay,Le Chénay-Gagny
87116111,87116293,2.309,Chelles-Gournay,Vaires-Torcy
87116137,87116095,10.28,Longueville,Nangis
87116137,87118190,11.0,Longueville,Nogent-sur-Seine
87116160,87115873,1.0,Provins,Champbenoist-Poigny
87116178,87115873,1.74,Ste-Colombe-Septveilles,Champbenoist-Poigny
87116210,87116228,4.519,Tournan,Marles-en-Brie
87116228,87116210,4.519,Marles-en-Brie,Tournan
87116228,87116244,3.751,Marles-en-Brie,Mortcerf
87116244,87116228,3.751,Mortcerf,Marles-en-Brie
87116244,87116269,2.859,Mortcerf,Guérard-La Celle-sur-Morin
87116269,87116244,2.859,Guérard-La Celle-sur-Morin,Mortcerf
87116269,87116277,1.835,Guérard-La Celle-sur-Morin,Faremoutiers-Pommeuse
87116277,87116269,1.835,Faremoutiers-Pommeuse,Guérard-La Celle-sur-Morin
87116277,87116285,2.201,Faremoutiers-Pommeuse,Mouroux
87116285,87116277,2.201,Mouroux,Faremoutiers-Pommeuse
87116285,87116301,1.666,Mouroux,Coulommiers
87116293,87116111,2.309,Vaires-Torcy,Chelles-Gournay
87116293,87116319,2.626,Vaires-Torcy,Lagny-Thorigny
87116301,87116285,1.666,Coulommiers,Mouroux
87116319,87116293,2.626,Lagny-Thorigny,Vaires-Torcy
87116319,87116327,4.792,Lagny-Thorigny,Esbly
87116327,87116103,4.36,Esbly,Meaux
87116327,87116319,4.792,Esbly,Lagny-Thorigny
87116400,87116731,1.253,Montry-Condé,Couilly-St-Germain
87116491,87116103,3.33,Trilport,Meaux
87116491,87116509,4.064,Trilport,Changis-St-Jean
87116509,87116491,4.064,Changis-St-Jean,Trilport
87116509,87116517,4.071,Changis-St-Jean,La Ferté-sous-Jouarre
87116517,87116509,4.071,La Ferté-sous-Jouarre,Changis-St-Jean
87116517,87116558,4.725,La Ferté-sous-Jouarre,Nanteuil-Saâcy
87116558,87116517,4.725,Nanteuil-Saâcy,La Ferté-sous-Jouarre
87116558,87116566,5.434,Nanteuil-Saâcy,Nogent-l'Artaud
87116566,87116558,5.434,Nogent-l'Artaud,Nanteuil-Saâcy
87116566,87116574,2.338,Nogent-l'Artaud,Chézy-sur-Marne
87116574,87116566,2.338,Chézy-sur-Marne,Nogent-l'Artaud
87116574,87116582,3.503,Chézy-sur-Marne,Château-Thierry
87116582,87116574,3.503,Château-Thierry,Chézy-sur-Marne
87116582,87171512,11.0,Château-Thierry,Dormans
87116616,87116632,1.787,Isles-Armentières,Lizy-sur-Ourcq
87116632,87116616,1.787,Lizy-sur-Ourcq,Isles-Armentières
87116632,87116640,4.708,Lizy-sur-Ourcq,Crouy-sur-Ourcq
87116640,87116632,4.708,Crouy-sur-Ourcq,Lizy-sur-Ourcq
87116640,87116665,2.85,Crouy-sur-Ourcq,Mareuil-sur-Ourcq
87116665,87116640,2.85,Mareuil-sur-Ourcq,Crouy-sur-Ourcq
87116665,87116673,3.345,Mareuil-sur-Ourcq,La Ferté-Milon
87116673,87116665,3.345,La Ferté-Milon,Mareuil-sur-Ourcq
87116673,87116681,6.439,La Ferté-Milon,Neuilly-St-Front
87116681,87116673,6.439,Neuilly-St-Front,La Ferté-Milon
87116681,87116699,3.473,Neuilly-St-Front,Oulchy-Breny
87116699,87116681,3.473,Oulchy-Breny,Neuilly-St-Front
87116699,87171371,6.363,Oulchy-Breny,Fère-en-Tardenois
87116731,87116400,1.253,Couilly-St-Germain,Montry-Condé
87116731,87116749,1.713,Couilly-St-Germain,Villiers-Montbarbin
87116749,87116731,1.713,Villiers-Montbarbin,Couilly-St-Germain
87116749,87116772,1.0,Villiers-Montbarbin,Crécy-La Chapelle
87116772,87116749,1.0,Crécy-La Chapelle,Villiers-Montbarbin
87118000,87118158,17.0,Troyes,Romilly-sur-Seine
87118000,87118257,15.0,Troyes,Vendeuvre (Aube)
87118158,87118000,18.0,Romilly-sur-Seine,Troyes
87118158,87118190,10.0,Romilly-sur-Seine,Nogent-sur-Seine
87118190,87116137,11.0,Nogent-sur-Seine,Longueville
87118190,87118158,10.0,Nogent-sur-Seine,Romilly-sur-Seine
87118257,87118000,15.0,Vendeuvre (Aube),Troyes
87118257,87118299,11.0,Vendeuvre (Aube),Bar-sur-Aube
87118299,87118257,11.0,Bar-sur-Aube,Vendeuvre (Aube)
87118299,87142000,19.0,Bar-sur-Aube,Chaumont
87131961,87743351,1.174,Brion-Montral-la-Cluse,Nurieux
87131961,87743526,5.276,Brion-Montral-la-Cluse,Bellignat
87131961,87745000,15.758,Brion-Montral-la-Cluse,Bellegarde
87141002,87141010,1.683,Nancy-Ville,Jarville-la-Malgrange
87141002,87141085,2.865,Nancy-Ville,Champigneulles
87141010,87141002,1.683,Jarville-la-Malgrange,Nancy-Ville
87141010,87141093,1.328,Jarville-la-Malgrange,Laneuveville-devant-Nancy
87141010,87141473,2.149,Jarville-la-Malgrange,Houdemont
87141036,87141044,3.704,Foug,Toul
87141036,87175828,2.591,Foug,Pagny-sur-Meuse
87141044,87141036,3.704,Toul,Foug
87141044,87141051,4.764,Toul,Fontenoy-sur-Moselle
87141044,87141291,23.0,Toul,Neufchâteau
87141051,87141044,4.764,Fontenoy-sur-Moselle,Toul
87141051,87141069,5.0,Fontenoy-sur-Moselle,Liverdun
87141069,87141051,5.0,Liverdun,Fontenoy-sur-Moselle
87141069,87141077,3.749,Liverdun,Frouard
87141077,87141069,3.749,Frouard,Liverdun
87141077,87141085,1.589,Frouard,Champigneulles
87141077,87141788,1.295,Frouard,Pompey
87141085,87141002,2.865,Champigneulles,Nancy-Ville
87141085,87141077,1.589,Champigneulles,Frouard
87141093,87141010,1.328,Laneuveville-devant-Nancy,Jarville-la-Malgrange
87141093,87141101,4.0,Laneuveville-devant-Nancy,Varangéville-St-Nicolas
87141101,87141093,4.0,Varangéville-St-Nicolas,Laneuveville-devant-Nancy
87141101,87141119,1.464,Varangéville-St-Nicolas,Dombasle-sur-Meurthe
87141119,87141101,1.464,Dombasle-sur-Meurthe,Varangéville-St-Nicolas
87141119,87141127,1.125,Dombasle-sur-Meurthe,Rosières-aux-Salines
87141127,87141119,1.125,Rosières-aux-Salines,Dombasle-sur-Meurthe
87141127,87141135,2.902,Rosières-aux-Salines,Blainville-Damelevières
87141127,87141507,10.712,Rosières-aux-Salines,Neuves-Maisons
87141135,87141127,2.902,Blainville-Damelevières,Rosières-aux-Salines
87141135,87141143,2.667,Blainville-Damelevières,Mont-sur-Meurthe
87141143,87141135,2.667,Mont-sur-Meurthe,Blainville-Damelevières
87141143,87141150,2.631,Mont-sur-Meurthe,Lunéville
87141150,87141143,2.631,Lunéville,Mont-sur-Meurthe
87141150,87215103,12.0,Lunéville,Igney-Avricourt
87141200,87141218,4.097,Einvaux,Bayon
87141218,87141200,4.097,Bayon,Einvaux
87141218,87144055,5.647,Bayon,Charmes
87141291,87141044,23.0,Neufchâteau,Toul
87141291,87142224,26.608,Neufchâteau,Bologne
87141291,87142406,22.084,Neufchâteau,Merrey
87141291,87175828,25.166,Neufchâteau,Pagny-sur-Meuse
87141374,87141382,1.217,St-Clément-Laronxe,Chenevières
87141382,87141374,1.217,Chenevières,St-Clément-Laronxe
87141382,87141390,1.387,Chenevières,Ménil-Flin
87141390,87141382,1.387,Ménil-Flin,Chenevières
87141390,87141408,1.703,Ménil-Flin,Azerailles
87141408,87141390,1.703,Azerailles,Ménil-Flin
87141408,87141416,3.138,Azerailles,Baccarat
87141416,87141408,3.138,Baccarat,Azerailles
87141416,87141424,2.494,Baccarat,Bertrichamps
87141424,87141416,2.494,Bertrichamps,Baccarat
87141424,87141432,1.307,Bertrichamps,Thiaville
87141432,87141424,1.307,Thiaville,Bertrichamps
87141432,87144626,1.248,Thiaville,Raon-l'Étape
87141473,87141010,2.149,Houdemont,Jarville-la-Malgrange
87141473,87141481,1.642,Houdemont,Ludres
87141481,87141473,1.642,Ludres,Houdemont
87141481,87141499,1.519,Ludres,Messein
87141499,87141481,1.519,Messein,Ludres
87141499,87141507,1.217,Messein,Neuves-Maisons
87141507,87141127,10.712,Neuves-Maisons,Rosières-aux-Salines
87141507,87141499,1.217,Neuves-Maisons,Messein
87141507,87141523,1.0,Neuves-Maisons,Pont-St-Vincent
87141523,87141507,1.0,Pont-St-Vincent,Neuves-Maisons
87141523,87141531,1.032,Pont-St-Vincent,Bainville-sur-Madon
87141531,87141523,1.032,Bainville-sur-Madon,Pont-St-Vincent
87141531,87141549,1.099,Bainville-sur-Madon,Xeuilley
87141549,87141531,1.099,Xeuilley,Bainville-sur-Madon
87141549,87141556,1.612,Xeuilley,Pierreville
87141556,87141549,1.612,Pierreville,Xeuilley
87141556,87141564,1.0,Pierreville,Pulligny-Autrey
87141564,87141556,1.0,Pulligny-Autrey,Pierreville
87141564,87141572,1.287,Pulligny-Autrey,Ceintrey
87141572,87141564,1.287,Ceintrey,Pulligny-Autrey
87141572,87141598,2.887,Ceintrey,Tantonville
87141598,87141572,2.887,Tantonville,Ceintrey
87141598,87141606,1.292,Tantonville,Vézelise
87141606,87141598,1.292,Vézelise,Tantonville
87141606,87141622,3.29,Vézelise,Praye-sous-Vaudémont
87141622,87141606,3.29,Praye-sous-Vaudémont,Vézelise
87141622,87141648,2.512,Praye-sous-Vaudémont,Diarville
87141648,87141622,2.512,Diarville,Praye-sous-Vaudémont
87141648,87144204,6.161,Diarville,Poussay
87141788,87141077,1.295,Pompey,Frouard
87141788,87141796,2.169,Pompey,Marbache
87141796,87141788,2.169,Marbache,Pompey
87141796,87141804,1.538,Marbache,Belleville
87141804,87141796,1.538,Belleville,Marbache
87141804,87141812,2.088,Belleville,Dieulouard
87141812,87141804,2.088,Dieulouard,Belleville
87141812,87141820,3.647,Dieulouard,Pont-à-Mousson
87141820,87141812,3.647,Pont-à-Mousson,Dieulouard
87141820,87192476,3.29,Pont-à-Mousson,Vandières
87142000,87118299,19.0,Chaumont,Bar-sur-Aube
87142000,87142091,18.0,Chaumont,Langres
87142091,87142000,18.0,Langres,Chaumont
87142091,87142125,5.962,Langres,Culmont-Chalindrey
87142109,87147322,17.0,Lorraine-Louvigny-TGV,Meuse-TGV
87142125,87142091,5.962,Culmont-Chalindrey,Langres
87142125,87185009,36.0,Culmont-Chalindrey,Vesoul
87142224,87141291,26.608,Bologne,Neufchâteau
87142224,87143024,2.43,Bologne,Vraincourt-Viéville
87142232,87142240,1.946,Vignory,Froncles
87142232,87143024,2.12,Vignory,Vraincourt-Viéville
87142240,87142232,1.946,Froncles,Vignory
87142240,87142273,4.566,Froncles,Donjeux
87142273,87142240,4.566,Donjeux,Froncles
87142273,87175091,4.975,Donjeux,Joinville
87142406,87141291,22.084,Merrey,Neufchâteau
87142497,87144311,2.79,Damblain,Rozières-sur-Mouzon
87143024,87142224,2.43,Vraincourt-Viéville,Bologne
87143024,87142232,2.12,Vraincourt-Viéville,Vignory
87144006,87144097,4.19,Épinal,Thaon
87144006,87144121,10.114,Épinal,Xertigny
87144014,87144683,3.785,St-Dié-des-Vosges,St-Michel-sur-Meurthe
87144030,87144048,3.243,Docelles-Cheniménil,Lépanges
87144048,87144030,3.243,Lépanges,Docelles-Cheniménil
87144048,87144154,3.017,Lépanges,Bruyères
87144055,87141218,5.647,Charmes,Bayon
87144055,87144063,2.627,Charmes,Vincey
87144063,87144055,2.627,Vincey,Charmes
87144063,87144071,3.104,Vincey,Châtel-Nomexy
87144071,87144063,3.104,Châtel-Nomexy,Vincey
87144071,87144089,2.3,Châtel-Nomexy,Igney
87144089,87144071,2.3,Igney,Châtel-Nomexy
87144089,87144097,1.751,Igney,Thaon
87144097,87144006,4.19,Thaon,Épinal
87144097,87144089,1.751,Thaon,Igney
87144105,87144329,2.181,Raves-Ban-de-Laveline,Lesseux-Frapelle
87144121,87144006,10.114,Xertigny,Épinal
87144121,87144147,5.82,Xertigny,Bains-les-Bains
87144147,87144121,5.82,Bains-les-Bains,Xertigny
87144147,87185629,7.659,Bains-les-Bains,Aillevillers
87144154,87144048,3.017,Bruyères,Lépanges
87144154,87144162,2.143,Bruyères,Laveline-devant-Bruyères
87144162,87144154,2.143,Laveline-devant-Bruyères,Bruyères
87144162,87144188,2.678,Laveline-devant-Bruyères,Biffontaine
87144188,87144162,2.678,Biffontaine,Laveline-devant-Bruyères
87144188,87144196,3.115,Biffontaine,Corcieux-Vanémont
87144196,87144188,3.115,Corcieux-Vanémont,Biffontaine
87144204,87141648,6.161,Poussay,Diarville
87144204,87144212,1.531,Poussay,Mirecourt
87144212,87144204,1.531,Mirecourt,Poussay
87144212,87144220,2.037,Mirecourt,Hymont-Mattaincourt
87144220,87144212,2.037,Hymont-Mattaincourt,Mirecourt
87144220,87144279,10.44,Hymont-Mattaincourt,Vittel
87144279,87144220,10.44,Vittel,Hymont-Mattaincourt
87144279,87144287,2.936,Vittel,Contrexéville
87144287,87144279,2.936,Contrexéville,Vittel
87144287,87144295,5.296,Contrexéville,Martigny-les-Bains
87144295,87144287,5.296,Martigny-les-Bains,Contrexéville
87144295,87144303,3.103,Martigny-les-Bains,Lamarche
87144303,87144295,3.103,Lamarche,Martigny-les-Bains
87144303,87144311,3.193,Lamarche,Rozières-sur-Mouzon
87144311,87142497,2.79,Rozières-sur-Mouzon,Damblain
87144311,87144303,3.193,Rozières-sur-Mouzon,Lamarche
87144329,87144105,2.181,Lesseux-Frapelle,Raves-Ban-de-Laveline
87144329,87144345,1.0,Lesseux-Frapelle,Provenchères-sur-Fave
87144345,87144329,1.0,Provenchères-sur-Fave,Lesseux-Frapelle
87144345,87144386,2.131,Provenchères-sur-Fave,Colroy-Lubine
87144386,87144345,2.131,Colroy-Lubine,Provenchères-sur-Fave
87144386,87214783,4.089,Colroy-Lubine,Saales
87144410,87144428,1.821,Arches,Pouxeux
87144428,87144410,1.821,Pouxeux,Arches
87144428,87144436,1.868,Pouxeux,Éloyes
87144436,87144428,1.868,Éloyes,Pouxeux
87144436,87146217,2.789,Éloyes,St-Nabord
87144451,87146217,2.133,Remiremont,St-Nabord
87144626,87141432,1.248,Raon-l'Étape,Thiaville
87144626,87144642,2.943,Raon-l'Étape,Étival-Clairefontaine
87144642,87144626,2.943,Étival-Clairefontaine,Raon-l'Étape
87144642,87144683,2.53,Étival-Clairefontaine,St-Michel-sur-Meurthe
87144683,87144014,3.785,St-Michel-sur-Meurthe,St-Dié-des-Vosges
87144683,87144642,2.53,St-Michel-sur-Meurthe,Étival-Clairefontaine
87146217,87144436,2.789,St-Nabord,Éloyes
87146217,87144451,2.133,St-Nabord,Remiremont
87147322,87142109,17.0,Meuse-TGV,Lorraine-Louvigny-TGV
87147322,87171926,23.0,Meuse-TGV,Champagne-Ardenne-TGV
87159947,87471037,1.033,Ker-Lann,Bruz
87159947,87471052,1.799,Ker-Lann,St-Jacques-de-la-Lande
87164780,87164798,17.265,Stade-de-France-St-Denis,La Plaine-Stade-de-France
87164780,87271015,1.064,Stade-de-France-St-Denis,St-Denis
87164780,87271023,2.28,Stade-de-France-St-Denis,Paris-Nord-Souterraine
87164798,87164780,17.265,La Plaine-Stade-de-France,Stade-de-France-St-Denis
87164798,87271015,35.238,La Plaine-Stade-de-France,St-Denis
87164798,87271304,1.0,La Plaine-Stade-de-France,La Courneuve-Aubervilliers
87171009,87171272,43.66,Reims,Reims-Maison-Blanche
87171009,87171298,5.732,Reims,Muizon
87171009,87171462,9.0,Reims,Bazancourt
87171009,87417444,32.587,Reims,Franchet-d'Esperey
87171272,87171009,43.66,Reims-Maison-Blanche,Reims
87171272,87171595,4.258,Reims-Maison-Blanche,Rilly-la-Montagne
87171272,87417444,1.0,Reims-Maison-Blanche,Franchet-d'Esperey
87171298,87171009,5.732,Muizon,Reims
87171298,87171314,3.057,Muizon,Jonchery-sur-Vesle
87171314,87171298,3.057,Jonchery-sur-Vesle,Muizon
87171314,87171322,2.384,Jonchery-sur-Vesle,Breuil-Romain
87171322,87171314,2.384,Breuil-Romain,Jonchery-sur-Vesle
87171322,87400986,1.343,Breuil-Romain,Magneux-Courlandon
87171330,87171348,2.691,Fismes,Bazoches
87171330,87400986,2.037,Fismes,Magneux-Courlandon
87171348,87171330,2.691,Bazoches,Fismes
87171355,87171371,6.301,Mont-Notre-Dame,Fère-en-Tardenois
87171371,87116699,6.363,Fère-en-Tardenois,Oulchy-Breny
87171371,87171355,6.301,Fère-en-Tardenois,Mont-Notre-Dame
87171462,87171009,9.209,Bazancourt,Reims
87171462,87172270,11.0,Bazancourt,Rethel
87171512,87116582,11.0,Dormans,Château-Thierry
87171512,87171553,12.0,Dormans,Epernay
87171553,87171512,12.0,Epernay,Dormans
87171553,87174003,14.0,Epernay,Châlons-en-Champagne
87171561,87171579,2.04,Ay,Avenay
87171579,87171561,2.04,Avenay,Ay
87171579,87171587,4.263,Avenay,Germaine
87171587,87171579,4.263,Germaine,Avenay
87171587,87171595,2.452,Germaine,Rilly-la-Montagne
87171595,87171272,4.258,Rilly-la-Montagne,Reims-Maison-Blanche
87171595,87171587,2.452,Rilly-la-Montagne,Germaine
87171611,87171629,1.975,Val-de-Vesle,Prunay
87171611,87171645,2.145,Val-de-Vesle,Sept-Saulx
87171629,87171611,1.975,Prunay,Val-de-Vesle
87171645,87171611,2.145,Sept-Saulx,Val-de-Vesle
87171645,87174409,3.048,Sept-Saulx,Mourmelon-le-Petit
87171702,87171728,3.794,Aguilcourt-Variscourt,Loivre
87171702,87171736,1.688,Aguilcourt-Variscourt,Guignicourt
87171710,87171728,1.515,Courcy-Brimont,Loivre
87171728,87171702,3.794,Loivre,Aguilcourt-Variscourt
87171728,87171710,1.515,Loivre,Courcy-Brimont
87171736,87171702,1.688,Guignicourt,Aguilcourt-Variscourt
87171736,87171744,3.641,Guignicourt,Amifontaine
87171744,87171736,3.641,Amifontaine,Guignicourt
87171744,87171751,3.357,Amifontaine,St-Erme
87171751,87171744,3.357,St-Erme,Amifontaine
87171751,87171769,3.775,St-Erme,Coucy-lès-Eppes
87171769,87171751,3.775,Coucy-lès-Eppes,St-Erme
87171769,87296012,5.967,Coucy-lès-Eppes,Laon
87171926,87147322,24.0,Champagne-Ardenne-TGV,Meuse-TGV
87172007,87172023,4.0,Charleville-Mézières,Nouzonville
87172007,87172155,1.007,Charleville-Mézières,Mohon
87172023,87172007,4.0,Nouzonville,Charleville-Mézières
87172023,87172031,2.053,Nouzonville,Joigny-sur-Meuse
87172031,87172023,2.053,Joigny-sur-Meuse,Nouzonville
87172031,87172049,2.435,Joigny-sur-Meuse,Bogny-sur-Meuse
87172049,87172031,2.435,Bogny-sur-Meuse,Joigny-sur-Meuse
87172049,87172056,1.023,Bogny-sur-Meuse,Monthermé
87172056,87172049,1.023,Monthermé,Bogny-sur-Meuse
87172056,87172064,1.953,Monthermé,Deville
87172064,87172056,1.953,Deville,Monthermé
87172064,87172072,2.346,Deville,Laifour
87172072,87172064,2.346,Laifour,Deville
87172072,87172858,2.072,Laifour,Anchamps
87172080,87172098,4.106,Revin,Fumay
87172080,87172858,2.072,Revin,Anchamps
87172098,87172080,4.106,Fumay,Revin
87172098,87172106,1.821,Fumay,Haybes
87172106,87172098,1.821,Haybes,Fumay
87172106,87172874,1.467,Haybes,Fépin
87172114,87172122,2.172,Vireux-Molhain,Aubrives
87172114,87172874,3.752,Vireux-Molhain,Fépin
87172122,87172114,2.172,Aubrives,Vireux-Molhain
87172122,87172130,3.401,Aubrives,Givet
87172130,87172122,3.401,Givet,Aubrives
87172155,87172007,1.007,Mohon,Charleville-Mézières
87172155,87172171,7.871,Mohon,Poix-Terron
87172171,87172155,7.871,Poix-Terron,Mohon
87172171,87172262,13.0,Poix-Terron,Amagne-Lucquy
87172189,87172213,2.395,Lumes,Nouvion-sur-Meuse
87172213,87172189,2.395,Nouvion-sur-Meuse,Lumes
87172213,87172221,1.928,Nouvion-sur-Meuse,Vrigne-Meuse
87172221,87172213,1.928,Vrigne-Meuse,Nouvion-sur-Meuse
87172221,87172239,1.255,Vrigne-Meuse,Donchery
87172239,87172221,1.255,Donchery,Vrigne-Meuse
87172239,87172254,2.428,Donchery,Sedan
87172254,87172239,2.428,Sedan,Donchery
87172254,87172353,11.992,Sedan,Carignan
87172262,87172171,13.0,Amagne-Lucquy,Poix-Terron
87172262,87172270,4.333,Amagne-Lucquy,Rethel
87172270,87171462,11.0,Rethel,Bazancourt
87172270,87172262,4.333,Rethel,Amagne-Lucquy
87172353,87172254,11.992,Carignan,Sedan
87172353,87194209,14.577,Carignan,Montmédy
87172544,87295063,14.974,Liart,Hirson
87172858,87172072,2.072,Anchamps,Laifour
87172858,87172080,2.072,Anchamps,Revin
87172874,87172106,1.467,Fépin,Haybes
87172874,87172114,3.752,Fépin,Vireux-Molhain
87174003,87171553,14.0,Châlons-en-Champagne,Epernay
87174003,87174276,15.0,Châlons-en-Champagne,Vitry-le-François
87174276,87174003,15.0,Vitry-le-François,Châlons-en-Champagne
87174276,87175018,15.0,Vitry-le-François,Revigny
87174409,87171645,3.048,Mourmelon-le-Petit,Sept-Saulx
87175000,87175117,10.477,St-Dizier,Chevillon
87175018,87174276,14.0,Revigny,Vitry-le-François
87175018,87175042,8.0,Revigny,Bar-le-Duc
87175042,87175018,8.0,Bar-le-Duc,Revigny
87175042,87175067,6.0,Bar-le-Duc,Nançois-Tronville
87175067,87175042,6.0,Nançois-Tronville,Bar-le-Duc
87175067,87175240,12.0,Nançois-Tronville,Lérouville
87175091,87142273,4.975,Joinville,Donjeux
87175091,87175117,5.488,Joinville,Chevillon
87175117,87175000,10.477,Chevillon,St-Dizier
87175117,87175091,5.488,Chevillon,Joinville
87175240,87175067,11.0,Lérouville,Nançois-Tronville
87175240,87175257,2.887,Lérouville,Commercy
87175257,87175240,2.887,Commercy,Lérouville
87175257,87175828,7.0,Commercy,Pagny-sur-Meuse
87175778,87175794,11.893,Verdun,Étain
87175794,87175778,11.893,Étain,Verdun
87175794,87192666,10.276,Étain,Conflans-Jarny
87175828,87141036,2.591,Pagny-sur-Meuse,Foug
87175828,87141291,25.166,Pagny-sur-Meuse,Neufchâteau
87175828,87175257,7.0,Pagny-sur-Meuse,Commercy
87181016,87182113,2.346,St-Louis-la-Chaussée,Bartenheim
87181016,87182139,1.544,St-Louis-la-Chaussée,St-Louis
87181024,87181040,2.518,Hasenrain,Flaxlanden
87181024,87182055,32.942,Hasenrain,Mulhouse-Dornach
87181024,87182063,1.0,Hasenrain,Mulhouse-Ville
87181024,87472639,22.602,Hasenrain,Zu-Rhein
87181024,87534321,31.569,Hasenrain,Mulhouse-Dornach (Tram/Train)
87181024,87534339,43.479,Hasenrain,Mulhouse-Musées (Tram/Train)
87181040,87181024,2.518,Flaxlanden,Hasenrain
87181040,87182196,1.0,Flaxlanden,Zillisheim
87181057,87181065,1.0,Tagolsheim,Walheim
87181057,87182204,1.303,Tagolsheim,Illfurth
87181065,87181057,1.0,Walheim,Tagolsheim
87181065,87182238,1.693,Walheim,Altkirch
87181131,87182410,2.48,Graffenwald,Cernay
87181131,87182667,2.509,Graffenwald,Lutterbach (Haut-Rhin)
87181222,87182014,17.981,Colmar-St-Joseph,Colmar
87181222,87402297,1.0,Colmar-St-Joseph,Colmar-Mésanges
87181289,87182410,1.705,Vieux-Thann ZI,Cernay
87181289,87182550,1.0,Vieux-Thann ZI,Vieux-Thann
87181552,87182352,1.0,St-Gilles,Turckheim
87181552,87182360,1.568,St-Gilles,Walbach
87182014,87181222,17.981,Colmar,Colmar-St-Joseph
87182014,87182329,3.571,Colmar,Herrlisheim-près-Colmar
87182014,87214056,10.0,Colmar,Sélestat
87182014,87402297,27.903,Colmar,Colmar-Mésanges
87182055,87181024,32.942,Mulhouse-Dornach,Hasenrain
87182055,87182063,1.738,Mulhouse-Dornach,Mulhouse-Ville
87182055,87182667,1.451,Mulhouse-Dornach,Lutterbach (Haut-Rhin)
87182055,87472639,15.423,Mulhouse-Dornach,Zu-Rhein
87182055,87534321,6.374,Mulhouse-Dornach,Mulhouse-Dornach (Tram/Train)
87182055,87534339,15.595,Mulhouse-Dornach,Mulhouse-Musées (Tram/Train)
87182063,87181024,1.0,Mulhouse-Ville,Hasenrain
87182063,87182055,1.738,Mulhouse-Ville,Mulhouse-Dornach
87182063,87182071,2.924,Mulhouse-Ville,Rixheim
87182063,87472639,32.092,Mulhouse-Ville,Zu-Rhein
87182063,87534321,40.504,Mulhouse-Ville,Mulhouse-Dornach (Tram/Train)
87182063,87534339,52.014,Mulhouse-Ville,Mulhouse-Musées (Tram/Train)
87182071,87182063,2.924,Rixheim,Mulhouse-Ville
87182071,87182089,1.0,Rixheim,Habsheim
87182089,87182071,1.0,Habsheim,Rixheim
87182089,87182105,5.272,Habsheim,Sierentz
87182105,87182089,5.0,Sierentz,Habsheim
87182105,87182113,1.746,Sierentz,Bartenheim
87182113,87181016,2.346,Bartenheim,St-Louis-la-Chaussée
87182113,87182105,1.746,Bartenheim,Sierentz
87182139,87181016,1.544,St-Louis,St-Louis-la-Chaussée
87182196,87181040,1.0,Zillisheim,Flaxlanden
87182196,87182204,1.579,Zillisheim,Illfurth
87182204,87181057,1.303,Illfurth,Tagolsheim
87182204,87182196,1.579,Illfurth,Zillisheim
87182238,87181065,1.693,Altkirch,Walheim
87182238,87182253,5.0,Altkirch,Dannemarie
87182253,87182238,5.0,Dannemarie,Altkirch
87182253,87184275,4.427,Dannemarie,Montreux-Vieux
87182329,87182014,3.571,Herrlisheim-près-Colmar,Colmar
87182329,87182337,3.492,Herrlisheim-près-Colmar,Rouffach
87182337,87182329,3.492,Rouffach,Herrlisheim-près-Colmar
87182337,87182725,2.893,Rouffach,Merxheim
87182345,87303875,1.0,Logelbach,Ingersheim-Cité-Scolaire
87182345,87402297,1.0,Logelbach,Colmar-Mésanges
87182352,87181552,1.0,Turckheim,St-Gilles
87182352,87303875,1.0,Turckheim,Ingersheim-Cité-Scolaire
87182360,87181552,1.568,Walbach,St-Gilles
87182360,87182378,1.205,Walbach,Wihr-au-Val-Soultzbach-les-Bains
87182378,87182360,1.205,Wihr-au-Val-Soultzbach-les-Bains,Walbach
87182378,87182386,1.528,Wihr-au-Val-Soultzbach-les-Bains,Gunsbach-Griesbach
87182386,87182378,1.528,Gunsbach-Griesbach,Wihr-au-Val-Soultzbach-les-Bains
87182386,87386540,1.0,Gunsbach-Griesbach,Munster-Badischhof
87182394,87182543,1.0,Munster,Luttenbach-près-Munster
87182394,87386540,1.0,Munster,Munster-Badischhof
87182402,87182600,1.0,Ranspach,St-Amarin
87182402,87182618,1.0,Ranspach,Wesserling
87182410,87181131,2.48,Cernay,Graffenwald
87182410,87181289,1.705,Cernay,Vieux-Thann ZI
87182543,87182394,1.0,Luttenbach-près-Munster,Munster
87182543,87182659,1.0,Luttenbach-près-Munster,Breitenbach
87182550,87181289,1.0,Vieux-Thann,Vieux-Thann ZI
87182550,87182568,1.0,Vieux-Thann,Thann
87182568,87182550,1.0,Thann,Vieux-Thann
87182568,87182881,19.926,Thann,Thann-St-Jacques
87182568,87472605,0.0,Thann,Thann-Centre
87182576,87182584,1.046,Bitschwiller (Haut-Rhin),Willer-sur-Thur
87182576,87182881,1.16,Bitschwiller (Haut-Rhin),Thann-St-Jacques
87182584,87182576,1.046,Willer-sur-Thur,Bitschwiller (Haut-Rhin)
87182584,87182592,1.324,Willer-sur-Thur,Moosch
87182592,87182584,1.324,Moosch,Willer-sur-Thur
87182592,87182600,1.166,Moosch,St-Amarin
87182600,87182402,1.0,St-Amarin,Ranspach
87182600,87182592,1.166,St-Amarin,Moosch
87182618,87182402,1.0,Wesserling,Ranspach
87182618,87182626,1.0,Wesserling,Fellering
87182626,87182618,1.0,Fellering,Wesserling
87182626,87182634,1.227,Fellering,Oderen
87182634,87182626,1.227,Oderen,Fellering
87182634,87182642,1.0,Oderen,Kruth
87182642,87182634,1.0,Kruth,Oderen
87182659,87182543,1.0,Breitenbach,Luttenbach-près-Munster
87182659,87182733,1.0,Breitenbach,Muhlbach-sur-Munster
87182667,87181131,2.509,Lutterbach (Haut-Rhin),Graffenwald
87182667,87182055,1.451,Lutterbach (Haut-Rhin),Mulhouse-Dornach
87182667,87182691,4.485,Lutterbach (Haut-Rhin),Staffelfelden
87182667,87534347,5.344,Lutterbach (Haut-Rhin),Lutterbach-Tram-Train
87182691,87182667,4.485,Staffelfelden,Lutterbach (Haut-Rhin)
87182691,87182709,1.781,Staffelfelden,Bollwiller
87182709,87182691,1.781,Bollwiller,Staffelfelden
87182709,87182717,1.996,Bollwiller,Raedersheim
87182717,87182709,1.996,Raedersheim,Bollwiller
87182717,87182725,1.773,Raedersheim,Merxheim
87182725,87182337,2.893,Merxheim,Rouffach
87182725,87182717,1.773,Merxheim,Raedersheim
87182733,87182659,1.0,Muhlbach-sur-Munster,Breitenbach
87182733,87182816,1.0,Muhlbach-sur-Munster,Metzeral
87182816,87182733,1.0,Metzeral,Muhlbach-sur-Munster
87182881,87182568,19.926,Thann-St-Jacques,Thann
87182881,87182576,1.16,Thann-St-Jacques,Bitschwiller (Haut-Rhin)
87182881,87472605,1.0,Thann-St-Jacques,Thann-Centre
87184002,87184242,1.0,Belfort,Trois-Chênes
87184002,87184259,3.153,Belfort,Chèvremont
87184200,87184242,2.761,Bas-Évette,Trois-Chênes
87184200,87185348,4.681,Bas-Évette,Champagney
87184242,87184002,1.0,Trois-Chênes,Belfort
87184242,87184200,2.761,Trois-Chênes,Bas-Évette
87184259,87184002,3.153,Chèvremont,Belfort
87184259,87184267,3.167,Chèvremont,Petit-Croix
87184267,87184259,3.167,Petit-Croix,Chèvremont
87184267,87184275,1.379,Petit-Croix,Montreux-Vieux
87184275,87182253,4.427,Montreux-Vieux,Dannemarie
87184275,87184267,1.379,Montreux-Vieux,Petit-Croix
87184408,87184424,3.801,Meroux,Morvillars
87184408,87300822,6.159,Meroux,Belfort-Montbéliard-TGV
87184408,87700146,2.401,Meroux,Danjoutin
87184424,87184408,3.801,Morvillars,Meroux
87184424,87184432,1.925,Morvillars,Grandvillars
87184432,87184424,1.925,Grandvillars,Morvillars
87184432,87700153,1.257,Grandvillars,Joncherey
87184440,87700153,1.212,Delle,Joncherey
87184507,87184523,4.215,Héricourt,Montbéliard
87184523,87184507,4.215,Montbéliard,Héricourt
87184523,87184531,2.573,Montbéliard,Voujeaucourt
87184531,87184523,2.573,Voujeaucourt,Montbéliard
87184531,87184556,3.832,Voujeaucourt,Colombier-Fontaine
87184556,87184531,3.832,Colombier-Fontaine,Voujeaucourt
87184556,87184572,4.832,Colombier-Fontaine,L'Isle-sur-le-Doubs
87184572,87184556,4.832,L'Isle-sur-le-Doubs,Colombier-Fontaine
87184572,87184622,5.365,L'Isle-sur-le-Doubs,Clerval
87184622,87184572,5.365,Clerval,L'Isle-sur-le-Doubs
87184622,87718460,8.503,Clerval,Baume-les-Dames
87185009,87142125,36.0,Vesoul,Culmont-Chalindrey
87185009,87185249,16.0,Vesoul,Lure
87185249,87185009,16.0,Lure,Vesoul
87185249,87185314,5.54,Lure,Ronchamp
87185314,87185249,5.54,Ronchamp,Lure
87185314,87185348,3.34,Ronchamp,Champagney
87185348,87184200,4.681,Champagney,Bas-Évette
87185348,87185314,3.34,Champagney,Ronchamp
87185595,87185629,7.721,Luxeuil-les-Bains,Aillevillers
87185629,87144147,7.659,Aillevillers,Bains-les-Bains
87185629,87185595,7.721,Aillevillers,Luxeuil-les-Bains
87191007,87191130,3.34,Thionville,Uckange
87191007,87191163,3.805,Thionville,Hettange-Grande
87191098,87191106,1.0,Walygator-Parc,Maizières-lès-Metz
87191098,87191114,1.751,Walygator-Parc,Hagondange
87191106,87191098,1.0,Maizières-lès-Metz,Walygator-Parc
87191106,87192088,4.0,Maizières-lès-Metz,Woippy
87191114,87191098,1.751,Hagondange,Walygator-Parc
87191114,87191130,4.0,Hagondange,Uckange
87191130,87191007,3.34,Uckange,Thionville
87191130,87191114,4.0,Uckange,Hagondange
87191163,87191007,3.805,Hettange-Grande,Thionville
87191239,87194357,8.795,Hayange,Audun-le-Roman
87191304,87191312,1.306,Yutz,Kuntzig
87191312,87191304,1.306,Kuntzig,Yutz
87191312,87191320,1.706,Kuntzig,Distroff
87191320,87191312,1.706,Distroff,Kuntzig
87191320,87191338,1.491,Distroff,Metzervisse
87191338,87191320,1.491,Metzervisse,Distroff
87191338,87191346,2.673,Metzervisse,Kédange
87191346,87191338,2.673,Kédange,Metzervisse
87191346,87191353,1.917,Kédange,Hombourg-Budange
87191353,87191346,1.917,Hombourg-Budange,Kédange
87191353,87191379,2.963,Hombourg-Budange,Ébersviller
87191379,87191353,2.963,Ébersviller,Hombourg-Budange
87191379,87191387,2.191,Ébersviller,Anzeling
87191387,87191379,2.191,Anzeling,Ébersviller
87191387,87191395,1.832,Anzeling,Freistroff
87191395,87191387,1.832,Freistroff,Anzeling
87191395,87193177,2.184,Freistroff,Bouzonville
87191684,87191692,1.186,Auboué,Homécourt
87191684,87192732,1.605,Auboué,Valleroy-Moineville
87191692,87191684,1.186,Homécourt,Auboué
87191692,87191700,1.0,Homécourt,Joeuf
87191700,87191692,1.0,Joeuf,Homécourt
87191700,87191718,2.09,Joeuf,Moyeuvre-Grande
87191718,87191700,2.09,Moyeuvre-Grande,Joeuf
87191718,87191734,2.413,Moyeuvre-Grande,Rombas-Clouange
87191734,87191718,2.413,Rombas-Clouange,Moyeuvre-Grande
87191734,87191742,1.475,Rombas-Clouange,Gandrange-Amnéville
87191742,87191734,1.475,Gandrange-Amnéville,Rombas-Clouange
87192039,87192070,47.574,Metz-Ville,Metz-Nord
87192039,87192203,3.518,Metz-Ville,Peltre
87192039,87192401,4.652,Metz-Ville,Ars-sur-Moselle
87192070,87192039,47.574,Metz-Nord,Metz-Ville
87192070,87192088,1.0,Metz-Nord,Woippy
87192088,87191106,4.0,Woippy,Maizières-lès-Metz
87192088,87192070,1.0,Woippy,Metz-Nord
87192203,87192039,3.518,Peltre,Metz-Ville
87192203,87192211,3.791,Peltre,Courcelles-sur-Nied
87192211,87192203,3.791,Courcelles-sur-Nied,Peltre
87192211,87192229,1.692,Courcelles-sur-Nied,Sanry-sur-Nied
87192229,87192211,1.692,Sanry-sur-Nied,Courcelles-sur-Nied
87192229,87192237,3.1,Sanry-sur-Nied,Rémilly
87192237,87192229,3.0,Rémilly,Sanry-sur-Nied
87192237,87192286,12.0,Rémilly,Morhange
87192237,87193383,3.694,Rémilly,Herny
87192286,87192237,11.0,Morhange,Rémilly
87192286,87192302,4.0,Morhange,Bénestroff
87192302,87192286,4.0,Bénestroff,Morhange
87192302,87193714,14.404,Bénestroff,Sarralbe
87192302,87215335,11.0,Bénestroff,Berthelming
87192401,87192039,4.652,Ars-sur-Moselle,Metz-Ville
87192401,87192419,1.191,Ars-sur-Moselle,Ancy-sur-Moselle
87192419,87192401,1.191,Ancy-sur-Moselle,Ars-sur-Moselle
87192419,87192427,1.831,Ancy-sur-Moselle,Novéant
87192427,87192419,1.831,Novéant,Ancy-sur-Moselle
87192427,87192435,3.727,Novéant,Onville
87192435,87192427,3.727,Onville,Novéant
87192435,87192468,3.997,Onville,Pagny-sur-Moselle
87192435,87192666,13.486,Onville,Conflans-Jarny
87192468,87192435,3.997,Pagny-sur-Moselle,Onville
87192468,87192476,2.048,Pagny-sur-Moselle,Vandières
87192476,87141820,3.29,Vandières,Pont-à-Mousson
87192476,87192468,2.048,Vandières,Pagny-sur-Moselle
87192658,87192666,10.353,Baroncourt,Conflans-Jarny
87192666,87175794,10.276,Conflans-Jarny,Étain
87192666,87192435,13.486,Conflans-Jarny,Onville
87192666,87192658,10.353,Conflans-Jarny,Baroncourt
87192666,87192724,2.617,Conflans-Jarny,Hatrize
87192724,87192666,2.617,Hatrize,Conflans-Jarny
87192724,87192732,1.443,Hatrize,Valleroy-Moineville
87192732,87191684,1.605,Valleroy-Moineville,Auboué
87192732,87192724,1.443,Valleroy-Moineville,Hatrize
87193003,87193250,4.501,Forbach,Béning
87193177,87191395,2.184,Bouzonville,Freistroff
87193250,87193003,4.501,Béning,Forbach
87193250,87193276,2.406,Béning,Hombourg-Haut
87193250,87193516,2.653,Béning,Farébersviller
87193276,87193250,2.406,Hombourg-Haut,Béning
87193276,87193318,3.559,Hombourg-Haut,St-Avold
87193318,87193276,3.559,St-Avold,Hombourg-Haut
87193318,87193342,3.346,St-Avold,Teting
87193342,87193318,3.346,Teting,St-Avold
87193342,87193359,2.529,Teting,Faulquemont
87193359,87193342,2.529,Faulquemont,Teting
87193359,87193383,5.691,Faulquemont,Herny
87193383,87192237,3.694,Herny,Rémilly
87193383,87193359,5.691,Herny,Faulquemont
87193516,87193250,2.653,Farébersviller,Béning
87193516,87193524,2.628,Farébersviller,Farschviller
87193524,87193516,2.628,Farschviller,Farébersviller
87193524,87193540,3.146,Farschviller,Hundling
87193540,87193524,3.146,Hundling,Farschviller
87193540,87193615,3.839,Hundling,Sarreguemines
87193615,87193540,3.839,Sarreguemines,Hundling
87193615,87193623,1.354,Sarreguemines,Rémelfing
87193615,87213256,34.145,Sarreguemines,Niederbronn-les-Bains
87193623,87193615,1.354,Rémelfing,Sarreguemines
87193623,87193631,1.0,Rémelfing,Sarreinsming
87193631,87193623,1.0,Sarreinsming,Rémelfing
87193631,87193649,1.223,Sarreinsming,Zetting
87193649,87193631,1.223,Zetting,Sarreinsming
87193649,87193656,1.883,Zetting,Wittring
87193656,87193649,1.883,Wittring,Zetting
87193656,87193664,1.671,Wittring,Kalhausen
87193664,87193656,1.671,Kalhausen,Wittring
87193664,87215632,2.162,Kalhausen,Oermingen
87193672,87193714,2.029,Herbitzheim,Sarralbe
87193714,87192302,14.404,Sarralbe,Bénestroff
87193714,87193672,2.029,Sarralbe,Herbitzheim
87193714,87215491,2.247,Sarralbe,Keskastel
87194209,87172353,14.577,Montmédy,Carignan
87194209,87194274,11.353,Montmédy,Longuyon
87194274,87194209,11.353,Longuyon,Montmédy
87194274,87194357,13.563,Longuyon,Audun-le-Roman
87194357,87191239,8.795,Audun-le-Roman,Hayange
87194357,87194274,13.563,Audun-le-Roman,Longuyon
87208553,87721530,1.0,Casino-Lacroix-Laval,Charbonnières-les-Bains
87208553,87721548,1.0,Casino-Lacroix-Laval,La Tour-de-Salvagny
87212027,87212100,3.959,Strasbourg-Ville,Mundolsheim
87212027,87212191,2.136,Strasbourg-Ville,Strasbourg-Roethig
87212027,87212241,3.806,Strasbourg-Ville,Graffenstaden
87212027,87212308,1.845,Strasbourg-Ville,Bischheim
87212027,87338525,1.784,Strasbourg-Ville,Krimmeri-Meinau
87212100,87212027,3.959,Mundolsheim,Strasbourg-Ville
87212100,87212118,1.282,Mundolsheim,Vendenheim
87212118,87212100,1.282,Vendenheim,Mundolsheim
87212118,87212126,3.0,Vendenheim,Stephansfeld
87212126,87212118,3.172,Stephansfeld,Vendenheim
87212126,87212134,1.0,Stephansfeld,Brumath
87212134,87212126,1.0,Brumath,Stephansfeld
87212134,87212142,2.795,Brumath,Mommenheim
87212142,87212134,2.795,Mommenheim,Brumath
87212142,87212159,1.681,Mommenheim,Schwindratzheim
87212142,87213165,7.57,Mommenheim,Obermodern
87212159,87212142,1.681,Schwindratzheim,Mommenheim
87212159,87212167,1.145,Schwindratzheim,Hochfelden
87212167,87212159,1.145,Hochfelden,Schwindratzheim
87212167,87212175,2.659,Hochfelden,Wilwisheim
87212175,87212167,2.659,Wilwisheim,Hochfelden
87212175,87212183,1.752,Wilwisheim,Dettwiller
87212183,87212175,1.752,Dettwiller,Wilwisheim
87212183,87212209,2.175,Dettwiller,Steinbourg
87212191,87212027,2.136,Strasbourg-Roethig,Strasbourg-Ville
87212191,87214502,1.0,Strasbourg-Roethig,Lingolsheim
87212209,87212183,2.0,Steinbourg,Dettwiller
87212209,87212225,2.435,Steinbourg,Saverne
87212225,87212209,2.435,Saverne,Steinbourg
87212225,87215160,5.47,Saverne,Lutzelbourg
87212241,87212027,3.806,Graffenstaden,Strasbourg-Ville
87212241,87212258,1.0,Graffenstaden,Geispolsheim
87212258,87212241,1.0,Geispolsheim,Graffenstaden
87212258,87212266,1.909,Geispolsheim,Fegersheim-Lipsheim
87212266,87212258,1.909,Fegersheim-Lipsheim,Geispolsheim
87212266,87212274,1.9,Fegersheim-Lipsheim,Limersheim
87212274,87212266,1.9,Limersheim,Fegersheim-Lipsheim
87212274,87214148,2.432,Limersheim,Erstein
87212308,87212027,1.845,Bischheim,Strasbourg-Ville
87212308,87338517,1.223,Bischheim,Hoenheim-Tram
87212316,87212324,1.487,La Wantzenau,Kilstett
87212316,87338517,3.488,La Wantzenau,Hoenheim-Tram
87212324,87212316,1.487,Kilstett,La Wantzenau
87212324,87212332,1.349,Kilstett,Gambsheim
87212332,87212324,1.349,Gambsheim,Kilstett
87212332,87212340,2.349,Gambsheim,Herrlisheim
87212340,87212332,2.349,Herrlisheim,Gambsheim
87212340,87212357,2.783,Herrlisheim,Drusenheim
87212357,87212340,2.783,Drusenheim,Herrlisheim
87212357,87212365,2.485,Drusenheim,Sessenheim
87212365,87212357,2.485,Sessenheim,Drusenheim
87212365,87212373,1.717,Sessenheim,Rountzenheim
87212373,87212365,1.717,Rountzenheim,Sessenheim
87212373,87212407,1.08,Rountzenheim,Roeschwoog
87212407,87212373,1.08,Roeschwoog,Rountzenheim
87212407,87212415,1.695,Roeschwoog,Roppenheim
87212415,87212407,1.695,Roppenheim,Roeschwoog
87212415,87212431,3.149,Roppenheim,Seltz
87212431,87212415,3.149,Seltz,Roppenheim
87212431,87212449,2.385,Seltz,Munchhausen
87212449,87212431,2.385,Munchhausen,Seltz
87212449,87212456,1.099,Munchhausen,Mothern
87212456,87212449,1.099,Mothern,Munchhausen
87212456,87212464,2.132,Mothern,Lauterbourg
87212464,87212456,2.132,Lauterbourg,Mothern
87213058,87213108,2.055,Haguenau,Schweighouse-sur-Moder
87213058,87213405,4.555,Haguenau,Walbourg
87213058,87213603,2.636,Haguenau,Marienthal
87213108,87213058,2.055,Schweighouse-sur-Moder,Haguenau
87213108,87213207,3.838,Schweighouse-sur-Moder,Mertzwiller
87213165,87212142,7.57,Obermodern,Mommenheim
87213165,87213785,3.617,Obermodern,Ingwiller
87213207,87213108,3.838,Mertzwiller,Schweighouse-sur-Moder
87213207,87213223,2.377,Mertzwiller,Gundershoffen
87213223,87213207,2.377,Gundershoffen,Mertzwiller
87213223,87213249,1.688,Gundershoffen,Reichshoffen-Ville
87213249,87213223,1.688,Reichshoffen-Ville,Gundershoffen
87213249,87213256,1.728,Reichshoffen-Ville,Niederbronn-les-Bains
87213256,87193615,34.145,Niederbronn-les-Bains,Sarreguemines
87213256,87213249,1.728,Niederbronn-les-Bains,Reichshoffen-Ville
87213405,87213058,4.555,Walbourg,Haguenau
87213405,87213413,2.14,Walbourg,Hoelschloch
87213413,87213405,2.14,Hoelschloch,Walbourg
87213413,87213421,2.422,Hoelschloch,Soultz-sous-Forêts
87213421,87213413,2.422,Soultz-sous-Forêts,Hoelschloch
87213421,87213447,2.046,Soultz-sous-Forêts,Hoffen
87213447,87213421,2.046,Hoffen,Soultz-sous-Forêts
87213447,87213462,4.094,Hoffen,Riedseltz
87213462,87213447,4.094,Riedseltz,Hoffen
87213462,87213470,2.912,Riedseltz,Wissembourg
87213470,87213462,2.912,Wissembourg,Riedseltz
87213603,87213058,2.636,Marienthal,Haguenau
87213603,87213611,1.492,Marienthal,Bischwiller
87213611,87213603,1.492,Bischwiller,Marienthal
87213611,87213660,2.45,Bischwiller,Kurtzenhouse
87213660,87213611,2.45,Kurtzenhouse,Bischwiller
87213660,87213678,1.593,Kurtzenhouse,Weyersheim
87213678,87213660,1.593,Weyersheim,Kurtzenhouse
87213678,87213686,1.192,Weyersheim,Hoerdt
87213686,87213678,1.192,Hoerdt,Weyersheim
87213744,87213785,5.165,Wingen-sur-Moder,Ingwiller
87213744,87215699,5.798,Wingen-sur-Moder,Tieffenbach-Struth
87213785,87213165,3.617,Ingwiller,Obermodern
87213785,87213744,5.165,Ingwiller,Wingen-sur-Moder
87214056,87182014,10.0,Sélestat,Colmar
87214056,87214106,3.722,Sélestat,Ebersheim
87214056,87214205,1.889,Sélestat,Scherwiller
87214106,87214056,3.722,Ebersheim,Sélestat
87214106,87214114,2.414,Ebersheim,Kogenheim
87214114,87214106,2.414,Kogenheim,Ebersheim
87214114,87214122,2.881,Kogenheim,Benfeld
87214122,87214114,2.881,Benfeld,Kogenheim
87214122,87214130,2.094,Benfeld,Matzenheim
87214130,87214122,2.094,Matzenheim,Benfeld
87214130,87214148,1.678,Matzenheim,Erstein
87214148,87212274,2.432,Erstein,Limersheim
87214148,87214130,1.678,Erstein,Matzenheim
87214205,87214056,1.889,Scherwiller,Sélestat
87214205,87214213,2.155,Scherwiller,Dambach-la-Ville
87214213,87214205,2.155,Dambach-la-Ville,Scherwiller
87214213,87214221,2.779,Dambach-la-Ville,Epfig
87214221,87214213,2.779,Epfig,Dambach-la-Ville
87214221,87214239,1.299,Epfig,Eichhoffen
87214239,87214221,1.299,Eichhoffen,Epfig
87214239,87214247,1.387,Eichhoffen,Barr
87214247,87214239,1.387,Barr,Eichhoffen
87214247,87214254,1.0,Barr,Gertwiller
87214254,87214247,1.0,Gertwiller,Barr
87214254,87214270,1.358,Gertwiller,Goxwiller
87214270,87214254,1.358,Goxwiller,Gertwiller
87214270,87214288,1.833,Goxwiller,Obernai
87214288,87214270,1.833,Obernai,Goxwiller
87214288,87214296,1.616,Obernai,Bischoffsheim
87214296,87214288,1.616,Bischoffsheim,Obernai
87214296,87214320,1.135,Bischoffsheim,Rosheim
87214320,87214296,1.135,Rosheim,Bischoffsheim
87214320,87214338,1.182,Rosheim,Dorlisheim
87214338,87214320,1.182,Dorlisheim,Rosheim
87214502,87212191,1.0,Lingolsheim,Strasbourg-Roethig
87214502,87214528,2.11,Lingolsheim,Entzheim
87214528,87214502,2.11,Entzheim,Lingolsheim
87214528,87214536,1.762,Entzheim,Duppigheim
87214536,87214528,1.762,Duppigheim,Entzheim
87214536,87214544,1.0,Duppigheim,Duttlenheim
87214544,87214536,1.0,Duttlenheim,Duppigheim
87214544,87214551,1.361,Duttlenheim,Dachstein
87214551,87214544,1.361,Dachstein,Duttlenheim
87214551,87214577,1.395,Dachstein,Molsheim
87214577,87214551,1.395,Molsheim,Dachstein
87214577,87214585,1.606,Molsheim,Mutzig
87214585,87214577,1.606,Mutzig,Molsheim
87214585,87214593,1.566,Mutzig,Gresswiller
87214593,87214585,1.566,Gresswiller,Mutzig
87214593,87214627,1.842,Gresswiller,Heiligenberg-Mollkirch
87214627,87214593,1.842,Heiligenberg-Mollkirch,Gresswiller
87214627,87214635,1.885,Heiligenberg-Mollkirch,Urmatt
87214635,87214627,1.885,Urmatt,Heiligenberg-Mollkirch
87214635,87214643,1.067,Urmatt,Mullerhof
87214643,87214635,1.067,Mullerhof,Urmatt
87214643,87214650,1.0,Mullerhof,Lutzelhouse
87214650,87214643,1.0,Lutzelhouse,Mullerhof
87214650,87214676,1.172,Lutzelhouse,Wisches
87214676,87214650,1.172,Wisches,Lutzelhouse
87214676,87214684,1.0,Wisches,Russ-Hersbach
87214684,87214676,1.0,Russ-Hersbach,Wisches
87214684,87214692,1.895,Russ-Hersbach,Schirmeck-La Broque
87214692,87214684,1.895,Schirmeck-La Broque,Russ-Hersbach
87214692,87214726,1.364,Schirmeck-La Broque,Rothau
87214726,87214692,1.364,Rothau,Schirmeck-La Broque
87214726,87214734,2.591,Rothau,Fouday
87214734,87214726,2.591,Fouday,Rothau
87214734,87214742,1.456,Fouday,St-Blaise-la-Roche-Poutay
87214742,87214734,1.456,St-Blaise-la-Roche-Poutay,Fouday
87214742,87214759,1.373,St-Blaise-la-Roche-Poutay,Saulxures
87214759,87214742,1.373,Saulxures,St-Blaise-la-Roche-Poutay
87214759,87214775,1.963,Saulxures,Bourg-Bruche
87214775,87214759,1.963,Bourg-Bruche,Saulxures
87214775,87214783,1.724,Bourg-Bruche,Saales
87214783,87144386,4.089,Saales,Colroy-Lubine
87214783,87214775,1.724,Saales,Bourg-Bruche
87215012,87215079,1.841,Sarrebourg,Réding
87215012,87215103,11.0,Sarrebourg,Igney-Avricourt
87215079,87215012,1.841,Réding,Sarrebourg
87215079,87215160,6.973,Réding,Lutzelbourg
87215103,87141150,12.0,Igney-Avricourt,Lunéville
87215103,87215012,11.0,Igney-Avricourt,Sarrebourg
87215160,87212225,5.47,Lutzelbourg,Saverne
87215160,87215079,6.973,Lutzelbourg,Réding
87215335,87192302,11.0,Berthelming,Bénestroff
87215335,87215459,9.787,Berthelming,Sarre-Union
87215459,87215335,9.787,Sarre-Union,Berthelming
87215459,87215483,1.739,Sarre-Union,Schopperten
87215483,87215459,1.739,Schopperten,Sarre-Union
87215483,87215491,1.252,Schopperten,Keskastel
87215491,87193714,2.247,Keskastel,Sarralbe
87215491,87215483,1.252,Keskastel,Schopperten
87215632,87193664,2.162,Oermingen,Kalhausen
87215632,87215665,5.042,Oermingen,Diemeringen
87215665,87215632,5.042,Diemeringen,Oermingen
87215665,87215699,4.242,Diemeringen,Tieffenbach-Struth
87215699,87213744,5.798,Tieffenbach-Struth,Wingen-sur-Moder
87215699,87215665,4.242,Tieffenbach-Struth,Diemeringen
87223263,87109306,58.105,Lille-Europe,Lille CHR
87223263,87281071,27.0,Lille-Europe,Calais-Fréthun
87223263,87286005,10.07,Lille-Europe,Lille-Flandres
87223263,87286062,50.619,Lille-Europe,Hellemmes
87223263,87287102,41.08,Lille-Europe,Lezennes
87223263,87287128,43.239,Lille-Europe,Mont-de-Terre
87223263,87287250,45.942,Lille-Europe,Lille-Porte-de-Douai
87271007,87111278,50.02,Paris-Nord,Porte-de-Clichy
87271007,87113001,10.903,Paris-Nord,Paris-Est
87271007,87271023,1.0,Paris-Nord,Paris-Nord-Souterraine
87271007,87271031,1.0,Paris-Nord,Paris-Nord-Surface
87271007,87281873,7.01,Paris-Nord,Magenta
87271007,87281899,34.019,Paris-Nord,Haussmann-St-Lazare
87271007,87381111,48.27,Paris-Nord,Pont-Cardinet
87271007,87384008,35.185,Paris-Nord,Paris-St-Lazare
87271007,87393033,54.914,Paris-Nord,Invalides
87271007,87654798,38.127,Paris-Nord,Rosa Parks
87271015,87164780,1.064,St-Denis,Stade-de-France-St-Denis
87271015,87164798,35.238,St-Denis,La Plaine-Stade-de-France
87271015,87271163,2.168,St-Denis,Pierrefitte-Stains
87271023,87111278,50.02,Paris-Nord-Souterraine,Porte-de-Clichy
87271023,87113001,10.903,Paris-Nord-Souterraine,Paris-Est
87271023,87164780,2.28,Paris-Nord-Souterraine,Stade-de-France-St-Denis
87271023,87271007,1.0,Paris-Nord-Souterraine,Paris-Nord
87271023,87271031,5.0,Paris-Nord-Souterraine,Paris-Nord-Surface
87271023,87281873,7.01,Paris-Nord-Souterraine,Magenta
87271023,87281899,34.019,Paris-Nord-Souterraine,Haussmann-St-Lazare
87271023,87381111,48.27,Paris-Nord-Souterraine,Pont-Cardinet
87271023,87384008,35.185,Paris-Nord-Souterraine,Paris-St-Lazare
87271023,87393033,54.914,Paris-Nord-Souterraine,Invalides
87271023,87654798,38.127,Paris-Nord-Souterraine,Rosa Parks
87271023,87686006,2.856,Paris-Nord-Souterraine,Paris-Gare-de-Lyon
87271031,87111278,50.02,Paris-Nord-Surface,Porte-de-Clichy
87271031,87113001,10.903,Paris-Nord-Surface,Paris-Est
87271031,87271007,1.0,Paris-Nord-Surface,Paris-Nord
87271031,87271023,5.0,Paris-Nord-Surface,Paris-Nord-Souterraine
87271031,87281873,7.01,Paris-Nord-Surface,Magenta
87271031,87281899,34.019,Paris-Nord-Surface,Haussmann-St-Lazare
87271031,87381111,48.27,Paris-Nord-Surface,Pont-Cardinet
87271031,87384008,35.185,Paris-Nord-Surface,Paris-St-Lazare
87271031,87393033,54.914,Paris-Nord-Surface,Invalides
87271031,87654798,38.127,Paris-Nord-Surface,Rosa Parks
87271122,87271148,31.124,Épinay-Villetaneuse,Épinay-sur-Seine
87271122,87271171,1.0,Épinay-Villetaneuse,La Barre-Ormesson
87271122,87697292,31.525,Épinay-Villetaneuse,Épinay-sur-Seine TT
87271148,87271122,31.124,Épinay-sur-Seine,Épinay-Villetaneuse
87271148,87271205,1.275,Épinay-sur-Seine,Gennevilliers
87271148,87276170,1.0,Épinay-sur-Seine,St-Gratien
87271148,87697292,5.568,Épinay-sur-Seine,Épinay-sur-Seine TT
87271163,87271015,2.168,Pierrefitte-Stains,St-Denis
87271163,87276196,1.066,Pierrefitte-Stains,Garges-Sarcelles
87271163,87697326,12.568,Pierrefitte-Stains,Pierrefite-Stains TT
87271171,87271122,1.0,La Barre-Ormesson,Épinay-Villetaneuse
87271171,87276022,1.0,La Barre-Ormesson,Enghien-les-Bains
87271171,87276345,30.024,La Barre-Ormesson,Deuil-Montmagny
87271205,87271148,1.275,Gennevilliers,Épinay-sur-Seine
87271205,87272146,1.0,Gennevilliers,Les Grésillons
87271247,87111278,1.0,St-Ouen,Porte-de-Clichy
87271247,87272146,1.0,St-Ouen,Les Grésillons
87271304,87164798,1.0,La Courneuve-Aubervilliers,La Plaine-Stade-de-France
87271304,87271395,1.665,La Courneuve-Aubervilliers,Le Bourget
87271304,87697342,43.623,La Courneuve-Aubervilliers,Dugny-La Courneuve TT
87271395,87271304,1.665,Le Bourget,La Courneuve-Aubervilliers
87271395,87271403,1.231,Le Bourget,Drancy
87271403,87271395,1.231,Drancy,Le Bourget
87271403,87271478,1.0,Drancy,Le Blanc-Mesnil
87271411,87271429,1.664,Aulnay-sous-Bois,Sevran-Livry
87271411,87271445,1.871,Aulnay-sous-Bois,Sevran-Beaudottes
87271411,87271478,1.0,Aulnay-sous-Bois,Le Blanc-Mesnil
87271429,87271411,1.664,Sevran-Livry,Aulnay-sous-Bois
87271429,87271437,1.37,Sevran-Livry,Vert-Galant
87271429,87271445,23.952,Sevran-Livry,Sevran-Beaudottes
87271437,87271429,1.37,Vert-Galant,Sevran-Livry
87271437,87271510,1.538,Vert-Galant,Villeparisis
87271445,87271411,1.871,Sevran-Beaudottes,Aulnay-sous-Bois
87271445,87271429,23.952,Sevran-Beaudottes,Sevran-Livry
87271445,87271452,1.064,Sevran-Beaudottes,Villepinte
87271452,87271445,1.064,Villepinte,Sevran-Beaudottes
87271452,87271486,1.0,Villepinte,Parc-des-Expositions
87271460,87001479,1.0,Roissy-Aéroport-Charles-de-Gaulle 1,Roissy-Aéroport-Charles-de-Gaulle 2-TGV (RER)
87271460,87271486,3.464,Roissy-Aéroport-Charles-de-Gaulle 1,Parc-des-Expositions
87271460,87748822,19.899,Roissy-Aéroport-Charles-de-Gaulle 1,Roissy-CDGX 2
87271478,87271403,1.0,Le Blanc-Mesnil,Drancy
87271478,87271411,1.0,Le Blanc-Mesnil,Aulnay-sous-Bois
87271486,87271452,1.0,Parc-des-Expositions,Villepinte
87271486,87271460,3.464,Parc-des-Expositions,Roissy-Aéroport-Charles-de-Gaulle 1
87271510,87271437,1.538,Villeparisis,Vert-Galant
87271510,87271528,2.127,Villeparisis,Mitry-Claye
87271528,87271510,2.127,Mitry-Claye,Villeparisis
87271528,87272047,1.316,Mitry-Claye,Compans
87271536,87271551,4.281,Dammartin-Juilly-St-Mard,Le Plessis-Belleville
87271536,87272054,1.6,Dammartin-Juilly-St-Mard,Thieux-Nantouillet
87271551,87271536,4.281,Le Plessis-Belleville,Dammartin-Juilly-St-Mard
87271551,87271577,3.433,Le Plessis-Belleville,Nanteuil-le-Haudouin
87271577,87271551,3.433,Nanteuil-le-Haudouin,Le Plessis-Belleville
87271577,87271585,3.935,Nanteuil-le-Haudouin,Ormoy-Villers
87271585,87271577,3.935,Ormoy-Villers,Nanteuil-le-Haudouin
87271585,87271593,2.782,Ormoy-Villers,Crépy-en-Valois
87271585,87313387,18.937,Ormoy-Villers,Estrées-St-Denis
87271593,87271585,2.782,Crépy-en-Valois,Ormoy-Villers
87271593,87271601,4.076,Crépy-en-Valois,Vaumoise
87271601,87271593,4.076,Vaumoise,Crépy-en-Valois
87271601,87271734,4.999,Vaumoise,Villers-Cotterêts
87271734,87271601,4.999,Villers-Cotterêts,Vaumoise
87271734,87272286,5.408,Villers-Cotterêts,Corcy
87271775,87271783,2.218,Longpont,Vierzy
87271775,87272286,1.264,Longpont,Corcy
87271783,87271775,2.218,Vierzy,Longpont
87271783,87271817,5.823,Vierzy,Soissons
87271817,87271783,5.823,Soissons,Vierzy
87271817,87271874,2.463,Soissons,Crouy
87271874,87271817,2.463,Crouy,Soissons
87271874,87271882,2.993,Crouy,Margival
87271882,87271874,2.993,Margival,Crouy
87271882,87297283,2.276,Margival,Vauxaillon
87272013,87276691,2.947,Jaux,Compiègne
87272013,87276733,1.921,Jaux,Le Meux-la-Croix-St-Ouen
87272021,87276550,1.306,Villaines,Belloy-St-Martin
87272039,87276568,1.244,Seugy,Viarmes
87272039,87276576,1.0,Seugy,Luzarches
87272047,87271528,1.316,Compans,Mitry-Claye
87272047,87272054,1.211,Compans,Thieux-Nantouillet
87272054,87271536,1.6,Thieux-Nantouillet,Dammartin-Juilly-St-Mard
87272054,87272047,1.211,Thieux-Nantouillet,Compans
87272096,87276717,1.894,Esches,Bornel-Belle-Église
87272096,87313668,2.338,Esches,Méru
87272146,87271205,1.0,Les Grésillons,Gennevilliers
87272146,87271247,1.0,Les Grésillons,St-Ouen
87272195,87276691,3.59,Longueil-Annel,Compiègne
87272195,87276741,1.0,Longueil-Annel,Thourotte
87272286,87271734,5.408,Corcy,Villers-Cotterêts
87272286,87271775,1.264,Corcy,Longpont
87276006,87276113,5.0,Creil,Chantilly-Gouvieux
87276006,87276204,2.124,Creil,Laigneville
87276022,87271171,1.0,Enghien-les-Bains,La Barre-Ormesson
87276022,87276030,1.0,Enghien-les-Bains,Champ-de-Courses-d'Enghien
87276030,87276022,1.0,Champ-de-Courses-d'Enghien,Enghien-les-Bains
87276030,87276055,1.0,Champ-de-Courses-d'Enghien,Ermont-Eaubonne
87276055,87276030,1.0,Ermont-Eaubonne,Champ-de-Courses-d'Enghien
87276055,87276063,1.0,Ermont-Eaubonne,Cernay
87276055,87276584,1.0,Ermont-Eaubonne,Ermont-Halte
87276055,87276592,28.842,Ermont-Eaubonne,Gros-Noyer-St-Prix
87276063,87276055,1.0,Cernay,Ermont-Eaubonne
87276063,87276071,1.0,Cernay,Franconville-Plessis-Bouchard
87276063,87276584,14.681,Cernay,Ermont-Halte
87276063,87276592,19.995,Cernay,Gros-Noyer-St-Prix
87276071,87276063,1.0,Franconville-Plessis-Bouchard,Cernay
87276071,87276089,1.714,Franconville-Plessis-Bouchard,Montigny-Beauchamp
87276089,87276071,1.714,Montigny-Beauchamp,Franconville-Plessis-Bouchard
87276089,87276097,1.9,Montigny-Beauchamp,Pierrelaye
87276097,87276089,1.9,Pierrelaye,Montigny-Beauchamp
87276097,87337980,1.369,Pierrelaye,St-Ouen-l'Aumône-Liesse
87276105,87276139,1.0,St-Ouen-l'Aumône,Pontoise
87276105,87276147,25.985,St-Ouen-l'Aumône,Épluches
87276105,87276154,38.545,St-Ouen-l'Aumône,Pont-Petit
87276105,87337980,1.216,St-Ouen-l'Aumône,St-Ouen-l'Aumône-Liesse
87276105,87381426,15.075,St-Ouen-l'Aumône,St-Ouen-l'Aumône-Église
87276113,87276006,5.0,Chantilly-Gouvieux,Creil
87276113,87276279,3.215,Chantilly-Gouvieux,Orry-la-Ville-Coye
87276139,87276105,1.0,Pontoise,St-Ouen-l'Aumône
87276139,87381145,1.39,Pontoise,Osny
87276147,87276105,25.985,Épluches,St-Ouen-l'Aumône
87276147,87276154,1.0,Épluches,Pont-Petit
87276147,87337980,37.244,Épluches,St-Ouen-l'Aumône-Liesse
87276147,87381426,35.544,Épluches,St-Ouen-l'Aumône-Église
87276154,87276105,38.545,Pont-Petit,St-Ouen-l'Aumône
87276154,87276147,1.0,Pont-Petit,Épluches
87276154,87276162,1.0,Pont-Petit,Chaponval
87276154,87337980,46.129,Pont-Petit,St-Ouen-l'Aumône-Liesse
87276154,87381426,48.08,Pont-Petit,St-Ouen-l'Aumône-Église
87276162,87276154,1.0,Chaponval,Pont-Petit
87276162,87276543,1.466,Chaponval,Auvers-sur-Oise
87276170,87271148,1.0,St-Gratien,Épinay-sur-Seine
87276188,87381848,1.53,Sannois,Argenteuil
87276196,87271163,1.066,Garges-Sarcelles,Pierrefitte-Stains
87276196,87276220,1.472,Garges-Sarcelles,Villiers-le-Bel-Gonesse-Arnouville
87276204,87276006,2.124,Laigneville,Creil
87276204,87276212,1.948,Laigneville,Liancourt-Rantigny
87276212,87276204,1.948,Liancourt-Rantigny,Laigneville
87276212,87313304,4.0,Liancourt-Rantigny,Clermont-de-l'Oise
87276220,87276196,1.472,Villiers-le-Bel-Gonesse-Arnouville,Garges-Sarcelles
87276220,87276246,2.608,Villiers-le-Bel-Gonesse-Arnouville,Goussainville
87276238,87276246,1.0,Les Noues,Goussainville
87276238,87276253,1.392,Les Noues,Louvres
87276246,87276220,2.608,Goussainville,Villiers-le-Bel-Gonesse-Arnouville
87276246,87276238,1.0,Goussainville,Les Noues
87276253,87276238,1.392,Louvres,Les Noues
87276253,87276261,3.329,Louvres,Survilliers-Fosses
87276261,87276253,3.329,Survilliers-Fosses,Louvres
87276261,87276287,1.923,Survilliers-Fosses,La Borne-Blanche
87276279,87276113,3.0,Orry-la-Ville-Coye,Chantilly-Gouvieux
87276279,87276287,1.018,Orry-la-Ville-Coye,La Borne-Blanche
87276287,87276261,1.923,La Borne-Blanche,Survilliers-Fosses
87276287,87276279,1.018,La Borne-Blanche,Orry-la-Ville-Coye
87276303,87276311,1.419,Longueil-Ste-Marie,Chevrières
87276303,87276733,1.835,Longueil-Ste-Marie,Le Meux-la-Croix-St-Ouen
87276311,87276303,1.419,Chevrières,Longueil-Ste-Marie
87276311,87276329,3.709,Chevrières,Pont-Ste-Maxence
87276329,87276311,3.709,Pont-Ste-Maxence,Chevrières
87276329,87276352,3.393,Pont-Ste-Maxence,Rieux-Angicourt
87276345,87271171,30.024,Deuil-Montmagny,La Barre-Ormesson
87276345,87276360,1.0,Deuil-Montmagny,Groslay
87276345,87313759,6.289,Deuil-Montmagny,Abancourt
87276352,87276329,3.393,Rieux-Angicourt,Pont-Ste-Maxence
87276352,87276378,1.519,Rieux-Angicourt,Villers-St-Paul
87276360,87276345,1.0,Groslay,Deuil-Montmagny
87276360,87276386,1.0,Groslay,Sarcelles-St-Brice
87276378,87276352,1.519,Villers-St-Paul,Rieux-Angicourt
87276386,87276360,1.0,Sarcelles-St-Brice,Groslay
87276386,87276394,1.713,Sarcelles-St-Brice,Écouen-Ézanville
87276394,87276386,1.713,Écouen-Ézanville,Sarcelles-St-Brice
87276394,87276436,1.21,Écouen-Ézanville,Domont
87276402,87276410,1.78,St-Leu-d'Esserent,Précy-sur-Oise
87276410,87276402,1.78,Précy-sur-Oise,St-Leu-d'Esserent
87276410,87276444,2.452,Précy-sur-Oise,Boran-sur-Oise
87276436,87276394,1.21,Domont,Écouen-Ézanville
87276436,87276485,1.064,Domont,Bouffémont-Moisselles
87276444,87276410,2.452,Boran-sur-Oise,Précy-sur-Oise
87276444,87276451,1.76,Boran-sur-Oise,Bruyères-sur-Oise
87276451,87276444,1.76,Bruyères-sur-Oise,Boran-sur-Oise
87276451,87276469,1.953,Bruyères-sur-Oise,Persan-Beaumont
87276469,87276451,1.953,Persan-Beaumont,Bruyères-sur-Oise
87276469,87276519,1.669,Persan-Beaumont,Champagne-sur-Oise
87276485,87276436,1.064,Bouffémont-Moisselles,Domont
87276485,87276493,1.296,Bouffémont-Moisselles,Montsoult-Maffliers
87276493,87276485,1.296,Montsoult-Maffliers,Bouffémont-Moisselles
87276493,87276501,3.92,Montsoult-Maffliers,Presles-Courcelles
87276501,87276493,3.92,Presles-Courcelles,Montsoult-Maffliers
87276501,87276758,1.283,Presles-Courcelles,Nointel-Mours
87276519,87276469,1.669,Champagne-sur-Oise,Persan-Beaumont
87276519,87276527,1.927,Champagne-sur-Oise,L'Isle-Adam-Parmain
87276527,87276519,1.927,L'Isle-Adam-Parmain,Champagne-sur-Oise
87276527,87276535,1.432,L'Isle-Adam-Parmain,Valmondois
87276535,87276527,1.432,Valmondois,L'Isle-Adam-Parmain
87276535,87276543,1.759,Valmondois,Auvers-sur-Oise
87276543,87276162,1.466,Auvers-sur-Oise,Chaponval
87276543,87276535,1.759,Auvers-sur-Oise,Valmondois
87276550,87272021,1.306,Belloy-St-Martin,Villaines
87276550,87276568,1.253,Belloy-St-Martin,Viarmes
87276568,87272039,1.244,Viarmes,Seugy
87276568,87276550,1.253,Viarmes,Belloy-St-Martin
87276576,87272039,1.0,Luzarches,Seugy
87276584,87276055,1.0,Ermont-Halte,Ermont-Eaubonne
87276584,87276063,14.681,Ermont-Halte,Cernay
87276584,87276592,1.0,Ermont-Halte,Gros-Noyer-St-Prix
87276592,87276055,28.842,Gros-Noyer-St-Prix,Ermont-Eaubonne
87276592,87276063,19.995,Gros-Noyer-St-Prix,Cernay
87276592,87276584,1.0,Gros-Noyer-St-Prix,Ermont-Halte
87276592,87276600,1.424,Gros-Noyer-St-Prix,St-Leu-la-Forêt
87276600,87276592,1.424,St-Leu-la-Forêt,Gros-Noyer-St-Prix
87276600,87276626,1.0,St-Leu-la-Forêt,Vaucelles
87276618,87313544,1.316,Montataire,Cramoisy
87276626,87276600,1.0,Vaucelles,St-Leu-la-Forêt
87276626,87276634,1.0,Vaucelles,Taverny
87276634,87276626,1.0,Taverny,Vaucelles
87276634,87276642,1.0,Taverny,Bessancourt
87276642,87276634,1.0,Bessancourt,Taverny
87276642,87276659,1.0,Bessancourt,Frépillon
87276659,87276642,1.0,Frépillon,Bessancourt
87276659,87276667,1.0,Frépillon,Méry (Val-d'Oise)
87276667,87276659,1.0,Méry (Val-d'Oise),Frépillon
87276667,87276675,1.36,Méry (Val-d'Oise),Mériel
87276675,87276667,1.36,Mériel,Méry (Val-d'Oise)
87276691,87272013,2.947,Compiègne,Jaux
87276691,87272195,3.59,Compiègne,Longueil-Annel
87276691,87313403,4.931,Compiègne,Rémy
87276717,87272096,1.894,Bornel-Belle-Église,Esches
87276717,87276725,2.333,Bornel-Belle-Église,Chambly
87276725,87276717,2.333,Chambly,Bornel-Belle-Église
87276725,87276758,3.793,Chambly,Nointel-Mours
87276733,87272013,1.921,Le Meux-la-Croix-St-Ouen,Jaux
87276733,87276303,1.835,Le Meux-la-Croix-St-Ouen,Longueil-Ste-Marie
87276741,87272195,1.0,Thourotte,Longueil-Annel
87276741,87276766,2.746,Thourotte,Ribécourt
87276758,87276501,1.283,Nointel-Mours,Presles-Courcelles
87276758,87276725,3.793,Nointel-Mours,Chambly
87276766,87276741,2.746,Ribécourt,Thourotte
87276766,87276774,2.151,Ribécourt,Ourscamps
87276774,87276766,2.151,Ourscamps,Ribécourt
87276774,87276782,3.384,Ourscamps,Noyon
87276782,87276774,3.384,Noyon,Ourscamps
87276782,87296459,4.529,Noyon,Appilly
87278259,87581538,1.0,Mérignac-Arlac,Caudéran-Mérignac
87281006,87281402,1.0,Dunkerque,Coudekerque-Branche
87281055,87286716,1.0,Croix-l'Allumette,Croix-Wasquehal
87281055,87286732,1.0,Croix-l'Allumette,Roubaix
87281071,87223263,27.0,Calais-Fréthun,Lille-Europe
87281071,87316679,2.53,Calais-Fréthun,Pihen
87281071,87317305,3.146,Calais-Fréthun,Les Fontinettes
87281105,87281113,5.0,Bergues,Esquelbecq
87281105,87281402,3.612,Bergues,Coudekerque-Branche
87281113,87281105,5.0,Esquelbecq,Bergues
87281113,87281121,3.542,Esquelbecq,Arnèke
87281121,87281113,3.542,Arnèke,Esquelbecq
87281121,87281139,3.917,Arnèke,Cassel
87281139,87281121,3.917,Cassel,Arnèke
87281139,87286302,5.248,Cassel,Hazebrouck
87281246,87281279,3.304,Gravelines,Bourbourg
87281246,87317610,9.046,Gravelines,Beau-Marais
87281279,87281246,3.304,Bourbourg,Gravelines
87281279,87281311,5.99,Bourbourg,Grande-Synthe
87281311,87281279,5.99,Grande-Synthe,Bourbourg
87281311,87281402,2.816,Grande-Synthe,Coudekerque-Branche
87281402,87281006,1.0,Coudekerque-Branche,Dunkerque
87281402,87281105,3.612,Coudekerque-Branche,Bergues
87281402,87281311,2.816,Coudekerque-Branche,Grande-Synthe
87281410,87287292,2.084,Pont-d'Ardres,Nortkerque
87281410,87317305,5.595,Pont-d'Ardres,Les Fontinettes
87281428,87287292,2.09,Audruicq,Nortkerque
87281428,87287300,3.256,Audruicq,Ruminghem
87281436,87281444,4.976,Watten-Éperlecques,St-Omer
87281436,87287300,2.935,Watten-Éperlecques,Ruminghem
87281444,87281436,4.976,St-Omer,Watten-Éperlecques
87281444,87281451,4.373,St-Omer,Renescure
87281451,87281444,4.373,Renescure,St-Omer
87281451,87281469,1.411,Renescure,Ebblinghem
87281469,87281451,1.411,Ebblinghem,Renescure
87281469,87286302,5.248,Ebblinghem,Hazebrouck
87281873,87111278,52.017,Magenta,Porte-de-Clichy
87281873,87113001,9.431,Magenta,Paris-Est
87281873,87271007,7.01,Magenta,Paris-Nord
87281873,87271023,7.01,Magenta,Paris-Nord-Souterraine
87281873,87271031,7.01,Magenta,Paris-Nord-Surface
87281873,87281899,35.354,Magenta,Haussmann-St-Lazare
87281873,87381111,50.177,Magenta,Pont-Cardinet
87281873,87384008,36.672,Magenta,Paris-St-Lazare
87281873,87393033,55.817,Magenta,Invalides
87281873,87654798,37.821,Magenta,Rosa Parks
87281899,87111278,36.076,Haussmann-St-Lazare,Porte-de-Clichy
87281899,87113001,35.055,Haussmann-St-Lazare,Paris-Est
87281899,87271007,34.019,Haussmann-St-Lazare,Paris-Nord
87281899,87271023,34.019,Haussmann-St-Lazare,Paris-Nord-Souterraine
87281899,87271031,34.019,Haussmann-St-Lazare,Paris-Nord-Surface
87281899,87281873,35.354,Haussmann-St-Lazare,Magenta
87281899,87381012,38.307,Haussmann-St-Lazare,Péreire-Levallois
87281899,87381020,48.16,Haussmann-St-Lazare,Neuilly-Porte-Maillot
87281899,87381038,56.845,Haussmann-St-Lazare,Avenue-Foch
87281899,87381111,28.717,Haussmann-St-Lazare,Pont-Cardinet
87281899,87384008,8.46,Haussmann-St-Lazare,Paris-St-Lazare
87281899,87393033,27.987,Haussmann-St-Lazare,Invalides
87281899,87393041,37.989,Haussmann-St-Lazare,Pont-de-l'Alma
87281899,87393058,51.456,Haussmann-St-Lazare,Champ-de-Mars-Tour-Eiffel
87281899,87731448,1.864,Haussmann-St-Lazare,Porte Maillot
87282624,87721159,41.97,Lyon-Jean-Macé,Lyon-St-Paul
87282624,87721175,55.937,Lyon-Jean-Macé,Lyon-Gorge-de-Loup
87282624,87722025,1.0,Lyon-Jean-Macé,Lyon-Perrache
87282624,87723197,34.477,Lyon-Jean-Macé,Lyon-Part-Dieu
87282624,87728501,2.435,Lyon-Jean-Macé,St-Fons
87286005,87109306,53.054,Lille-Flandres,Lille CHR
87286005,87223263,10.07,Lille-Flandres,Lille-Europe
87286005,87286062,51.682,Lille-Flandres,Hellemmes
87286005,87286187,3.064,Lille-Flandres,La Madeleine
87286005,87287102,40.617,Lille-Flandres,Lezennes
87286005,87287128,42.101,Lille-Flandres,Mont-de-Terre
87286005,87287250,42.371,Lille-Flandres,Lille-Porte-de-Douai
87286062,87223263,50.619,Hellemmes,Lille-Europe
87286062,87286005,51.682,Hellemmes,Lille-Flandres
87286062,87286831,1.0,Hellemmes,Pont-de-Bois
87286062,87287102,1.0,Hellemmes,Lezennes
87286062,87287128,24.992,Hellemmes,Mont-de-Terre
87286062,87287250,46.079,Hellemmes,Lille-Porte-de-Douai
87286096,87286112,1.128,Haubourdin,Loos-lez-Lille
87286096,87286401,1.443,Haubourdin,Santes
87286112,87109306,1.0,Loos-lez-Lille,Lille CHR
87286112,87286096,1.128,Loos-lez-Lille,Haubourdin
87286146,87286278,3.938,Armentières,Pérenchies
87286146,87287151,2.126,Armentières,Nieppe
87286161,87286179,2.273,Steenwerck,Bailleul
87286161,87287151,1.907,Steenwerck,Nieppe
87286179,87286161,2.273,Bailleul,Steenwerck
87286179,87286203,4.399,Bailleul,Strazeele
87286187,87286005,3.064,La Madeleine,Lille-Flandres
87286187,87286195,1.137,La Madeleine,St-André
87286195,87286187,1.137,St-André,La Madeleine
87286195,87286278,2.836,St-André,Pérenchies
87286203,87286179,4.399,Strazeele,Bailleul
87286203,87286302,3.509,Strazeele,Hazebrouck
87286229,87286245,2.387,Wambrechies,Quesnoy-sur-Deûle
87286229,87287169,1.0,Wambrechies,Marquette
87286245,87286229,2.387,Quesnoy-sur-Deûle,Wambrechies
87286245,87287185,1.0,Quesnoy-sur-Deûle,Deûlémont
87286260,87287193,1.436,Comines,Ste-Marguerite
87286278,87286146,3.938,Pérenchies,Armentières
87286278,87286195,2.836,Pérenchies,St-André
87286302,87281139,5.248,Hazebrouck,Cassel
87286302,87281469,5.248,Hazebrouck,Ebblinghem
87286302,87286203,3.509,Hazebrouck,Strazeele
87286302,87342295,3.717,Hazebrouck,Steenbecque
87286401,87286096,1.443,Santes,Haubourdin
87286401,87286419,1.449,Santes,Wavrin
87286419,87286401,1.449,Wavrin,Santes
87286419,87286427,1.0,Wavrin,La Fontaine
87286427,87286419,1.0,La Fontaine,Wavrin
87286427,87286435,1.0,La Fontaine,Don-Sainghin
87286435,87286427,1.0,Don-Sainghin,La Fontaine
87286435,87342469,1.93,Don-Sainghin,Marquillies
87286500,87286518,2.095,Phalempin,Seclin
87286500,87345256,2.176,Phalempin,Libercourt
87286518,87286500,2.095,Seclin,Phalempin
87286518,87286526,1.964,Seclin,Wattignies-Templemars
87286526,87286518,1.964,Wattignies-Templemars,Seclin
87286526,87286534,1.894,Wattignies-Templemars,Ronchin
87286534,87286526,1.894,Ronchin,Wattignies-Templemars
87286542,87286732,1.411,Tourcoing,Roubaix
87286567,87286575,2.415,Rosult,Landas
87286567,87343103,2.841,Rosult,St-Amand-les-Eaux
87286575,87286567,2.415,Landas,Rosult
87286575,87286583,1.684,Landas,Orchies
87286583,87286575,1.684,Orchies,Landas
87286583,87286609,2.237,Orchies,Nomain
87286609,87286583,2.237,Nomain,Orchies
87286609,87286625,2.002,Nomain,Templeuve
87286609,87286815,28.273,Nomain,Nomain-Ouvignies
87286625,87286609,2.002,Templeuve,Nomain
87286625,87287276,1.429,Templeuve,Ennevelin
87286641,87286849,2.127,Fretin,Lesquin
87286641,87287276,1.0,Fretin,Ennevelin
87286716,87281055,1.0,Croix-Wasquehal,Croix-l'Allumette
87286732,87281055,1.0,Roubaix,Croix-l'Allumette
87286732,87286542,1.411,Roubaix,Tourcoing
87286740,87287219,1.0,Tressin,Anstaing
87286781,87287235,1.0,Cysoing,Bouvines
87286781,87287243,1.412,Cysoing,Cobrieux
87286807,87286815,1.555,Genech,Nomain-Ouvignies
87286807,87287243,1.0,Genech,Cobrieux
87286815,87286609,28.273,Nomain-Ouvignies,Nomain
87286815,87286807,1.555,Nomain-Ouvignies,Genech
87286831,87286062,1.0,Pont-de-Bois,Hellemmes
87286831,87286856,1.0,Pont-de-Bois,Annappes
87286831,87286864,33.425,Pont-de-Bois,Ascq
87286849,87286641,2.127,Lesquin,Fretin
87286849,87287128,1.883,Lesquin,Mont-de-Terre
87286856,87286831,1.0,Annappes,Pont-de-Bois
87286856,87286864,1.0,Annappes,Ascq
87286864,87286831,33.425,Ascq,Pont-de-Bois
87286864,87286856,1.0,Ascq,Annappes
87286864,87286872,2.891,Ascq,Baisieux
87286872,87286864,2.891,Baisieux,Ascq
87287102,87223263,41.08,Lezennes,Lille-Europe
87287102,87286005,40.617,Lezennes,Lille-Flandres
87287102,87286062,1.0,Lezennes,Hellemmes
87287102,87287128,10.279,Lezennes,Mont-de-Terre
87287102,87287250,30.546,Lezennes,Lille-Porte-de-Douai
87287128,87223263,43.239,Mont-de-Terre,Lille-Europe
87287128,87286005,42.101,Mont-de-Terre,Lille-Flandres
87287128,87286062,24.992,Mont-de-Terre,Hellemmes
87287128,87286849,1.883,Mont-de-Terre,Lesquin
87287128,87287102,10.279,Mont-de-Terre,Lezennes
87287128,87287250,26.087,Mont-de-Terre,Lille-Porte-de-Douai
87287151,87286146,2.126,Nieppe,Armentières
87287151,87286161,1.907,Nieppe,Steenwerck
87287169,87286229,1.0,Marquette,Wambrechies
87287185,87286245,1.0,Deûlémont,Quesnoy-sur-Deûle
87287185,87287193,1.581,Deûlémont,Ste-Marguerite
87287193,87286260,1.436,Ste-Marguerite,Comines
87287193,87287185,1.581,Ste-Marguerite,Deûlémont
87287219,87286740,1.0,Anstaing,Tressin
87287219,87287235,1.871,Anstaing,Bouvines
87287235,87286781,1.0,Bouvines,Cysoing
87287235,87287219,1.871,Bouvines,Anstaing
87287243,87286781,1.412,Cobrieux,Cysoing
87287243,87286807,1.0,Cobrieux,Genech
87287250,87109306,1.665,Lille-Porte-de-Douai,Lille CHR
87287250,87223263,45.942,Lille-Porte-de-Douai,Lille-Europe
87287250,87286005,42.371,Lille-Porte-de-Douai,Lille-Flandres
87287250,87286062,46.079,Lille-Porte-de-Douai,Hellemmes
87287250,87287102,30.546,Lille-Porte-de-Douai,Lezennes
87287250,87287128,26.087,Lille-Porte-de-Douai,Mont-de-Terre
87287276,87286625,1.429,Ennevelin,Templeuve
87287276,87286641,1.0,Ennevelin,Fretin
87287292,87281410,2.084,Nortkerque,Pont-d'Ardres
87287292,87281428,2.09,Nortkerque,Audruicq
87287300,87281428,3.256,Ruminghem,Audruicq
87287300,87281436,2.935,Ruminghem,Watten-Éperlecques
87295006,87295535,1.0,Maubeuge,Louvroil
87295006,87295543,33.681,Maubeuge,Sous-le-Bois
87295006,87297515,1.807,Maubeuge,Les Bons-Pères
87295014,87295022,1.928,Jeumont,Recquignies
87295022,87295014,1.928,Recquignies,Jeumont
87295022,87297515,1.401,Recquignies,Les Bons-Pères
87295048,87295055,2.556,Fourmies,Anor
87295048,87295709,5.151,Fourmies,Sains-du-Nord
87295055,87295048,2.556,Anor,Fourmies
87295055,87295063,4.479,Anor,Hirson
87295055,87324335,3.453,Anor,Hirson-Écoles
87295063,87172544,14.974,Hirson,Liart
87295063,87295055,4.479,Hirson,Anor
87295063,87296145,2.92,Hirson,Origny-en-Thiérache
87295063,87324335,1.026,Hirson,Hirson-Écoles
87295220,87295667,3.707,Le Cateau,Ors
87295220,87296244,5.0,Le Cateau,Busigny
87295535,87295006,1.0,Louvroil,Maubeuge
87295535,87295543,1.0,Louvroil,Sous-le-Bois
87295543,87295006,33.681,Sous-le-Bois,Maubeuge
87295543,87295535,1.0,Sous-le-Bois,Louvroil
87295543,87295568,1.309,Sous-le-Bois,Hautmont
87295568,87295543,1.309,Hautmont,Sous-le-Bois
87295568,87295600,4.495,Hautmont,Aulnoye-Aymeries
87295600,87295568,4.495,Aulnoye-Aymeries,Hautmont
87295600,87297523,4.692,Aulnoye-Aymeries,Hachette
87295642,87295667,2.673,Landrecies,Ors
87295642,87297523,3.071,Landrecies,Hachette
87295667,87295220,3.707,Ors,Le Cateau
87295667,87295642,2.673,Ors,Landrecies
87295709,87295048,5.151,Sains-du-Nord,Fourmies
87295709,87295725,2.925,Sains-du-Nord,Avesnelles
87295725,87295709,2.925,Avesnelles,Sains-du-Nord
87295725,87295733,1.0,Avesnelles,Avesnes
87295733,87295725,1.0,Avesnes,Avesnelles
87295733,87297531,1.0,Avesnes,St-Hilaire
87295774,87295790,2.728,Dompierre,Leval
87295774,87297531,1.85,Dompierre,St-Hilaire
87295790,87295774,2.728,Leval,Dompierre
87295790,87295808,2.5,Leval,Berlaimont
87295808,87295790,2.5,Berlaimont,Leval
87295808,87295857,7.19,Berlaimont,Le Quesnoy
87295857,87295808,7.19,Le Quesnoy,Berlaimont
87295857,87343210,7.979,Le Quesnoy,Le Poirier-Université
87296004,87296293,9.0,St-Quentin,Fresnoy-le-Grand
87296004,87296418,6.644,St-Quentin,Montescourt
87296012,87171769,5.967,Laon,Coucy-lès-Eppes
87296012,87296152,5.419,Laon,Crépy-Couvron
87296012,87296178,2.955,Laon,Clacy-Mons
87296012,87297291,4.205,Laon,Barenton-Bugny
87296095,87296129,8.099,Marle-sur-Serre,Vervins
87296095,87297150,2.314,Marle-sur-Serre,Voyenne
87296129,87296095,8.099,Vervins,Marle-sur-Serre
87296129,87297085,4.112,Vervins,La Bouteille
87296145,87295063,2.92,Origny-en-Thiérache,Hirson
87296145,87297085,2.567,Origny-en-Thiérache,La Bouteille
87296152,87296012,5.419,Crépy-Couvron,Laon
87296152,87296608,3.97,Crépy-Couvron,Versigny
87296178,87296012,2.955,Clacy-Mons,Laon
87296178,87296566,6.593,Clacy-Mons,Anizy-Pinon
87296244,87295220,5.116,Busigny,Le Cateau
87296244,87296269,3.206,Busigny,Bohain
87296269,87296244,3.206,Bohain,Busigny
87296269,87296293,2.375,Bohain,Fresnoy-le-Grand
87296293,87296004,9.0,Fresnoy-le-Grand,St-Quentin
87296293,87296269,2.375,Fresnoy-le-Grand,Bohain
87296418,87296004,6.644,Montescourt,St-Quentin
87296418,87296434,2.981,Montescourt,Mennessis
87296434,87296418,2.981,Mennessis,Montescourt
87296434,87296442,2.352,Mennessis,Tergnier
87296434,87296871,3.61,Mennessis,Flavy-le-Martel
87296442,87296434,2.352,Tergnier,Mennessis
87296442,87296632,3.389,Tergnier,La Fère
87296442,87297051,2.623,Tergnier,Viry-Noureuil
87296459,87276782,4.529,Appilly,Noyon
87296459,87296616,4.4,Appilly,Chauny
87296566,87296178,6.593,Anizy-Pinon,Clacy-Mons
87296566,87297283,2.181,Anizy-Pinon,Vauxaillon
87296608,87296152,3.97,Versigny,Crépy-Couvron
87296608,87296632,2.648,Versigny,La Fère
87296616,87296459,4.4,Chauny,Appilly
87296616,87297051,1.49,Chauny,Viry-Noureuil
87296632,87296442,3.389,La Fère,Tergnier
87296632,87296608,2.648,La Fère,Versigny
87296871,87296434,3.61,Flavy-le-Martel,Mennessis
87296871,87313494,4.875,Flavy-le-Martel,Ham
87297051,87296442,2.623,Viry-Noureuil,Tergnier
87297051,87296616,1.49,Viry-Noureuil,Chauny
87297085,87296129,4.112,La Bouteille,Vervins
87297085,87296145,2.567,La Bouteille,Origny-en-Thiérache
87297119,87297143,3.678,Verneuil-sur-Serre,Dercy-Froidmont
87297119,87297291,1.092,Verneuil-sur-Serre,Barenton-Bugny
87297143,87297119,3.678,Dercy-Froidmont,Verneuil-sur-Serre
87297143,87297150,1.822,Dercy-Froidmont,Voyenne
87297150,87296095,2.314,Voyenne,Marle-sur-Serre
87297150,87297143,1.822,Voyenne,Dercy-Froidmont
87297283,87271882,2.276,Vauxaillon,Margival
87297283,87296566,2.181,Vauxaillon,Anizy-Pinon
87297291,87296012,4.205,Barenton-Bugny,Laon
87297291,87297119,1.092,Barenton-Bugny,Verneuil-sur-Serre
87297515,87295006,1.807,Les Bons-Pères,Maubeuge
87297515,87295022,1.401,Les Bons-Pères,Recquignies
87297523,87295600,4.692,Hachette,Aulnoye-Aymeries
87297523,87295642,3.071,Hachette,Landrecies
87297531,87295733,1.0,St-Hilaire,Avesnes
87297531,87295774,1.85,St-Hilaire,Dompierre
87300822,87184408,6.159,Belfort-Montbéliard-TGV,Meroux
87300822,87300863,20.0,Belfort-Montbéliard-TGV,Besançon-Franche-Comté-TGV
87300863,87300822,20.0,Besançon-Franche-Comté-TGV,Belfort-Montbéliard-TGV
87303875,87182345,1.0,Ingersheim-Cité-Scolaire,Logelbach
87303875,87182352,1.0,Ingersheim-Cité-Scolaire,Turckheim
87313049,87313213,2.163,Longueau,Boves
87313049,87313874,2.505,Longueau,Amiens
87313049,87315044,5.514,Longueau,Daours
87313056,87315044,1.832,Corbie,Daours
87313056,87316059,2.519,Corbie,Heilly
87313064,87316059,1.516,Méricourt-Ribemont,Heilly
87313064,87316067,1.171,Méricourt-Ribemont,Buire-sur-l'Ancre
87313072,87316067,3.331,Albert,Buire-sur-l'Ancre
87313072,87342030,7.0,Albert,Miraumont
87313080,87313379,9.35,St-Roch (Somme),Namps-Quevauvillers
87313080,87313874,1.115,St-Roch (Somme),Amiens
87313080,87316075,2.681,St-Roch (Somme),Dreuil-lès-Amiens
87313098,87313106,2.542,Ailly-sur-Somme,Picquigny
87313098,87316075,1.357,Ailly-sur-Somme,Dreuil-lès-Amiens
87313106,87313098,2.542,Picquigny,Ailly-sur-Somme
87313106,87313114,3.817,Picquigny,Hangest
87313114,87313106,3.817,Hangest,Picquigny
87313114,87313122,3.427,Hangest,Longpré-les-Corps-Saints
87313122,87313114,3.427,Longpré-les-Corps-Saints,Hangest
87313122,87313130,4.792,Longpré-les-Corps-Saints,Pont-Remy
87313130,87313122,4.792,Pont-Remy,Longpré-les-Corps-Saints
87313130,87317362,4.728,Pont-Remy,Abbeville
87313213,87313049,2.163,Boves,Longueau
87313213,87316109,2.983,Boves,Dommartin-Remiencourt
87313213,87316125,2.799,Boves,Thézy-Glimont
87313221,87313239,3.754,Ailly-sur-Noye,La Faloise
87313221,87316109,2.98,Ailly-sur-Noye,Dommartin-Remiencourt
87313239,87313221,3.754,La Faloise,Ailly-sur-Noye
87313239,87313247,5.0,La Faloise,Breteuil-Embranchement
87313247,87313239,5.0,Breteuil-Embranchement,La Faloise
87313247,87313262,4.076,Breteuil-Embranchement,Gannes
87313262,87313247,4.0,Gannes,Breteuil-Embranchement
87313262,87313270,4.29,Gannes,St-Just-en-Chaussée
87313270,87313262,4.29,St-Just-en-Chaussée,Gannes
87313270,87313288,2.237,St-Just-en-Chaussée,St-Remy-en-l'Eau
87313288,87313270,2.237,St-Remy-en-l'Eau,St-Just-en-Chaussée
87313288,87313296,1.46,St-Remy-en-l'Eau,Avrechy
87313296,87313288,1.46,Avrechy,St-Remy-en-l'Eau
87313296,87313304,4.0,Avrechy,Clermont-de-l'Oise
87313304,87276212,4.0,Clermont-de-l'Oise,Liancourt-Rantigny
87313304,87313296,4.0,Clermont-de-l'Oise,Avrechy
87313320,87313338,4.677,Moreuil,Hargicourt-Pierrepont
87313320,87316125,2.828,Moreuil,Thézy-Glimont
87313338,87313320,4.677,Hargicourt-Pierrepont,Moreuil
87313338,87313346,4.955,Hargicourt-Pierrepont,Montdidier
87313346,87313338,4.955,Montdidier,Hargicourt-Pierrepont
87313346,87313353,5.49,Montdidier,Tricot
87313346,87313478,17.245,Montdidier,Chaulnes
87313353,87313346,5.49,Tricot,Montdidier
87313353,87316208,3.803,Tricot,Wacquemoulin
87313379,87313080,9.35,Namps-Quevauvillers,St-Roch (Somme)
87313379,87313395,6.054,Namps-Quevauvillers,Poix-de-Picardie
87313387,87271585,18.937,Estrées-St-Denis,Ormoy-Villers
87313387,87316208,4.355,Estrées-St-Denis,Wacquemoulin
87313395,87313379,6.054,Poix-de-Picardie,Namps-Quevauvillers
87313395,87313841,7.51,Poix-de-Picardie,Fouilloy
87313403,87276691,4.931,Rémy,Compiègne
87313403,87313601,25.483,Rémy,Rochy-Condé
87313437,87313445,2.46,Villers-Bretonneux,Marcelcave
87313445,87313437,2.46,Marcelcave,Villers-Bretonneux
87313445,87313460,5.407,Marcelcave,Rosières
87313460,87313445,5.407,Rosières,Marcelcave
87313460,87313478,3.648,Rosières,Chaulnes
87313478,87313346,17.245,Chaulnes,Montdidier
87313478,87313460,3.648,Chaulnes,Rosières
87313478,87313486,5.013,Chaulnes,Nesle
87313478,87345520,34.216,Chaulnes,Cambrai
87313486,87313478,5.013,Nesle,Chaulnes
87313486,87313494,6.574,Nesle,Ham
87313494,87296871,4.875,Ham,Flavy-le-Martel
87313494,87313486,6.574,Ham,Nesle
87313510,87313684,6.446,Beauvais,St-Sulpice-Auteuil
87313510,87313692,5.365,Beauvais,Herchies
87313544,87276618,1.316,Cramoisy,Montataire
87313544,87313551,2.197,Cramoisy,Cires-lès-Mello
87313551,87313544,2.197,Cires-lès-Mello,Cramoisy
87313551,87313569,1.733,Cires-lès-Mello,Balagny-St-Épin
87313569,87313551,1.733,Balagny-St-Épin,Cires-lès-Mello
87313569,87313577,1.768,Balagny-St-Épin,Mouy-Bury
87313577,87313569,1.768,Mouy-Bury,Balagny-St-Épin
87313577,87316398,2.473,Mouy-Bury,Heilles-Mouchy
87313585,87313593,1.107,Hermes-Berthecourt,Villers-St-Sépulcre
87313585,87316398,1.546,Hermes-Berthecourt,Heilles-Mouchy
87313593,87313585,1.107,Villers-St-Sépulcre,Hermes-Berthecourt
87313593,87316406,1.232,Villers-St-Sépulcre,Montreuil-sur-Thérain
87313601,87313403,25.483,Rochy-Condé,Rémy
87313601,87316406,1.49,Rochy-Condé,Montreuil-sur-Thérain
87313668,87272096,2.338,Méru,Esches
87313668,87313676,3.623,Méru,Laboissière-le-Déluge
87313676,87313668,3.623,Laboissière-le-Déluge,Méru
87313676,87313684,3.927,Laboissière-le-Déluge,St-Sulpice-Auteuil
87313684,87313510,6.446,St-Sulpice-Auteuil,Beauvais
87313684,87313676,3.927,St-Sulpice-Auteuil,Laboissière-le-Déluge
87313692,87313510,5.365,Herchies,Beauvais
87313692,87313700,1.503,Herchies,Milly-sur-Thérain
87313700,87313692,1.503,Milly-sur-Thérain,Herchies
87313700,87313718,1.66,Milly-sur-Thérain,St-Omer-en-Chaussée
87313718,87313700,1.66,St-Omer-en-Chaussée,Milly-sur-Thérain
87313718,87313726,3.202,St-Omer-en-Chaussée,Marseille-en-Beauvaisis
87313726,87313718,3.202,Marseille-en-Beauvaisis,St-Omer-en-Chaussée
87313726,87313734,6.404,Marseille-en-Beauvaisis,Grandvilliers
87313734,87313726,6.404,Grandvilliers,Marseille-en-Beauvaisis
87313734,87313742,4.287,Grandvilliers,Feuquières-Broquiers
87313742,87313734,4.287,Feuquières-Broquiers,Grandvilliers
87313742,87313759,3.344,Feuquières-Broquiers,Abancourt
87313759,87276345,6.289,Abancourt,Deuil-Montmagny
87313759,87313742,3.344,Abancourt,Feuquières-Broquiers
87313759,87313767,5.624,Abancourt,Aumale
87313759,87313833,2.818,Abancourt,Formerie
87313759,87313841,3.701,Abancourt,Fouilloy
87313767,87313759,5.624,Aumale,Abancourt
87313767,87313809,12.19,Aumale,Blangy-sur-Bresle
87313809,87313767,12.19,Blangy-sur-Bresle,Aumale
87313809,87313817,4.319,Blangy-sur-Bresle,Longroy-Gamaches
87313817,87313809,4.319,Longroy-Gamaches,Blangy-sur-Bresle
87313817,87317537,7.096,Longroy-Gamaches,Eu
87313833,87313759,2.818,Formerie,Abancourt
87313833,87411470,8.421,Formerie,Serqueux
87313841,87313395,7.51,Fouilloy,Poix-de-Picardie
87313841,87313759,3.701,Fouilloy,Abancourt
87313874,87313049,2.505,Amiens,Longueau
87313874,87313080,1.115,Amiens,St-Roch (Somme)
87315044,87313049,5.514,Daours,Longueau
87315044,87313056,1.832,Daours,Corbie
87316059,87313056,2.519,Heilly,Corbie
87316059,87313064,1.516,Heilly,Méricourt-Ribemont
87316067,87313064,1.171,Buire-sur-l'Ancre,Méricourt-Ribemont
87316067,87313072,3.331,Buire-sur-l'Ancre,Albert
87316075,87313080,2.681,Dreuil-lès-Amiens,St-Roch (Somme)
87316075,87313098,1.357,Dreuil-lès-Amiens,Ailly-sur-Somme
87316109,87313213,2.983,Dommartin-Remiencourt,Boves
87316109,87313221,2.98,Dommartin-Remiencourt,Ailly-sur-Noye
87316125,87313213,2.799,Thézy-Glimont,Boves
87316125,87313320,2.828,Thézy-Glimont,Moreuil
87316208,87313353,3.803,Wacquemoulin,Tricot
87316208,87313387,4.355,Wacquemoulin,Estrées-St-Denis
87316398,87313577,2.473,Heilles-Mouchy,Mouy-Bury
87316398,87313585,1.546,Heilles-Mouchy,Hermes-Berthecourt
87316406,87313593,1.232,Montreuil-sur-Thérain,Villers-St-Sépulcre
87316406,87313601,1.49,Montreuil-sur-Thérain,Rochy-Condé
87316604,87317206,1.753,Aubin-St-Vaast,Maresquel
87316604,87317222,2.932,Aubin-St-Vaast,Hesdin
87316679,87281071,2.53,Pihen,Calais-Fréthun
87316679,87317321,2.183,Pihen,Caffiers
87316687,87317321,2.77,Le Haut-Banc,Caffiers
87316687,87317339,1.715,Le Haut-Banc,Marquise-Rinxent
87316745,87317487,2.457,Acheux-Franleu,Quesnoy-le-Montant
87316745,87317495,1.219,Acheux-Franleu,Chepy-Valines
87316752,87317495,1.225,Feuquerolles,Chepy-Valines
87316752,87317503,1.0,Feuquerolles,Feuquières-Fressenneville
87317016,87317123,2.521,Boulogne-Tintelleries,Wimille-Wimereux
87317016,87317586,22.882,Boulogne-Tintelleries,Boulogne-Ville
87317057,87317065,6.0,Rang-du-Fliers-Verton,Étaples-Le Touquet
87317057,87317404,8.785,Rang-du-Fliers-Verton,Rue
87317065,87317057,6.0,Étaples-Le Touquet,Rang-du-Fliers-Verton
87317065,87317081,4.0,Étaples-Le Touquet,Dannes-Camiers
87317065,87317164,6.078,Étaples-Le Touquet,Montreuil-sur-Mer
87317081,87317065,4.0,Dannes-Camiers,Étaples-Le Touquet
87317081,87317099,3.133,Dannes-Camiers,Neufchâtel-Hardelot
87317099,87317081,3.133,Neufchâtel-Hardelot,Dannes-Camiers
87317099,87317107,2.807,Neufchâtel-Hardelot,Hesdigneul
87317107,87317099,2.807,Hesdigneul,Neufchâtel-Hardelot
87317107,87317115,2.071,Hesdigneul,Pont-de-Briques
87317115,87317107,2.071,Pont-de-Briques,Hesdigneul
87317115,87317586,2.785,Pont-de-Briques,Boulogne-Ville
87317123,87317016,2.521,Wimille-Wimereux,Boulogne-Tintelleries
87317123,87317339,5.721,Wimille-Wimereux,Marquise-Rinxent
87317164,87317065,6.078,Montreuil-sur-Mer,Étaples-Le Touquet
87317164,87317180,2.738,Montreuil-sur-Mer,Brimeux
87317180,87317164,2.738,Brimeux,Montreuil-sur-Mer
87317180,87317198,2.91,Brimeux,Beaurainville
87317198,87317180,2.91,Beaurainville,Brimeux
87317198,87317206,1.664,Beaurainville,Maresquel
87317206,87316604,1.753,Maresquel,Aubin-St-Vaast
87317206,87317198,1.664,Maresquel,Beaurainville
87317222,87316604,2.932,Hesdin,Aubin-St-Vaast
87317222,87317230,2.959,Hesdin,Auchy-lès-Hesdin
87317230,87317222,2.959,Auchy-lès-Hesdin,Hesdin
87317230,87317248,3.297,Auchy-lès-Hesdin,Blangy-sur-Ternoise
87317248,87317230,3.297,Blangy-sur-Ternoise,Auchy-lès-Hesdin
87317248,87317255,3.71,Blangy-sur-Ternoise,Anvin
87317255,87317248,3.71,Anvin,Blangy-sur-Ternoise
87317263,87317305,1.106,Calais-Ville,Les Fontinettes
87317263,87317610,55.736,Calais-Ville,Beau-Marais
87317305,87281071,3.146,Les Fontinettes,Calais-Fréthun
87317305,87281410,5.595,Les Fontinettes,Pont-d'Ardres
87317305,87317263,1.106,Les Fontinettes,Calais-Ville
87317305,87317610,51.843,Les Fontinettes,Beau-Marais
87317321,87316679,2.183,Caffiers,Pihen
87317321,87316687,2.77,Caffiers,Le Haut-Banc
87317339,87316687,1.715,Marquise-Rinxent,Le Haut-Banc
87317339,87317123,5.721,Marquise-Rinxent,Wimille-Wimereux
87317362,87313130,4.728,Abbeville,Pont-Remy
87317362,87317396,7.418,Abbeville,Noyelles-sur-Mer
87317396,87317362,7.418,Noyelles-sur-Mer,Abbeville
87317396,87317404,5.408,Noyelles-sur-Mer,Rue
87317404,87317057,8.785,Rue,Rang-du-Fliers-Verton
87317404,87317396,5.408,Rue,Noyelles-sur-Mer
87317487,87316745,2.457,Quesnoy-le-Montant,Acheux-Franleu
87317495,87316745,1.219,Chepy-Valines,Acheux-Franleu
87317495,87316752,1.225,Chepy-Valines,Feuquerolles
87317503,87316752,1.0,Feuquières-Fressenneville,Feuquerolles
87317503,87317511,2.047,Feuquières-Fressenneville,Woincourt
87317511,87317503,2.047,Woincourt,Feuquières-Fressenneville
87317511,87317537,5.074,Woincourt,Eu
87317529,87317537,1.721,Le Tréport-Mers,Eu
87317537,87313817,7.096,Eu,Longroy-Gamaches
87317537,87317511,5.074,Eu,Woincourt
87317537,87317529,1.721,Eu,Le Tréport-Mers
87317586,87317016,22.882,Boulogne-Ville,Boulogne-Tintelleries
87317586,87317115,2.785,Boulogne-Ville,Pont-de-Briques
87317610,87281246,9.046,Beau-Marais,Gravelines
87317610,87317263,55.736,Beau-Marais,Calais-Ville
87317610,87317305,51.843,Beau-Marais,Les Fontinettes
87318964,87319012,18.0,Avignon-TGV,Aix-en-Provence-TGV
87318964,87763029,31.0,Avignon-TGV,Valence-TGV
87318964,87765008,40.135,Avignon-TGV,Avignon-Centre
87319012,87318964,18.0,Aix-en-Provence-TGV,Avignon-TGV
87321745,87481689,1.0,Penhoët,La Croix-de-Méan
87321745,87481705,1.0,Penhoët,St-Nazaire
87322347,87473850,1.16,Traou-Nez,Lancerf
87322347,87473876,1.841,Traou-Nez,Frynaudour
87323675,87641001,20.801,Montluçon-Rimard,Montluçon-Ville
87323675,87641191,34.199,Montluçon-Rimard,La Ville-Gozet
87323675,87641415,6.462,Montluçon-Rimard,Commentry
87324095,87575217,1.0,Futuroscope,Jaunay-Clan
87324095,87575225,1.131,Futuroscope,Chasseneuil (Vienne)
87324335,87295055,3.453,Hirson-Écoles,Anor
87324335,87295063,1.026,Hirson-Écoles,Hirson
87328021,87615344,4.757,Les Cauquillous,St-Sulpice
87328021,87615476,3.484,Les Cauquillous,Lavaur
87328195,87574855,6.127,Thésée,Montrichard
87328195,87574897,3.664,Thésée,St-Aignan-Noyers
87328328,87545301,1.022,Bibliothèque-François-Mitterrand,Ivry-sur-Seine
87328328,87547000,1.0,Bibliothèque-François-Mitterrand,Paris-Austerlitz
87328328,87547026,28.226,Bibliothèque-François-Mitterrand,Paris-Austerlitz-Souterrain
87328328,87686006,31.001,Bibliothèque-François-Mitterrand,Paris-Gare-de-Lyon
87328328,87686030,30.678,Bibliothèque-François-Mitterrand,Paris-Gare-de-Lyon-Souterrain
87328328,87686667,24.677,Bibliothèque-François-Mitterrand,Paris-Bercy
87334482,87381905,1.743,Neuville-Université,Cergy-Préfecture
87334490,87471003,2.874,Cesson-Sévigné,Rennes
87334490,87471540,3.145,Cesson-Sévigné,Noyal-Acigné
87334508,87471003,48.276,La Poterie,Rennes
87334508,87471029,3.144,La Poterie,Vern
87337378,87444406,1.167,Dives-sur-Mer-Port-Guillaume,Houlgate
87337378,87444414,1.0,Dives-sur-Mer-Port-Guillaume,Dives-Cabourg
87337980,87276097,1.369,St-Ouen-l'Aumône-Liesse,Pierrelaye
87337980,87276105,1.216,St-Ouen-l'Aumône-Liesse,St-Ouen-l'Aumône
87337980,87276147,37.244,St-Ouen-l'Aumône-Liesse,Épluches
87337980,87276154,46.129,St-Ouen-l'Aumône-Liesse,Pont-Petit
87337980,87381426,30.397,St-Ouen-l'Aumône-Liesse,St-Ouen-l'Aumône-Église
87338517,87212308,1.223,Hoenheim-Tram,Bischheim
87338517,87212316,3.488,Hoenheim-Tram,La Wantzenau
87338525,87212027,1.784,Krimmeri-Meinau,Strasbourg-Ville
87338590,87756395,3.574,Monte-Carlo-Country-Club,Cap-d'Ail
87338590,87756460,1.0,Monte-Carlo-Country-Club,Cap-Martin-Roquebrune
87338590,87756478,41.321,Monte-Carlo-Country-Club,Carnolès
87342006,87342139,2.787,Béthune,Noeux-les-Mines
87342006,87342204,1.348,Béthune,Fouquereuil
87342014,87342071,4.948,Arras,Boisleux
87342014,87342089,4.709,Arras,Roeux
87342014,87342592,4.405,Arras,Bailleul-Sir-Berthoult
87342030,87313072,7.0,Miraumont,Albert
87342030,87342048,3.0,Miraumont,Achiet
87342048,87342030,3.0,Achiet,Miraumont
87342048,87342063,2.283,Achiet,Courcelles-le-Comte
87342063,87342048,2.283,Courcelles-le-Comte,Achiet
87342063,87342071,2.679,Courcelles-le-Comte,Boisleux
87342071,87342014,4.948,Boisleux,Arras
87342071,87342063,2.679,Boisleux,Courcelles-le-Comte
87342089,87342014,4.709,Roeux,Arras
87342089,87342097,1.949,Roeux,Biache-St-Vaast
87342097,87342089,1.949,Biache-St-Vaast,Roeux
87342097,87342113,1.676,Biache-St-Vaast,Vitry-en-Artois
87342105,87342121,1.481,Bully-Grenay,Mazingarbe
87342105,87345041,1.75,Bully-Grenay,Liévin
87342113,87342097,1.676,Vitry-en-Artois,Biache-St-Vaast
87342113,87345108,1.399,Vitry-en-Artois,Brebières-Sud
87342121,87342105,1.481,Mazingarbe,Bully-Grenay
87342121,87342139,1.787,Mazingarbe,Noeux-les-Mines
87342139,87342006,2.787,Noeux-les-Mines,Béthune
87342139,87342121,1.787,Noeux-les-Mines,Mazingarbe
87342188,87342212,3.201,Maroeuil,Frévin-Capelle
87342204,87342006,1.348,Fouquereuil,Béthune
87342204,87342220,1.868,Fouquereuil,Chocques
87342212,87342188,3.201,Frévin-Capelle,Maroeuil
87342212,87342246,1.708,Frévin-Capelle,Aubigny-en-Artois
87342220,87342204,1.868,Chocques,Fouquereuil
87342220,87342238,3.729,Chocques,Lillers
87342238,87342220,3.729,Lillers,Chocques
87342238,87342261,1.847,Lillers,Ham-en-Artois
87342246,87342212,1.708,Aubigny-en-Artois,Frévin-Capelle
87342246,87342253,1.426,Aubigny-en-Artois,Savy-Berlette
87342253,87342246,1.426,Savy-Berlette,Aubigny-en-Artois
87342253,87342303,2.414,Savy-Berlette,Tincques
87342261,87342238,1.847,Ham-en-Artois,Lillers
87342261,87342279,1.54,Ham-en-Artois,Isbergues
87342279,87342261,1.54,Isbergues,Ham-en-Artois
87342279,87342287,2.385,Isbergues,Thiennes
87342287,87342279,2.385,Thiennes,Isbergues
87342287,87342295,2.262,Thiennes,Steenbecque
87342295,87286302,3.717,Steenbecque,Hazebrouck
87342295,87342287,2.262,Steenbecque,Thiennes
87342303,87342253,2.414,Tincques,Savy-Berlette
87342337,87342550,7.947,St-Pol-sur-Ternoise,Pernes-Camblain
87342402,87342410,2.228,Beuvry (Pas-de-Calais),Cuinchy
87342402,87342535,8.066,Beuvry (Pas-de-Calais),Vis-à-Marles
87342410,87342402,2.228,Cuinchy,Beuvry (Pas-de-Calais)
87342410,87342436,2.482,Cuinchy,La Bassée
87342436,87342410,2.482,La Bassée,Cuinchy
87342436,87342451,1.501,La Bassée,Salomé
87342451,87342436,1.501,Salomé,La Bassée
87342451,87342469,1.235,Salomé,Marquillies
87342469,87286435,1.93,Marquillies,Don-Sainghin
87342469,87342451,1.235,Marquillies,Salomé
87342527,87342576,1.0,Farbus,Vimy
87342527,87342592,1.475,Farbus,Bailleul-Sir-Berthoult
87342535,87342402,8.066,Vis-à-Marles,Beuvry (Pas-de-Calais)
87342535,87342543,1.953,Vis-à-Marles,Calonne-Ricouart
87342543,87342535,1.953,Calonne-Ricouart,Vis-à-Marles
87342543,87342550,2.011,Calonne-Ricouart,Pernes-Camblain
87342550,87342337,7.947,Pernes-Camblain,St-Pol-sur-Ternoise
87342550,87342543,2.011,Pernes-Camblain,Calonne-Ricouart
87342576,87342527,1.0,Vimy,Farbus
87342576,87342584,2.168,Vimy,Avion
87342584,87342576,2.168,Avion,Vimy
87342584,87345025,1.435,Avion,Lens
87342592,87342014,4.405,Bailleul-Sir-Berthoult,Arras
87342592,87342527,1.475,Bailleul-Sir-Berthoult,Farbus
87343004,87343160,1.93,Valenciennes,Beuvrages
87343004,87343210,2.129,Valenciennes,Le Poirier-Université
87343004,87343400,2.342,Valenciennes,Trith-St-Léger
87343103,87286567,2.841,St-Amand-les-Eaux,Rosult
87343103,87343160,4.927,St-Amand-les-Eaux,Beuvrages
87343160,87343004,1.93,Beuvrages,Valenciennes
87343160,87343103,4.927,Beuvrages,St-Amand-les-Eaux
87343210,87295857,7.979,Le Poirier-Université,Le Quesnoy
87343210,87343004,2.129,Le Poirier-Université,Valenciennes
87343210,87343400,18.202,Le Poirier-Université,Trith-St-Léger
87343400,87343004,2.342,Trith-St-Léger,Valenciennes
87343400,87343210,18.202,Trith-St-Léger,Le Poirier-Université
87343400,87343418,1.488,Trith-St-Léger,Prouvy-Thiant
87343418,87343400,1.488,Prouvy-Thiant,Trith-St-Léger
87343418,87343459,3.802,Prouvy-Thiant,Denain
87343459,87343418,3.802,Denain,Prouvy-Thiant
87343475,87345314,4.176,Lourches,Somain
87343475,87345389,2.055,Lourches,Bouchain
87345009,87345116,2.956,Douai,Corbehem
87345009,87345207,1.612,Douai,Pont-de-la-Deûle
87345009,87345405,1.463,Douai,Sin-le-Noble
87345025,87342584,1.435,Lens,Avion
87345025,87345033,1.479,Lens,Loos-en-Gohelle
87345033,87345025,1.479,Loos-en-Gohelle,Lens
87345033,87345041,1.0,Loos-en-Gohelle,Liévin
87345041,87342105,1.75,Liévin,Bully-Grenay
87345041,87345033,1.0,Liévin,Loos-en-Gohelle
87345108,87342113,1.399,Brebières-Sud,Vitry-en-Artois
87345108,87345116,1.115,Brebières-Sud,Corbehem
87345116,87345009,2.956,Corbehem,Douai
87345116,87345108,1.115,Corbehem,Brebières-Sud
87345124,87345132,1.0,Pont-de-Sallaumines,Coron-de-Méricourt
87345124,87345215,15.617,Pont-de-Sallaumines,Sallaumines
87345132,87345124,1.0,Coron-de-Méricourt,Pont-de-Sallaumines
87345132,87345140,1.061,Coron-de-Méricourt,Billy-Montigny
87345140,87345132,1.061,Billy-Montigny,Coron-de-Méricourt
87345140,87345157,1.601,Billy-Montigny,Hénin-Beaumont
87345157,87345140,1.601,Hénin-Beaumont,Billy-Montigny
87345157,87345165,1.617,Hénin-Beaumont,Dourges
87345165,87345157,1.617,Dourges,Hénin-Beaumont
87345207,87345009,1.612,Pont-de-la-Deûle,Douai
87345207,87345223,2.093,Pont-de-la-Deûle,Leforest
87345215,87345124,15.617,Sallaumines,Pont-de-Sallaumines
87345215,87345231,1.109,Sallaumines,Loison-sous-Lens
87345223,87345207,2.093,Leforest,Pont-de-la-Deûle
87345223,87345249,1.5,Leforest,Halte d'Ostricourt
87345231,87345215,1.109,Loison-sous-Lens,Sallaumines
87345231,87345264,2.085,Loison-sous-Lens,Pont-à-Vendin
87345249,87345223,1.5,Halte d'Ostricourt,Leforest
87345249,87345256,2.477,Halte d'Ostricourt,Libercourt
87345256,87286500,2.176,Libercourt,Phalempin
87345256,87345249,2.477,Libercourt,Halte d'Ostricourt
87345264,87345231,2.085,Pont-à-Vendin,Loison-sous-Lens
87345264,87345272,1.805,Pont-à-Vendin,Meurchin
87345272,87345264,1.805,Meurchin,Pont-à-Vendin
87345272,87345280,1.0,Meurchin,Bauvin-Provin
87345280,87345272,1.0,Bauvin-Provin,Meurchin
87345314,87343475,4.176,Somain,Lourches
87345389,87343475,2.055,Bouchain,Lourches
87345389,87345397,3.259,Bouchain,Iwuy
87345397,87345389,3.259,Iwuy,Bouchain
87345397,87345496,2.984,Iwuy,Escaudoeuvres
87345405,87345009,1.463,Sin-le-Noble,Douai
87345405,87345413,2.816,Sin-le-Noble,Cantin
87345413,87345405,2.816,Cantin,Sin-le-Noble
87345413,87345421,1.711,Cantin,Arleux
87345421,87345413,1.711,Arleux,Cantin
87345421,87345439,1.145,Arleux,Brunémont
87345439,87345421,1.145,Brunémont,Arleux
87345439,87345447,1.0,Brunémont,Aubigny-au-Bac
87345447,87345439,1.0,Aubigny-au-Bac,Brunémont
87345447,87345520,7.809,Aubigny-au-Bac,Cambrai
87345496,87345397,2.984,Escaudoeuvres,Iwuy
87345496,87345595,5.402,Escaudoeuvres,Wambaix
87345520,87313478,34.216,Cambrai,Chaulnes
87345520,87345447,7.809,Cambrai,Aubigny-au-Bac
87345546,87345553,1.51,Maurois,Bertry
87345553,87345546,1.51,Bertry,Maurois
87345553,87345561,2.345,Bertry,Caudry
87345561,87345553,2.345,Caudry,Bertry
87345561,87345587,3.194,Caudry,Cattenières
87345587,87345561,3.194,Cattenières,Caudry
87345587,87345595,1.017,Cattenières,Wambaix
87345595,87345496,5.402,Wambaix,Escaudoeuvres
87345595,87345587,1.017,Wambaix,Cattenières
87352047,87715326,1.0,Paul-Émile-Victor,Champagnole
87352047,87715383,6.114,Paul-Émile-Victor,La Chaux-des-Crotenay
87353573,87353599,37.96,Le Toec,St-Martin-du-Touch
87353573,87446179,1.0,Le Toec,St-Cyprien-Arènes
87353573,87497461,45.059,Le Toec,Galliéni-Cancéropole
87353573,87611939,1.0,Le Toec,Lardenne
87353581,87353599,1.0,Les Ramassiers,St-Martin-du-Touch
87353581,87611467,1.0,Les Ramassiers,Colomiers
87353581,87611939,39.826,Les Ramassiers,Lardenne
87353599,87353573,37.96,St-Martin-du-Touch,Le Toec
87353599,87353581,1.0,St-Martin-du-Touch,Les Ramassiers
87353599,87446179,54.176,St-Martin-du-Touch,St-Cyprien-Arènes
87353599,87611939,1.0,St-Martin-du-Touch,Lardenne
87354589,87354597,1.173,St-Sébastien-Pas-Enchantés,St-Sébastien-Frêne-Rond
87354589,87481002,1.718,St-Sébastien-Pas-Enchantés,Nantes
87354597,87354589,1.173,St-Sébastien-Frêne-Rond,St-Sébastien-Pas-Enchantés
87354597,87481408,1.0,St-Sébastien-Frêne-Rond,Vertou
87381012,87111278,1.0,Péreire-Levallois,Porte-de-Clichy
87381012,87281899,38.307,Péreire-Levallois,Haussmann-St-Lazare
87381012,87381020,1.0,Péreire-Levallois,Neuilly-Porte-Maillot
87381012,87381038,35.519,Péreire-Levallois,Avenue-Foch
87381012,87381046,44.982,Péreire-Levallois,Avenue-Henri-Martin
87381012,87381111,1.0,Péreire-Levallois,Pont-Cardinet
87381012,87384008,35.304,Péreire-Levallois,Paris-St-Lazare
87381012,87393033,41.36,Péreire-Levallois,Invalides
87381012,87393041,38.951,Péreire-Levallois,Pont-de-l'Alma
87381012,87393058,48.348,Péreire-Levallois,Champ-de-Mars-Tour-Eiffel
87381012,87543181,53.186,Péreire-Levallois,Boulainvilliers
87381012,87543207,55.73,Péreire-Levallois,Avenue-du-Président-Kennedy-Radio-France
87381012,87731448,23.368,Péreire-Levallois,Porte Maillot
87381020,87111278,43.251,Neuilly-Porte-Maillot,Porte-de-Clichy
87381020,87281899,48.16,Neuilly-Porte-Maillot,Haussmann-St-Lazare
87381020,87381012,1.0,Neuilly-Porte-Maillot,Péreire-Levallois
87381020,87381038,1.0,Neuilly-Porte-Maillot,Avenue-Foch
87381020,87381046,28.27,Neuilly-Porte-Maillot,Avenue-Henri-Martin
87381020,87381111,36.882,Neuilly-Porte-Maillot,Pont-Cardinet
87381020,87384008,46.016,Neuilly-Porte-Maillot,Paris-St-Lazare
87381020,87393033,40.987,Neuilly-Porte-Maillot,Invalides
87381020,87393041,32.727,Neuilly-Porte-Maillot,Pont-de-l'Alma
87381020,87393058,37.05,Neuilly-Porte-Maillot,Champ-de-Mars-Tour-Eiffel
87381020,87393066,52.421,Neuilly-Porte-Maillot,Javel
87381020,87543181,37.961,Neuilly-Porte-Maillot,Boulainvilliers
87381020,87543207,41.983,Neuilly-Porte-Maillot,Avenue-du-Président-Kennedy-Radio-France
87381020,87731448,6.54,Neuilly-Porte-Maillot,Porte Maillot
87381038,87111278,56.394,Avenue-Foch,Porte-de-Clichy
87381038,87281899,56.845,Avenue-Foch,Haussmann-St-Lazare
87381038,87381012,35.519,Avenue-Foch,Péreire-Levallois
87381038,87381020,1.0,Avenue-Foch,Neuilly-Porte-Maillot
87381038,87381046,1.0,Avenue-Foch,Avenue-Henri-Martin
87381038,87381111,49.459,Avenue-Foch,Pont-Cardinet
87381038,87384008,55.323,Avenue-Foch,Paris-St-Lazare
87381038,87393033,43.819,Avenue-Foch,Invalides
87381038,87393041,32.335,Avenue-Foch,Pont-de-l'Alma
87381038,87393058,30.5,Avenue-Foch,Champ-de-Mars-Tour-Eiffel
87381038,87393066,41.665,Avenue-Foch,Javel
87381038,87393322,52.408,Avenue-Foch,Pont-du-Garigliano-Hôpital-Georges-Pompidou
87381038,87543181,26.513,Avenue-Foch,Boulainvilliers
87381038,87543207,32.035,Avenue-Foch,Avenue-du-Président-Kennedy-Radio-France
87381038,87731448,17.615,Avenue-Foch,Porte Maillot
87381046,87381012,44.982,Avenue-Henri-Martin,Péreire-Levallois
87381046,87381020,28.27,Avenue-Henri-Martin,Neuilly-Porte-Maillot
87381046,87381038,1.0,Avenue-Henri-Martin,Avenue-Foch
87381046,87381111,58.013,Avenue-Henri-Martin,Pont-Cardinet
87381046,87393033,45.308,Avenue-Henri-Martin,Invalides
87381046,87393041,32.679,Avenue-Henri-Martin,Pont-de-l'Alma
87381046,87393058,25.741,Avenue-Henri-Martin,Champ-de-Mars-Tour-Eiffel
87381046,87393066,32.246,Avenue-Henri-Martin,Javel
87381046,87393322,42.389,Avenue-Henri-Martin,Pont-du-Garigliano-Hôpital-Georges-Pompidou
87381046,87543181,1.0,Avenue-Henri-Martin,Boulainvilliers
87381046,87543207,23.702,Avenue-Henri-Martin,Avenue-du-Président-Kennedy-Radio-France
87381046,87731448,27.745,Avenue-Henri-Martin,Porte Maillot
87381079,87381087,1.0,Bois-Colombes,Colombes
87381079,87381137,1.0,Bois-Colombes,Asnières-sur-Seine
87381079,87386300,19.174,Bois-Colombes,Les Vallées
87381087,87381079,1.0,Colombes,Bois-Colombes
87381087,87381095,1.0,Colombes,Le Stade
87381087,87386003,31.824,Colombes,La Garenne-Colombes
87381095,87381087,1.0,Le Stade,Colombes
87381095,87381848,1.0,Le Stade,Argenteuil
87381095,87386003,41.786,Le Stade,La Garenne-Colombes
87381111,87111278,14.554,Pont-Cardinet,Porte-de-Clichy
87381111,87113001,51.94,Pont-Cardinet,Paris-Est
87381111,87271007,48.27,Pont-Cardinet,Paris-Nord
87381111,87271023,48.27,Pont-Cardinet,Paris-Nord-Souterraine
87381111,87271031,48.27,Pont-Cardinet,Paris-Nord-Surface
87381111,87281873,50.177,Pont-Cardinet,Magenta
87381111,87281899,28.717,Pont-Cardinet,Haussmann-St-Lazare
87381111,87381012,1.0,Pont-Cardinet,Péreire-Levallois
87381111,87381020,36.882,Pont-Cardinet,Neuilly-Porte-Maillot
87381111,87381038,49.459,Pont-Cardinet,Avenue-Foch
87381111,87381046,58.013,Pont-Cardinet,Avenue-Henri-Martin
87381111,87381129,1.0,Pont-Cardinet,Clichy-Levallois
87381111,87384008,1.0,Pont-Cardinet,Paris-St-Lazare
87381111,87393033,41.549,Pont-Cardinet,Invalides
87381111,87393041,44.433,Pont-Cardinet,Pont-de-l'Alma
87381111,87393058,56.5,Pont-Cardinet,Champ-de-Mars-Tour-Eiffel
87381111,87731448,38.143,Pont-Cardinet,Porte Maillot
87381129,87381111,1.0,Clichy-Levallois,Pont-Cardinet
87381129,87381137,1.0,Clichy-Levallois,Asnières-sur-Seine
87381137,87381079,1.0,Asnières-sur-Seine,Bois-Colombes
87381137,87381129,1.0,Asnières-sur-Seine,Clichy-Levallois
87381137,87382002,1.0,Asnières-sur-Seine,Bécon-les-Bruyères
87381137,87386300,1.34,Asnières-sur-Seine,Les Vallées
87381145,87276139,1.39,Osny,Pontoise
87381145,87381152,1.583,Osny,Boissy-l'Aillerie
87381152,87381145,1.583,Boissy-l'Aillerie,Osny
87381152,87381160,1.0,Boissy-l'Aillerie,Montgeroult-Courcelles
87381160,87381152,1.0,Montgeroult-Courcelles,Boissy-l'Aillerie
87381160,87381178,1.828,Montgeroult-Courcelles,Us
87381178,87381160,1.828,Us,Montgeroult-Courcelles
87381178,87381186,1.765,Us,Santeuil-Le Perchay
87381186,87381178,1.765,Santeuil-Le Perchay,Us
87381186,87381194,2.473,Santeuil-Le Perchay,Chars
87381194,87381186,2.473,Chars,Santeuil-Le Perchay
87381194,87381202,2.629,Chars,Lavilletertre
87381202,87381194,2.629,Lavilletertre,Chars
87381202,87381210,1.315,Lavilletertre,Liancourt-St-Pierre
87381210,87381202,1.315,Liancourt-St-Pierre,Lavilletertre
87381210,87381228,3.103,Liancourt-St-Pierre,Chaumont-en-Vexin
87381228,87381210,3.103,Chaumont-en-Vexin,Liancourt-St-Pierre
87381228,87381236,2.799,Chaumont-en-Vexin,Trie-Château
87381236,87381228,2.799,Trie-Château,Chaumont-en-Vexin
87381236,87381244,1.508,Trie-Château,Gisors
87381244,87381236,1.508,Gisors,Trie-Château
87381244,87381269,4.513,Gisors,Sérifontaine
87381269,87381244,4.513,Sérifontaine,Gisors
87381269,87381293,9.178,Sérifontaine,Gournay-Ferrières
87381293,87381269,9.178,Gournay-Ferrières,Sérifontaine
87381293,87411470,13.574,Gournay-Ferrières,Serqueux
87381418,87381426,1.421,Éragny-Neuville,St-Ouen-l'Aumône-Église
87381418,87381459,2.045,Éragny-Neuville,Conflans-Fin-d'Oise
87381426,87276105,15.075,St-Ouen-l'Aumône-Église,St-Ouen-l'Aumône
87381426,87276147,35.544,St-Ouen-l'Aumône-Église,Épluches
87381426,87276154,48.08,St-Ouen-l'Aumône-Église,Pont-Petit
87381426,87337980,30.397,St-Ouen-l'Aumône-Église,St-Ouen-l'Aumône-Liesse
87381426,87381418,1.421,St-Ouen-l'Aumône-Église,Éragny-Neuville
87381459,87381418,2.045,Conflans-Fin-d'Oise,Éragny-Neuville
87381459,87381483,1.0,Conflans-Fin-d'Oise,Maurecourt
87381459,87381657,1.173,Conflans-Fin-d'Oise,Achères-Ville
87381459,87381897,1.005,Conflans-Fin-d'Oise,Conflans-Ste-Honorine
87381475,87381491,1.0,Chanteloup-les-Vignes,Andrésy
87381475,87381806,1.174,Chanteloup-les-Vignes,Triel-sur-Seine
87381483,87381459,1.0,Maurecourt,Conflans-Fin-d'Oise
87381483,87381491,1.0,Maurecourt,Andrésy
87381491,87381475,1.0,Andrésy,Chanteloup-les-Vignes
87381491,87381483,1.0,Andrésy,Maurecourt
87381509,87381590,1.0,Mantes-la-Jolie,Mantes-Station
87381509,87381624,7.418,Mantes-la-Jolie,Bréval
87381509,87415885,2.987,Mantes-la-Jolie,Rosny-sur-Seine
87381558,87381566,1.582,Juziers,Gargenville
87381558,87381830,2.44,Juziers,Meulan-Hardricourt
87381566,87381558,1.582,Gargenville,Juziers
87381566,87381574,1.0,Gargenville,Issou-Porcheville
87381574,87381566,1.0,Issou-Porcheville,Gargenville
87381574,87381582,1.551,Issou-Porcheville,Limay
87381582,87381574,1.551,Limay,Issou-Porcheville
87381582,87381590,1.309,Limay,Mantes-Station
87381590,87381509,1.0,Mantes-Station,Mantes-la-Jolie
87381590,87381582,1.309,Mantes-Station,Limay
87381590,87386763,4.072,Mantes-Station,Épône-Mézières
87381624,87381509,7.418,Bréval,Mantes-la-Jolie
87381624,87387092,5.0,Bréval,Bueil
87381657,87381459,1.173,Achères-Ville,Conflans-Fin-d'Oise
87381715,87381723,1.123,Mareil-sur-Mauldre,Maule
87381715,87393363,2.12,Mareil-sur-Mauldre,Beynes
87381723,87381715,1.123,Maule,Mareil-sur-Mauldre
87381723,87381731,1.924,Maule,Nézel-Aulnay
87381731,87381723,1.924,Nézel-Aulnay,Maule
87381798,87381848,1.483,Val-d'Argenteuil,Argenteuil
87381798,87381863,1.969,Val-d'Argenteuil,Cormeilles-en-Parisis
87381806,87381475,1.174,Triel-sur-Seine,Chanteloup-les-Vignes
87381806,87381814,2.352,Triel-sur-Seine,Vaux-sur-Seine
87381814,87381806,2.352,Vaux-sur-Seine,Triel-sur-Seine
87381814,87381822,1.773,Vaux-sur-Seine,Thun-le-Paradis
87381822,87381814,1.773,Thun-le-Paradis,Vaux-sur-Seine
87381822,87381830,1.0,Thun-le-Paradis,Meulan-Hardricourt
87381830,87381558,2.44,Meulan-Hardricourt,Juziers
87381830,87381822,1.0,Meulan-Hardricourt,Thun-le-Paradis
87381848,87276188,1.53,Argenteuil,Sannois
87381848,87381095,1.0,Argenteuil,Le Stade
87381848,87381798,1.483,Argenteuil,Val-d'Argenteuil
87381863,87381798,1.969,Cormeilles-en-Parisis,Val-d'Argenteuil
87381863,87381871,1.0,Cormeilles-en-Parisis,La Frette-Montigny
87381871,87381863,1.0,La Frette-Montigny,Cormeilles-en-Parisis
87381871,87381889,1.0,La Frette-Montigny,Herblay
87381889,87381871,1.0,Herblay,La Frette-Montigny
87381889,87381897,2.649,Herblay,Conflans-Ste-Honorine
87381897,87381459,1.005,Conflans-Ste-Honorine,Conflans-Fin-d'Oise
87381897,87381889,2.649,Conflans-Ste-Honorine,Herblay
87381905,87334482,1.743,Cergy-Préfecture,Neuville-Université
87381905,87382499,2.092,Cergy-Préfecture,Cergy-St-Christophe
87382002,87381137,1.0,Bécon-les-Bruyères,Asnières-sur-Seine
87382002,87382200,1.0,Bécon-les-Bruyères,Courbevoie
87382002,87386300,1.0,Bécon-les-Bruyères,Les Vallées
87382200,87382002,1.0,Courbevoie,Bécon-les-Bruyères
87382200,87382218,1.0,Courbevoie,La Défense
87382218,87382200,1.0,La Défense,Courbevoie
87382218,87382382,1.0,La Défense,Puteaux
87382218,87731430,6.08,La Défense,La Défense CNIT
87382259,87382267,1.483,Garches-Marnes-la-Coquette,Vaucresson
87382267,87382259,1.483,Vaucresson,Garches-Marnes-la-Coquette
87382267,87382432,1.0,Vaucresson,La Celle-St-Cloud
87382333,87382341,1.103,Chaville-Rive-Droite,Sèvres-Ville-d'Avray
87382333,87382887,1.0,Chaville-Rive-Droite,Viroflay-Rive-Droite
87382333,87393207,15.267,Chaville-Rive-Droite,Chaville-Rive-Gauche
87382341,87382333,1.103,Sèvres-Ville-d'Avray,Chaville-Rive-Droite
87382341,87382358,1.382,Sèvres-Ville-d'Avray,St-Cloud
87382341,87393124,21.318,Sèvres-Ville-d'Avray,Sèvres-Rive-Gauche
87382358,87382341,1.382,St-Cloud,Sèvres-Ville-d'Avray
87382358,87382366,1.0,St-Cloud,Le Val-d'Or
87382366,87382358,1.0,Le Val-d'Or,St-Cloud
87382366,87382374,1.0,Le Val-d'Or,Suresnes-Mont-Valérien
87382374,87382366,1.0,Suresnes-Mont-Valérien,Le Val-d'Or
87382374,87382382,1.0,Suresnes-Mont-Valérien,Puteaux
87382382,87382218,1.0,Puteaux,La Défense
87382382,87382374,1.0,Puteaux,Suresnes-Mont-Valérien
87382382,87731430,20.6,Puteaux,La Défense CNIT
87382432,87382267,1.0,La Celle-St-Cloud,Vaucresson
87382432,87382440,1.0,La Celle-St-Cloud,Bougival
87382440,87382432,1.0,Bougival,La Celle-St-Cloud
87382440,87382457,1.0,Bougival,Louveciennes
87382457,87382440,1.0,Louveciennes,Bougival
87382457,87382465,1.359,Louveciennes,Marly-le-Roi
87382465,87382457,1.359,Marly-le-Roi,Louveciennes
87382465,87382473,1.0,Marly-le-Roi,L'Étang-la-Ville
87382473,87382465,1.0,L'Étang-la-Ville,Marly-le-Roi
87382473,87382481,30.645,L'Étang-la-Ville,St-Nom-la-Bretêche-Forêt-de-Marly
87382473,87726109,14.959,L'Étang-la-Ville,L'Étang-les Sablons
87382473,87733071,1.301,L'Étang-la-Ville,St-Nom-la-Bretêche-Forêt-de-Marly TT
87382481,87382473,30.645,St-Nom-la-Bretêche-Forêt-de-Marly,L'Étang-la-Ville
87382481,87726109,1.0,St-Nom-la-Bretêche-Forêt-de-Marly,L'Étang-les Sablons
87382481,87733071,1.0,St-Nom-la-Bretêche-Forêt-de-Marly,St-Nom-la-Bretêche-Forêt-de-Marly TT
87382481,87733659,1.805,St-Nom-la-Bretêche-Forêt-de-Marly,Noisy-le-Roi TT
87382499,87381905,2.092,Cergy-St-Christophe,Cergy-Préfecture
87382499,87382655,1.0,Cergy-St-Christophe,Cergy-le-Haut
87382655,87382499,1.0,Cergy-le-Haut,Cergy-St-Christophe
87382879,87382887,1.0,Montreuil,Viroflay-Rive-Droite
87382879,87393009,26.388,Montreuil,Versailles-Chantiers
87382879,87393157,28.28,Montreuil,Versailles-Rive-Gauche
87382879,87393165,19.951,Montreuil,Porchefontaine
87382887,87382333,1.0,Viroflay-Rive-Droite,Chaville-Rive-Droite
87382887,87382879,1.0,Viroflay-Rive-Droite,Montreuil
87382887,87393173,23.472,Viroflay-Rive-Droite,Chaville-Vélizy
87382887,87393215,12.769,Viroflay-Rive-Droite,Viroflay-Rive-Gauche
87383281,87393579,1.0,Massy-Verrières,Massy-Palaiseau
87383281,87546317,1.772,Massy-Verrières,Chemin-d'Antony
87383281,87725465,21.959,Massy-Verrières,Massy Europe
87384008,87111278,32.669,Paris-St-Lazare,Porte-de-Clichy
87384008,87113001,36.816,Paris-St-Lazare,Paris-Est
87384008,87271007,35.185,Paris-St-Lazare,Paris-Nord
87384008,87271023,35.185,Paris-St-Lazare,Paris-Nord-Souterraine
87384008,87271031,35.185,Paris-St-Lazare,Paris-Nord-Surface
87384008,87281873,36.672,Paris-St-Lazare,Magenta
87384008,87281899,8.46,Paris-St-Lazare,Haussmann-St-Lazare
87384008,87381012,35.304,Paris-St-Lazare,Péreire-Levallois
87384008,87381020,46.016,Paris-St-Lazare,Neuilly-Porte-Maillot
87384008,87381038,55.323,Paris-St-Lazare,Avenue-Foch
87384008,87381111,1.0,Paris-St-Lazare,Pont-Cardinet
87384008,87393033,29.19,Paris-St-Lazare,Invalides
87384008,87393041,38.161,Paris-St-Lazare,Pont-de-l'Alma
87384008,87393058,51.68,Paris-St-Lazare,Champ-de-Mars-Tour-Eiffel
87384008,87731448,47.546,Paris-St-Lazare,Porte Maillot
87386003,87381087,31.824,La Garenne-Colombes,Colombes
87386003,87381095,41.786,La Garenne-Colombes,Le Stade
87386003,87386300,1.0,La Garenne-Colombes,Les Vallées
87386003,87386318,1.183,La Garenne-Colombes,Nanterre-Université
87386003,87386409,2.518,La Garenne-Colombes,Houilles-Carrières-sur-Seine
87386011,87386318,17.137,Nanterre La Folie,Nanterre-Université
87386011,87731430,1.0,Nanterre La Folie,La Défense CNIT
87386052,87386425,2.431,Achères-Grand-Cormier,Maisons-Laffitte
87386052,87386573,2.498,Achères-Grand-Cormier,Poissy
87386300,87381079,19.174,Les Vallées,Bois-Colombes
87386300,87381137,1.34,Les Vallées,Asnières-sur-Seine
87386300,87382002,1.0,Les Vallées,Bécon-les-Bruyères
87386300,87386003,1.0,Les Vallées,La Garenne-Colombes
87386318,87386003,1.183,Nanterre-Université,La Garenne-Colombes
87386318,87386011,17.137,Nanterre-Université,Nanterre La Folie
87386409,87386003,2.518,Houilles-Carrières-sur-Seine,La Garenne-Colombes
87386409,87386417,1.505,Houilles-Carrières-sur-Seine,Sartrouville
87386417,87386409,1.505,Sartrouville,Houilles-Carrières-sur-Seine
87386417,87386425,1.0,Sartrouville,Maisons-Laffitte
87386417,87546226,28.067,Sartrouville,Les Saules
87386417,87733683,7.771,Sartrouville,Lisière Pereire
87386425,87386052,2.431,Maisons-Laffitte,Achères-Grand-Cormier
87386425,87386417,1.0,Maisons-Laffitte,Sartrouville
87386540,87182386,1.0,Munster-Badischhof,Gunsbach-Griesbach
87386540,87182394,1.0,Munster-Badischhof,Munster
87386573,87386052,2.498,Poissy,Achères-Grand-Cormier
87386573,87386649,2.11,Poissy,Villennes-sur-Seine
87386649,87386573,2.11,Villennes-sur-Seine,Poissy
87386649,87386656,2.684,Villennes-sur-Seine,Vernouillet-Verneuil
87386656,87386649,2.684,Vernouillet-Verneuil,Villennes-sur-Seine
87386656,87386664,1.31,Vernouillet-Verneuil,Les Clairières-de-Verneuil
87386664,87386656,1.31,Les Clairières-de-Verneuil,Vernouillet-Verneuil
87386664,87386680,1.78,Les Clairières-de-Verneuil,Les Mureaux
87386680,87386664,1.78,Les Mureaux,Les Clairières-de-Verneuil
87386680,87386730,2.87,Les Mureaux,Aubergenville-Élisabethville
87386730,87386680,2.87,Aubergenville-Élisabethville,Les Mureaux
87386730,87386763,1.687,Aubergenville-Élisabethville,Épône-Mézières
87386763,87381590,4.072,Épône-Mézières,Mantes-Station
87386763,87386730,1.687,Épône-Mézières,Aubergenville-Élisabethville
87387001,87387092,14.0,Évreux-Embranchement,Bueil
87387001,87387142,5.256,Évreux-Embranchement,La Bonneville-sur-Iton
87387092,87381624,5.0,Bueil,Bréval
87387092,87387001,14.0,Bueil,Évreux-Embranchement
87387142,87387001,5.256,La Bonneville-sur-Iton,Évreux-Embranchement
87387142,87387159,4.468,La Bonneville-sur-Iton,Conches
87387159,87387142,4.468,Conches,La Bonneville-sur-Iton
87387159,87387175,4.232,Conches,Romilly-la-Puthenaye
87387175,87387159,4.232,Romilly-la-Puthenaye,Conches
87387175,87387183,5.632,Romilly-la-Puthenaye,Beaumont-le-Roger
87387183,87387175,5.632,Beaumont-le-Roger,Romilly-la-Puthenaye
87387183,87444315,3.0,Beaumont-le-Roger,Serquigny
87391102,87391532,1.563,Paris-Vaugirard,Vanves-Malakoff
87391102,87393033,42.849,Paris-Vaugirard,Invalides
87391102,87393041,45.046,Paris-Vaugirard,Pont-de-l'Alma
87391102,87393058,43.176,Paris-Vaugirard,Champ-de-Mars-Tour-Eiffel
87391102,87393066,45.371,Paris-Vaugirard,Javel
87391102,87393322,49.651,Paris-Vaugirard,Pont-du-Garigliano-Hôpital-Georges-Pompidou
87391102,87543181,53.815,Paris-Vaugirard,Boulainvilliers
87391102,87543207,46.595,Paris-Vaugirard,Avenue-du-Président-Kennedy-Radio-France
87391102,87547000,54.831,Paris-Vaugirard,Paris-Austerlitz
87391102,87547026,54.831,Paris-Vaugirard,Paris-Austerlitz-Souterrain
87391300,87718015,2.208,Morre,Besançon-Mouillère
87391300,87718502,1.737,Morre,Saône
87391532,87391102,1.563,Vanves-Malakoff,Paris-Vaugirard
87391532,87391565,1.0,Vanves-Malakoff,Clamart
87391565,87391532,1.0,Clamart,Vanves-Malakoff
87391565,87393108,1.379,Clamart,Meudon
87393009,87382879,26.388,Versailles-Chantiers,Montreuil
87393009,87393157,15.658,Versailles-Chantiers,Versailles-Rive-Gauche
87393009,87393165,19.457,Versailles-Chantiers,Porchefontaine
87393009,87393215,1.463,Versailles-Chantiers,Viroflay-Rive-Gauche
87393009,87393223,2.665,Versailles-Chantiers,St-Cyr
87393009,87393504,2.221,Versailles-Chantiers,Petit-Jouy-Les Loges
87393009,87710921,2.923,Versailles-Chantiers,Les Portes de St-Cyr
87393033,87111278,51.016,Invalides,Porte-de-Clichy
87393033,87113001,54.227,Invalides,Paris-Est
87393033,87271007,54.914,Invalides,Paris-Nord
87393033,87271023,54.914,Invalides,Paris-Nord-Souterraine
87393033,87271031,54.914,Invalides,Paris-Nord-Surface
87393033,87281873,55.817,Invalides,Magenta
87393033,87281899,27.987,Invalides,Haussmann-St-Lazare
87393033,87381012,41.36,Invalides,Péreire-Levallois
87393033,87381020,40.987,Invalides,Neuilly-Porte-Maillot
87393033,87381038,43.819,Invalides,Avenue-Foch
87393033,87381046,45.308,Invalides,Avenue-Henri-Martin
87393033,87381111,41.549,Invalides,Pont-Cardinet
87393033,87384008,29.19,Invalides,Paris-St-Lazare
87393033,87391102,42.849,Invalides,Paris-Vaugirard
87393033,87393041,1.0,Invalides,Pont-de-l'Alma
87393033,87393058,29.925,Invalides,Champ-de-Mars-Tour-Eiffel
87393033,87393066,48.372,Invalides,Javel
87393033,87543181,43.509,Invalides,Boulainvilliers
87393033,87543207,40.218,Invalides,Avenue-du-Président-Kennedy-Radio-France
87393033,87731448,42.343,Invalides,Porte Maillot
87393041,87111278,53.867,Pont-de-l'Alma,Porte-de-Clichy
87393041,87281899,37.989,Pont-de-l'Alma,Haussmann-St-Lazare
87393041,87381012,38.951,Pont-de-l'Alma,Péreire-Levallois
87393041,87381020,32.727,Pont-de-l'Alma,Neuilly-Porte-Maillot
87393041,87381038,32.335,Pont-de-l'Alma,Avenue-Foch
87393041,87381046,32.679,Pont-de-l'Alma,Avenue-Henri-Martin
87393041,87381111,44.433,Pont-de-l'Alma,Pont-Cardinet
87393041,87384008,38.161,Pont-de-l'Alma,Paris-St-Lazare
87393041,87391102,45.046,Pont-de-l'Alma,Paris-Vaugirard
87393041,87393033,1.0,Pont-de-l'Alma,Invalides
87393041,87393058,1.0,Pont-de-l'Alma,Champ-de-Mars-Tour-Eiffel
87393041,87393066,38.16,Pont-de-l'Alma,Javel
87393041,87393322,50.227,Pont-de-l'Alma,Pont-du-Garigliano-Hôpital-Georges-Pompidou
87393041,87543181,31.114,Pont-de-l'Alma,Boulainvilliers
87393041,87543207,28.79,Pont-de-l'Alma,Avenue-du-Président-Kennedy-Radio-France
87393041,87731448,33.807,Pont-de-l'Alma,Porte Maillot
87393058,87281899,51.456,Champ-de-Mars-Tour-Eiffel,Haussmann-St-Lazare
87393058,87381012,48.348,Champ-de-Mars-Tour-Eiffel,Péreire-Levallois
87393058,87381020,37.05,Champ-de-Mars-Tour-Eiffel,Neuilly-Porte-Maillot
87393058,87381038,30.5,Champ-de-Mars-Tour-Eiffel,Avenue-Foch
87393058,87381046,25.741,Champ-de-Mars-Tour-Eiffel,Avenue-Henri-Martin
87393058,87381111,56.5,Champ-de-Mars-Tour-Eiffel,Pont-Cardinet
87393058,87384008,51.68,Champ-de-Mars-Tour-Eiffel,Paris-St-Lazare
87393058,87391102,43.176,Champ-de-Mars-Tour-Eiffel,Paris-Vaugirard
87393058,87393033,29.925,Champ-de-Mars-Tour-Eiffel,Invalides
87393058,87393041,1.0,Champ-de-Mars-Tour-Eiffel,Pont-de-l'Alma
87393058,87393066,1.0,Champ-de-Mars-Tour-Eiffel,Javel
87393058,87393322,36.971,Champ-de-Mars-Tour-Eiffel,Pont-du-Garigliano-Hôpital-Georges-Pompidou
87393058,87543181,19.238,Champ-de-Mars-Tour-Eiffel,Boulainvilliers
87393058,87543207,15.361,Champ-de-Mars-Tour-Eiffel,Avenue-du-Président-Kennedy-Radio-France
87393058,87731448,37.573,Champ-de-Mars-Tour-Eiffel,Porte Maillot
87393066,87381020,52.421,Javel,Neuilly-Porte-Maillot
87393066,87381038,41.665,Javel,Avenue-Foch
87393066,87381046,32.246,Javel,Avenue-Henri-Martin
87393066,87391102,45.371,Javel,Paris-Vaugirard
87393066,87393033,48.372,Javel,Invalides
87393066,87393041,38.16,Javel,Pont-de-l'Alma
87393066,87393058,1.0,Javel,Champ-de-Mars-Tour-Eiffel
87393066,87393322,1.0,Javel,Pont-du-Garigliano-Hôpital-Georges-Pompidou
87393066,87543181,20.222,Javel,Boulainvilliers
87393066,87543207,15.689,Javel,Avenue-du-Président-Kennedy-Radio-France
87393066,87731448,52.451,Javel,Porte Maillot
87393074,87393082,1.079,Issy,Meudon-Val-Fleury
87393074,87393306,1.0,Issy,Issy-Val-de-Seine
87393082,87393074,1.079,Meudon-Val-Fleury,Issy
87393082,87393108,15.268,Meudon-Val-Fleury,Meudon
87393082,87393116,24.698,Meudon-Val-Fleury,Bellevue
87393082,87393173,2.455,Meudon-Val-Fleury,Chaville-Vélizy
87393108,87391565,1.379,Meudon,Clamart
87393108,87393082,15.268,Meudon,Meudon-Val-Fleury
87393108,87393116,1.0,Meudon,Bellevue
87393116,87393082,24.698,Bellevue,Meudon-Val-Fleury
87393116,87393108,1.0,Bellevue,Meudon
87393116,87393124,1.0,Bellevue,Sèvres-Rive-Gauche
87393124,87382341,21.318,Sèvres-Rive-Gauche,Sèvres-Ville-d'Avray
87393124,87393116,1.0,Sèvres-Rive-Gauche,Bellevue
87393124,87393207,1.54,Sèvres-Rive-Gauche,Chaville-Rive-Gauche
87393157,87382879,28.28,Versailles-Rive-Gauche,Montreuil
87393157,87393009,15.658,Versailles-Rive-Gauche,Versailles-Chantiers
87393157,87393165,1.0,Versailles-Rive-Gauche,Porchefontaine
87393157,87710921,56.337,Versailles-Rive-Gauche,Les Portes de St-Cyr
87393165,87382879,19.951,Porchefontaine,Montreuil
87393165,87393009,19.457,Porchefontaine,Versailles-Chantiers
87393165,87393157,1.0,Porchefontaine,Versailles-Rive-Gauche
87393165,87393215,1.0,Porchefontaine,Viroflay-Rive-Gauche
87393173,87382887,23.472,Chaville-Vélizy,Viroflay-Rive-Droite
87393173,87393082,2.455,Chaville-Vélizy,Meudon-Val-Fleury
87393173,87393215,1.0,Chaville-Vélizy,Viroflay-Rive-Gauche
87393207,87382333,15.267,Chaville-Rive-Gauche,Chaville-Rive-Droite
87393207,87393124,1.54,Chaville-Rive-Gauche,Sèvres-Rive-Gauche
87393207,87393215,1.0,Chaville-Rive-Gauche,Viroflay-Rive-Gauche
87393215,87382887,12.769,Viroflay-Rive-Gauche,Viroflay-Rive-Droite
87393215,87393009,1.463,Viroflay-Rive-Gauche,Versailles-Chantiers
87393215,87393165,1.0,Viroflay-Rive-Gauche,Porchefontaine
87393215,87393173,1.0,Viroflay-Rive-Gauche,Chaville-Vélizy
87393215,87393207,1.0,Viroflay-Rive-Gauche,Chaville-Rive-Gauche
87393223,87393009,2.665,St-Cyr,Versailles-Chantiers
87393223,87393405,1.537,St-Cyr,Fontenay-le-Fleury
87393223,87393843,1.376,St-Cyr,St-Quentin-en-Yvelines
87393223,87710913,28.639,St-Cyr,Allée Royale
87393256,87393272,1.151,La Verrière,Coignières
87393256,87393835,2.795,La Verrière,Trappes
87393272,87393256,1.151,Coignières,La Verrière
87393272,87393280,1.833,Coignières,Les Essarts-le-Roi
87393280,87393272,1.833,Les Essarts-le-Roi,Coignières
87393280,87393298,2.273,Les Essarts-le-Roi,Le Perray
87393298,87393280,2.273,Le Perray,Les Essarts-le-Roi
87393298,87393314,3.253,Le Perray,Rambouillet
87393306,87393074,1.0,Issy-Val-de-Seine,Issy
87393306,87393322,1.0,Issy-Val-de-Seine,Pont-du-Garigliano-Hôpital-Georges-Pompidou
87393314,87393298,3.253,Rambouillet,Le Perray
87393314,87393348,2.686,Rambouillet,Gazeran
87393322,87381038,52.408,Pont-du-Garigliano-Hôpital-Georges-Pompidou,Avenue-Foch
87393322,87381046,42.389,Pont-du-Garigliano-Hôpital-Georges-Pompidou,Avenue-Henri-Martin
87393322,87391102,49.651,Pont-du-Garigliano-Hôpital-Georges-Pompidou,Paris-Vaugirard
87393322,87393041,50.227,Pont-du-Garigliano-Hôpital-Georges-Pompidou,Pont-de-l'Alma
87393322,87393058,36.971,Pont-du-Garigliano-Hôpital-Georges-Pompidou,Champ-de-Mars-Tour-Eiffel
87393322,87393066,1.0,Pont-du-Garigliano-Hôpital-Georges-Pompidou,Javel
87393322,87393306,1.0,Pont-du-Garigliano-Hôpital-Georges-Pompidou,Issy-Val-de-Seine
87393322,87543181,31.056,Pont-du-Garigliano-Hôpital-Georges-Pompidou,Boulainvilliers
87393322,87543207,27.852,Pont-du-Garigliano-Hôpital-Georges-Pompidou,Avenue-du-Président-Kennedy-Radio-France
87393348,87393314,2.686,Gazeran,Rambouillet
87393348,87394114,4.0,Gazeran,Épernon
87393363,87381715,2.12,Beynes,Mareil-sur-Mauldre
87393405,87393223,1.537,Fontenay-le-Fleury,St-Cyr
87393405,87393413,2.188,Fontenay-le-Fleury,Villepreux-les-Clayes
87393413,87393405,2.188,Villepreux-les-Clayes,Fontenay-le-Fleury
87393413,87393629,1.475,Villepreux-les-Clayes,Plaisir-Les Clayes
87393421,87393629,1.0,Plaisir-Grignon,Plaisir-Les Clayes
87393421,87393884,3.818,Plaisir-Grignon,Villiers-Neauphle-Pontchartrain
87393439,87393447,2.677,Garancières-la-Queue,Orgérus-Béhoust
87393439,87393892,2.088,Garancières-la-Queue,Montfort-l'Amaury-Mère
87393447,87393439,2.677,Orgérus-Béhoust,Garancières-la-Queue
87393447,87393454,1.399,Orgérus-Béhoust,Tacoignières-Richebourg
87393454,87393447,1.399,Tacoignières-Richebourg,Orgérus-Béhoust
87393454,87393462,3.505,Tacoignières-Richebourg,Houdan
87393462,87393454,3.505,Houdan,Tacoignières-Richebourg
87393462,87393470,4.003,Houdan,Marchezais-Broué
87393470,87393462,4.003,Marchezais-Broué,Houdan
87393470,87393488,6.433,Marchezais-Broué,Dreux
87393488,87393470,6.433,Dreux,Marchezais-Broué
87393488,87393520,5.35,Dreux,St-Germain-St-Rémy
87393504,87393009,2.221,Petit-Jouy-Les Loges,Versailles-Chantiers
87393504,87393512,1.0,Petit-Jouy-Les Loges,Jouy-en-Josas
87393512,87393504,1.0,Jouy-en-Josas,Petit-Jouy-Les Loges
87393512,87393538,1.196,Jouy-en-Josas,Vauboyen
87393520,87393488,5.35,St-Germain-St-Rémy,Dreux
87393520,87393553,2.932,St-Germain-St-Rémy,Nonancourt
87393538,87393512,1.196,Vauboyen,Jouy-en-Josas
87393538,87393546,1.075,Vauboyen,Bièvres
87393546,87393538,1.075,Bièvres,Vauboyen
87393546,87393561,1.0,Bièvres,Igny
87393553,87393520,2.932,Nonancourt,St-Germain-St-Rémy
87393553,87393587,6.115,Nonancourt,Tillières
87393561,87393546,1.0,Igny,Bièvres
87393561,87393579,1.656,Igny,Massy-Palaiseau
87393579,87383281,1.0,Massy-Palaiseau,Massy-Verrières
87393579,87393561,1.656,Massy-Palaiseau,Igny
87393579,87725465,1.071,Massy-Palaiseau,Massy Europe
87393587,87393553,6.115,Tillières,Nonancourt
87393587,87393595,5.251,Tillières,Verneuil-sur-Avre
87393595,87393587,5.251,Verneuil-sur-Avre,Tillières
87393595,87393603,5.203,Verneuil-sur-Avre,Bourth
87393603,87393595,5.203,Bourth,Verneuil-sur-Avre
87393603,87444638,7.751,Bourth,L'Aigle
87393611,87393637,1.0,Longjumeau,Chilly-Mazarin
87393611,87393645,39.285,Longjumeau,Gravigny-Balizy
87393611,87725457,1.0,Longjumeau,Champlan
87393629,87393413,1.475,Plaisir-Les Clayes,Villepreux-les-Clayes
87393629,87393421,1.0,Plaisir-Les Clayes,Plaisir-Grignon
87393637,87393611,1.0,Chilly-Mazarin,Longjumeau
87393637,87393645,1.07,Chilly-Mazarin,Gravigny-Balizy
87393645,87393611,39.285,Gravigny-Balizy,Longjumeau
87393645,87393637,1.07,Gravigny-Balizy,Chilly-Mazarin
87393645,87393652,1.0,Gravigny-Balizy,Petit-Vaux
87393652,87393645,1.0,Petit-Vaux,Gravigny-Balizy
87393652,87545228,16.938,Petit-Vaux,Épinay-sur-Orge
87393652,87546226,6.539,Petit-Vaux,Les Saules
87393702,87571216,80.565,Massy-TGV,Vendôme-Villiers-sur-Loir
87393835,87393256,2.795,Trappes,La Verrière
87393835,87393843,1.699,Trappes,St-Quentin-en-Yvelines
87393843,87393223,1.376,St-Quentin-en-Yvelines,St-Cyr
87393843,87393835,1.699,St-Quentin-en-Yvelines,Trappes
87393884,87393421,3.818,Villiers-Neauphle-Pontchartrain,Plaisir-Grignon
87393884,87393892,2.785,Villiers-Neauphle-Pontchartrain,Montfort-l'Amaury-Mère
87393892,87393439,2.088,Montfort-l'Amaury-Mère,Garancières-la-Queue
87393892,87393884,2.785,Montfort-l'Amaury-Mère,Villiers-Neauphle-Pontchartrain
87394007,87394171,3.06,Chartres,La Villette-St-Prest
87394007,87394205,3.862,Chartres,Amilly-Ouerray
87394015,87394403,3.851,Lucé,La Taye
87394114,87393348,4.107,Épernon,Gazeran
87394114,87394130,4.0,Épernon,Maintenon
87394130,87394114,4.0,Maintenon,Épernon
87394130,87394148,2.608,Maintenon,St-Piat
87394148,87394130,2.608,St-Piat,Maintenon
87394148,87394155,2.409,St-Piat,Jouy
87394155,87394148,2.409,Jouy,St-Piat
87394155,87394171,2.325,Jouy,La Villette-St-Prest
87394171,87394007,3.06,La Villette-St-Prest,Chartres
87394171,87394155,2.325,La Villette-St-Prest,Jouy
87394205,87394007,3.862,Amilly-Ouerray,Chartres
87394205,87394213,2.38,Amilly-Ouerray,St-Aubin-St-Luperce
87394213,87394205,2.38,St-Aubin-St-Luperce,Amilly-Ouerray
87394213,87394221,3.989,St-Aubin-St-Luperce,Courville-sur-Eure
87394221,87394213,3.989,Courville-sur-Eure,St-Aubin-St-Luperce
87394221,87394247,4.105,Courville-sur-Eure,Pontgouin
87394247,87394221,4.105,Pontgouin,Courville-sur-Eure
87394247,87394254,5.537,Pontgouin,La Loupe
87394254,87394247,5.537,La Loupe,Pontgouin
87394254,87394270,5.835,La Loupe,Bretoncelles
87394270,87394254,5.835,Bretoncelles,La Loupe
87394270,87394288,3.628,Bretoncelles,Condé-sur-Huisne
87394288,87394270,3.628,Condé-sur-Huisne,Bretoncelles
87394288,87394296,3.923,Condé-sur-Huisne,Nogent-le-Rotrou
87394296,87394288,3.923,Nogent-le-Rotrou,Condé-sur-Huisne
87394296,87396333,5.924,Nogent-le-Rotrou,Le Theil-La Rouge
87394403,87394015,3.851,La Taye,Lucé
87394403,87394411,3.253,La Taye,Bailleau-le-Pin
87394411,87394403,3.253,Bailleau-le-Pin,La Taye
87394411,87394429,2.688,Bailleau-le-Pin,Magny-Blandainville
87394429,87394411,2.688,Magny-Blandainville,Bailleau-le-Pin
87394429,87394437,2.381,Magny-Blandainville,Illiers-Combray
87394437,87394429,2.381,Illiers-Combray,Magny-Blandainville
87394437,87394452,6.686,Illiers-Combray,Brou
87394452,87394437,6.686,Brou,Illiers-Combray
87394452,87394486,7.31,Brou,Arrou
87394486,87394452,7.31,Arrou,Brou
87394486,87394494,1.713,Arrou,Courtalain-St-Pellerin
87394494,87394486,1.713,Courtalain-St-Pellerin,Arrou
87394494,87396606,41.507,Courtalain-St-Pellerin,Château-du-Loir
87396002,87396275,6.0,Le Mans,Champagné
87396002,87396358,6.593,Le Mans,Voivres
87396002,87743872,1.484,Le Mans,Le Mans Hôpital Université
87396028,87396036,2.858,Neuville-sur-Sarthe,La Guierche
87396036,87396028,2.858,La Guierche,Neuville-sur-Sarthe
87396036,87396044,2.338,La Guierche,Montbizot
87396044,87396036,2.338,Montbizot,La Guierche
87396044,87396051,1.819,Montbizot,Teillé
87396051,87396044,1.819,Teillé,Montbizot
87396051,87396077,3.575,Teillé,Vivoin-Beaumont
87396077,87396051,3.575,Vivoin-Beaumont,Teillé
87396077,87396093,6.195,Vivoin-Beaumont,La Hutte-Coulombiers
87396093,87396077,6.195,La Hutte-Coulombiers,Vivoin-Beaumont
87396093,87444711,8.362,La Hutte-Coulombiers,Alençon
87396200,87396218,1.945,Domfront,Conlie
87396200,87743872,9.0,Domfront,Le Mans Hôpital Université
87396218,87396200,1.945,Conlie,Domfront
87396218,87396226,3.565,Conlie,Crissé
87396226,87396218,3.565,Crissé,Conlie
87396226,87396234,2.825,Crissé,Sillé-le-Guillaume
87396234,87396226,2.825,Sillé-le-Guillaume,Crissé
87396234,87396259,3.262,Sillé-le-Guillaume,Rouessé-Vassé
87396259,87396234,3.262,Rouessé-Vassé,Sillé-le-Guillaume
87396259,87478560,4.112,Rouessé-Vassé,Voutré
87396275,87396002,6.187,Champagné,Le Mans
87396275,87396283,1.323,Champagné,St-Mars-la-Brière
87396283,87396275,1.323,St-Mars-la-Brière,Champagné
87396283,87396291,1.813,St-Mars-la-Brière,Montfort-le-Gesnois
87396291,87396283,1.813,Montfort-le-Gesnois,St-Mars-la-Brière
87396291,87396309,3.899,Montfort-le-Gesnois,Connerré-Beillé
87396309,87396291,3.899,Connerré-Beillé,Montfort-le-Gesnois
87396309,87396317,4.696,Connerré-Beillé,Sceaux-Boësse
87396317,87396309,4.696,Sceaux-Boësse,Connerré-Beillé
87396317,87396325,4.966,Sceaux-Boësse,La Ferté-Bernard
87396325,87396317,4.966,La Ferté-Bernard,Sceaux-Boësse
87396325,87396333,5.482,La Ferté-Bernard,Le Theil-La Rouge
87396333,87394296,5.924,Le Theil-La Rouge,Nogent-le-Rotrou
87396333,87396325,5.0,Le Theil-La Rouge,La Ferté-Bernard
87396358,87396002,6.593,Voivres,Le Mans
87396358,87396366,3.46,Voivres,La Suze
87396366,87396358,3.46,La Suze,Voivres
87396366,87396374,5.0,La Suze,Noyen
87396374,87396366,5.0,Noyen,La Suze
87396374,87396408,10.0,Noyen,Sablé-sur-Sarthe
87396408,87396374,9.0,Sablé-sur-Sarthe,Noyen
87396408,87484170,7.0,Sablé-sur-Sarthe,Morannes
87396549,87396556,3.525,Arnage,Laigné-St-Gervais
87396556,87396549,3.525,Laigné-St-Gervais,Arnage
87396556,87396564,3.857,Laigné-St-Gervais,Écommoy
87396564,87396556,3.857,Écommoy,Laigné-St-Gervais
87396564,87396580,4.019,Écommoy,Mayet
87396572,87396580,4.903,Aubigné-Racan,Mayet
87396572,87396598,2.291,Aubigné-Racan,Vaas
87396580,87396564,4.019,Mayet,Écommoy
87396580,87396572,4.903,Mayet,Aubigné-Racan
87396598,87396572,2.291,Vaas,Aubigné-Racan
87396598,87396606,4.261,Vaas,Château-du-Loir
87396606,87394494,41.507,Château-du-Loir,Courtalain-St-Pellerin
87396606,87396598,4.261,Château-du-Loir,Vaas
87396606,87487603,37.412,Château-du-Loir,Saumur
87396606,87571554,6.477,Château-du-Loir,St-Paterne
87396895,87734004,23.661,Clermont-La Rotonde,Clermont-Ferrand
87396895,87734038,2.066,Clermont-La Rotonde,Royat-Chamalières
87396895,87782607,50.213,Clermont-La Rotonde,Clermont-La Pardieu
87400986,87171322,1.343,Magneux-Courlandon,Breuil-Romain
87400986,87171330,2.037,Magneux-Courlandon,Fismes
87402297,87181222,1.0,Colmar-Mésanges,Colmar-St-Joseph
87402297,87182014,27.903,Colmar-Mésanges,Colmar
87402297,87182345,1.0,Colmar-Mésanges,Logelbach
87411017,87411223,3.201,Rouen-Rive-Droite,Sotteville
87411017,87411249,3.025,Rouen-Rive-Droite,Maromme
87411173,87411181,3.863,Elbeuf-St-Aubin,Tourville
87411173,87415323,8.532,Elbeuf-St-Aubin,Bourgtheroulde-Thuit-Hébert
87411181,87411173,3.863,Tourville,Elbeuf-St-Aubin
87411207,87411215,2.092,Oissel,St-Étienne-du-Rouvray
87411207,87415661,3.698,Oissel,Pont-de-l'Arche
87411215,87411207,2.092,St-Étienne-du-Rouvray,Oissel
87411215,87411223,2.194,St-Étienne-du-Rouvray,Sotteville
87411223,87411017,3.201,Sotteville,Rouen-Rive-Droite
87411223,87411215,2.194,Sotteville,St-Étienne-du-Rouvray
87411249,87411017,3.025,Maromme,Rouen-Rive-Droite
87411249,87411256,2.106,Maromme,Malaunay-Le Houlme
87411256,87411249,2.106,Malaunay-Le Houlme,Maromme
87411256,87411264,4.276,Malaunay-Le Houlme,Barentin-Embranchement
87411264,87411256,4.276,Barentin-Embranchement,Malaunay-Le Houlme
87411264,87411272,1.0,Barentin-Embranchement,Pavilly
87411272,87411264,1.0,Pavilly,Barentin-Embranchement
87411272,87411280,6.0,Pavilly,Motteville
87411280,87411272,6.0,Motteville,Pavilly
87411280,87413385,4.047,Motteville,Yvetot
87411413,87411439,5.111,St-Martin-du-Vivier,Morgny
87411439,87411413,5.111,Morgny,St-Martin-du-Vivier
87411439,87411447,2.34,Morgny,Longuerue-Vieux-Manoir
87411447,87411439,2.34,Longuerue-Vieux-Manoir,Morgny
87411447,87411454,3.692,Longuerue-Vieux-Manoir,Montérolier-Buchy
87411454,87411447,3.692,Montérolier-Buchy,Longuerue-Vieux-Manoir
87411454,87411462,4.833,Montérolier-Buchy,Sommery
87411462,87411454,4.833,Sommery,Montérolier-Buchy
87411462,87411470,4.876,Sommery,Serqueux
87411470,87313833,8.0,Serqueux,Formerie
87411470,87381293,13.574,Serqueux,Gournay-Ferrières
87411470,87411462,4.876,Serqueux,Sommery
87411470,87415018,26.88,Serqueux,Dieppe
87411801,87411819,3.389,Montville,Clères
87411819,87411801,3.389,Clères,Montville
87411819,87415166,5.207,Clères,St-Victor
87413013,87413203,1.454,Le Havre,Le Havre-Graville
87413203,87413013,1.454,Le Havre-Graville,Le Havre
87413203,87413302,1.91,Le Havre-Graville,Harfleur
87413302,87413203,1.91,Harfleur,Le Havre-Graville
87413302,87413310,2.327,Harfleur,St-Laurent-Gainneville
87413302,87413708,19.306,Harfleur,Harfleur-Halte
87413310,87413302,2.327,St-Laurent-Gainneville,Harfleur
87413310,87413328,3.763,St-Laurent-Gainneville,Étainhus-St-Romain
87413328,87413310,3.763,Étainhus-St-Romain,St-Laurent-Gainneville
87413328,87413344,4.555,Étainhus-St-Romain,Bréauté-Beuzeville
87413344,87413328,4.555,Bréauté-Beuzeville,Étainhus-St-Romain
87413344,87413351,3.035,Bréauté-Beuzeville,Bolbec-Nointot
87413351,87413344,3.035,Bolbec-Nointot,Bréauté-Beuzeville
87413351,87413377,4.553,Bolbec-Nointot,Foucart-Alvimare
87413377,87413351,4.553,Foucart-Alvimare,Bolbec-Nointot
87413377,87413385,6.0,Foucart-Alvimare,Yvetot
87413385,87411280,4.047,Yvetot,Motteville
87413385,87413377,6.0,Yvetot,Foucart-Alvimare
87413708,87413302,19.306,Harfleur-Halte,Harfleur
87413708,87413716,1.31,Harfleur-Halte,Jacques-Monod-La Demi-Lieue
87413716,87413708,1.31,Jacques-Monod-La Demi-Lieue,Harfleur-Halte
87413716,87413724,1.105,Jacques-Monod-La Demi-Lieue,Montivilliers
87413724,87413716,1.105,Montivilliers,Jacques-Monod-La Demi-Lieue
87413724,87413732,1.89,Montivilliers,Épouville
87413732,87413724,1.89,Épouville,Montivilliers
87413732,87413740,1.186,Épouville,Rolleville
87413740,87413732,1.186,Rolleville,Épouville
87415018,87411470,26.88,Dieppe,Serqueux
87415018,87415125,3.676,Dieppe,St-Aubin-sur-Scie
87415125,87415018,3.676,St-Aubin-sur-Scie,Dieppe
87415125,87415141,5.114,St-Aubin-sur-Scie,Longueville-sur-Scie
87415141,87415125,5.114,Longueville-sur-Scie,St-Aubin-sur-Scie
87415141,87415158,4.957,Longueville-sur-Scie,Auffay
87415158,87415141,4.957,Auffay,Longueville-sur-Scie
87415158,87415166,2.556,Auffay,St-Victor
87415166,87411819,5.207,St-Victor,Clères
87415166,87415158,2.556,St-Victor,Auffay
87415323,87411173,8.532,Bourgtheroulde-Thuit-Hébert,Elbeuf-St-Aubin
87415323,87415349,8.018,Bourgtheroulde-Thuit-Hébert,Glos-Montfort
87415349,87415323,8.018,Glos-Montfort,Bourgtheroulde-Thuit-Hébert
87415349,87415364,4.756,Glos-Montfort,Brionne
87415364,87415349,4.756,Brionne,Glos-Montfort
87415364,87444315,5.473,Brionne,Serquigny
87415604,87415620,7.0,Vernon-Giverny,Gaillon-Aubevoye
87415604,87415893,6.0,Vernon-Giverny,Bonnières
87415620,87415604,7.0,Gaillon-Aubevoye,Vernon-Giverny
87415620,87415877,9.0,Gaillon-Aubevoye,Val-de-Reuil
87415661,87411207,3.698,Pont-de-l'Arche,Oissel
87415661,87415877,4.04,Pont-de-l'Arche,Val-de-Reuil
87415877,87415620,9.0,Val-de-Reuil,Gaillon-Aubevoye
87415877,87415661,4.04,Val-de-Reuil,Pont-de-l'Arche
87415885,87381509,2.987,Rosny-sur-Seine,Mantes-la-Jolie
87415885,87415893,3.316,Rosny-sur-Seine,Bonnières
87415893,87415604,6.0,Bonnières,Vernon-Giverny
87415893,87415885,3.316,Bonnières,Rosny-sur-Seine
87417444,87171009,32.587,Franchet-d'Esperey,Reims
87417444,87171272,1.0,Franchet-d'Esperey,Reims-Maison-Blanche
87417501,87747402,5.248,Lancey,Grenoble Universités-Gières
87417501,87747451,1.94,Lancey,Brignoud
87437798,87485003,29.035,La Rochelle-Porte-Dauphine,La Rochelle-Ville
87437806,87485003,1.97,Aytré-Plage,La Rochelle-Ville
87437806,87485102,1.307,Aytré-Plage,Angoulins-sur-Mer
87439554,87753251,2.78,Vitrolles-Aéroport-Marseille-Provence,Rognac
87439554,87753285,1.981,Vitrolles-Aéroport-Marseille-Provence,Pas-des-Lanciers
87444000,87444042,7.246,Caen,Bretteville-Norrey
87444000,87444182,4.194,Caen,Frénouville-Cagny
87444042,87444000,7.246,Bretteville-Norrey,Caen
87444042,87444059,3.459,Bretteville-Norrey,Audrieu
87444059,87444042,3.459,Audrieu,Bretteville-Norrey
87444059,87444067,5.587,Audrieu,Bayeux
87444067,87444059,5.587,Bayeux,Audrieu
87444067,87444083,7.0,Bayeux,Le Molay-Littry
87444083,87444067,7.0,Le Molay-Littry,Bayeux
87444083,87447219,6.871,Le Molay-Littry,Lison
87444182,87444000,4.194,Frénouville-Cagny,Caen
87444182,87444190,3.447,Frénouville-Cagny,Moult-Argences
87444190,87444182,3.447,Moult-Argences,Frénouville-Cagny
87444190,87444208,5.0,Moult-Argences,Mézidon
87444208,87444190,5.0,Mézidon,Moult-Argences
87444208,87444216,3.635,Mézidon,St-Pierre-sur-Dives
87444208,87444265,12.0,Mézidon,Lisieux
87444216,87444208,3.635,St-Pierre-sur-Dives,Mézidon
87444216,87444232,6.775,St-Pierre-sur-Dives,Couliboeuf
87444232,87444216,6.775,Couliboeuf,St-Pierre-sur-Dives
87444232,87444539,13.292,Couliboeuf,Argentan
87444265,87444208,12.0,Lisieux,Mézidon
87444265,87444299,14.0,Lisieux,Bernay
87444265,87444323,1.0,Lisieux,Le Grand-Jardin
87444299,87444265,13.0,Bernay,Lisieux
87444299,87444315,5.417,Bernay,Serquigny
87444315,87387183,3.084,Serquigny,Beaumont-le-Roger
87444315,87415364,5.473,Serquigny,Brionne
87444315,87444299,5.417,Serquigny,Bernay
87444323,87444265,1.0,Le Grand-Jardin,Lisieux
87444323,87444349,8.762,Le Grand-Jardin,Pont-l'Évêque
87444349,87444323,8.762,Pont-l'Évêque,Le Grand-Jardin
87444380,87444398,1.411,Blonville-sur-Mer-Benerville,Villers-sur-Mer
87444398,87444380,1.411,Villers-sur-Mer,Blonville-sur-Mer-Benerville
87444398,87444406,5.029,Villers-sur-Mer,Houlgate
87444406,87337378,1.167,Houlgate,Dives-sur-Mer-Port-Guillaume
87444406,87444398,5.029,Houlgate,Villers-sur-Mer
87444414,87337378,1.0,Dives-Cabourg,Dives-sur-Mer-Port-Guillaume
87444539,87444232,13.292,Argentan,Couliboeuf
87444539,87444562,7.948,Argentan,Surdon
87444547,87448084,10.358,Écouché,Briouze
87444562,87444539,7.948,Surdon,Argentan
87444562,87444570,5.152,Surdon,Nonant-le-Pin
87444562,87444695,4.591,Surdon,Sées
87444570,87444562,5.152,Nonant-le-Pin,Surdon
87444570,87444588,2.601,Nonant-le-Pin,Le Merlerault
87444588,87444570,2.601,Le Merlerault,Nonant-le-Pin
87444588,87444620,11.447,Le Merlerault,Rai-Aube
87444620,87444588,11.447,Rai-Aube,Le Merlerault
87444620,87444638,3.098,Rai-Aube,L'Aigle
87444638,87393603,7.751,L'Aigle,Bourth
87444638,87444620,3.098,L'Aigle,Rai-Aube
87444695,87444562,4.591,Sées,Surdon
87444695,87444711,10.949,Sées,Alençon
87444711,87396093,8.362,Alençon,La Hutte-Coulombiers
87444711,87444695,10.949,Alençon,Sées
87444877,87447284,14.0,Cherbourg-en-Cotentin,Valognes
87446179,87353573,1.0,St-Cyprien-Arènes,Le Toec
87446179,87353599,54.176,St-Cyprien-Arènes,St-Martin-du-Touch
87446179,87497461,1.598,St-Cyprien-Arènes,Galliéni-Cancéropole
87446179,87611004,55.096,St-Cyprien-Arènes,Toulouse-Matabiau
87446179,87611301,46.605,St-Cyprien-Arènes,St-Agne
87446179,87611939,39.939,St-Cyprien-Arènes,Lardenne
87447003,87447110,16.1,St-Lô,Coutances
87447110,87447003,16.1,Coutances,St-Lô
87447110,87447649,14.902,Coutances,Folligny
87447219,87444083,6.871,Lison,Le Molay-Littry
87447219,87447243,9.0,Lison,Carentan
87447243,87447219,9.0,Carentan,Lison
87447243,87447284,12.0,Carentan,Valognes
87447284,87444877,14.0,Valognes,Cherbourg-en-Cotentin
87447284,87447243,12.0,Valognes,Carentan
87447649,87447110,14.902,Folligny,Coutances
87447649,87447680,7.845,Folligny,Granville
87447649,87447698,8.214,Folligny,Villedieu-les-Poêles
87447649,87448514,10.159,Folligny,Avranches
87447680,87447649,7.845,Granville,Folligny
87447698,87447649,8.0,Villedieu-les-Poêles,Folligny
87447698,87447714,7.438,Villedieu-les-Poêles,St-Sever
87447714,87447698,7.438,St-Sever,Villedieu-les-Poêles
87447714,87448159,7.346,St-Sever,Vire
87448001,87448084,9.0,Flers,Briouze
87448001,87448159,14.0,Flers,Vire
87448084,87444547,10.358,Briouze,Écouché
87448084,87448001,9.0,Briouze,Flers
87448159,87447714,7.346,Vire,St-Sever
87448159,87448001,15.0,Vire,Flers
87448514,87447649,10.159,Avranches,Folligny
87448514,87478263,11.947,Avranches,Pontorson-Mont-St-Michel
87462085,87746768,39.356,Chamonix-Aiguille du Midi,Les Bossons
87462085,87746776,27.779,Chamonix-Aiguille du Midi,Les Pélerins
87462085,87746784,1.0,Chamonix-Aiguille du Midi,Chamonix-Mont-Blanc
87462085,87746818,1.0,Chamonix-Aiguille du Midi,Les Moussoux
87462085,87746826,42.463,Chamonix-Aiguille du Midi,Les Praz-de-Chamonix
87471003,87334490,2.874,Rennes,Cesson-Sévigné
87471003,87334508,48.276,Rennes,La Poterie
87471003,87471060,6.493,Rennes,L'Hermitage-Mordelles
87471003,87471391,35.211,Rennes,Pontchaillou
87471029,87334508,3.144,Vern,La Poterie
87471029,87471318,1.991,Vern,St-Armel
87471037,87159947,1.033,Bruz,Ker-Lann
87471037,87471144,3.707,Bruz,Laillé
87471045,87471391,4.784,Betton,Pontchaillou
87471045,87471458,1.9,Betton,Chevaigné
87471052,87159947,1.799,St-Jacques-de-la-Lande,Ker-Lann
87471060,87471003,6.493,L'Hermitage-Mordelles,Rennes
87471060,87471102,3.423,L'Hermitage-Mordelles,Breteil
87471078,87471086,5.495,Montfort-sur-Meu,Montauban-de-Bretagne
87471078,87471102,2.229,Montfort-sur-Meu,Breteil
87471086,87471078,5.0,Montauban-de-Bretagne,Montfort-sur-Meu
87471086,87471094,2.747,Montauban-de-Bretagne,La Brohinière
87471094,87471086,2.747,La Brohinière,Montauban-de-Bretagne
87471094,87473058,2.617,La Brohinière,Quédillac
87471102,87471060,3.423,Breteil,L'Hermitage-Mordelles
87471102,87471078,2.229,Breteil,Montfort-sur-Meu
87471144,87471037,3.707,Laillé,Bruz
87471144,87471151,2.301,Laillé,Guichen-Bourg-des-Comptes
87471151,87471144,2.301,Guichen-Bourg-des-Comptes,Laillé
87471151,87471169,2.483,Guichen-Bourg-des-Comptes,St-Senoux-Pléchâtel
87471169,87471151,2.483,St-Senoux-Pléchâtel,Guichen-Bourg-des-Comptes
87471169,87471177,2.005,St-Senoux-Pléchâtel,Pléchâtel
87471177,87471169,2.005,Pléchâtel,St-Senoux-Pléchâtel
87471177,87471185,3.892,Pléchâtel,Messac-Guipry
87471185,87471177,3.892,Messac-Guipry,Pléchâtel
87471185,87471201,6.0,Messac-Guipry,Fougeray-Langon
87471201,87471185,6.0,Fougeray-Langon,Messac-Guipry
87471201,87471219,2.329,Fougeray-Langon,Beslé
87471219,87471201,2.329,Beslé,Fougeray-Langon
87471219,87471227,2.483,Beslé,Massérac
87471227,87471219,2.483,Massérac,Beslé
87471300,87476689,8.0,Redon,Malansac
87471300,87476754,6.941,Redon,Sévérac
87471318,87471029,1.991,St-Armel,Vern
87471318,87471326,1.942,St-Armel,Corps-Nuds
87471326,87471318,1.942,Corps-Nuds,St-Armel
87471326,87471334,3.733,Corps-Nuds,Janzé
87471334,87471326,3.733,Janzé,Corps-Nuds
87471334,87471342,3.572,Janzé,Le Theil-de-Bretagne
87471342,87471334,3.572,Le Theil-de-Bretagne,Janzé
87471342,87471359,1.767,Le Theil-de-Bretagne,Retiers
87471359,87471342,1.767,Retiers,Le Theil-de-Bretagne
87471359,87471367,6.427,Retiers,Martigné-Ferchaud
87471367,87471359,6.427,Martigné-Ferchaud,Retiers
87471367,87481648,8.109,Martigné-Ferchaud,Châteaubriant
87471391,87471003,35.211,Pontchaillou,Rennes
87471391,87471045,4.784,Pontchaillou,Betton
87471458,87471045,1.9,Chevaigné,Betton
87471458,87478016,2.243,Chevaigné,St-Germain-sur-Ille
87471508,87471516,5.428,Vitré,Les Lacs
87471508,87478768,7.0,Vitré,St-Pierre-la-Cour
87471516,87471508,5.428,Les Lacs,Vitré
87471516,87471524,3.665,Les Lacs,Châteaubourg
87471524,87471516,3.665,Châteaubourg,Les Lacs
87471524,87471532,2.595,Châteaubourg,Servon
87471532,87471524,2.595,Servon,Châteaubourg
87471532,87471540,2.645,Servon,Noyal-Acigné
87471540,87334490,3.145,Noyal-Acigné,Cesson-Sévigné
87471540,87471532,2.645,Noyal-Acigné,Servon
87472605,87182568,0.0,Thann-Centre,Thann
87472605,87182881,1.0,Thann-Centre,Thann-St-Jacques
87472639,87181024,22.602,Zu-Rhein,Hasenrain
87472639,87182055,15.423,Zu-Rhein,Mulhouse-Dornach
87472639,87182063,32.092,Zu-Rhein,Mulhouse-Ville
87472639,87534321,1.0,Zu-Rhein,Mulhouse-Dornach (Tram/Train)
87472639,87534339,26.016,Zu-Rhein,Mulhouse-Musées (Tram/Train)
87473009,87473116,5.245,St-Brieuc,Yffiniac
87473009,87473124,3.593,St-Brieuc,La Méaugon
87473058,87471094,2.617,Quédillac,La Brohinière
87473058,87473066,2.243,Quédillac,Caulnes
87473066,87473058,2.243,Caulnes,Quédillac
87473066,87473074,4.541,Caulnes,Broons
87473074,87473066,4.541,Broons,Caulnes
87473074,87473082,5.635,Broons,Plénée-Jugon
87473082,87473074,5.0,Plénée-Jugon,Broons
87473082,87473090,4.807,Plénée-Jugon,Plestan
87473090,87473082,4.807,Plestan,Plénée-Jugon
87473090,87473108,3.983,Plestan,Lamballe
87473108,87473090,3.983,Lamballe,Plestan
87473108,87473116,5.834,Lamballe,Yffiniac
87473116,87473009,5.245,Yffiniac,St-Brieuc
87473116,87473108,5.834,Yffiniac,Lamballe
87473124,87473009,3.593,La Méaugon,St-Brieuc
87473124,87473132,2.096,La Méaugon,Plouvara-Plerneuf
87473132,87473124,2.096,Plouvara-Plerneuf,La Méaugon
87473132,87473140,3.737,Plouvara-Plerneuf,Châtelaudren-Plouagat
87473140,87473132,3.737,Châtelaudren-Plouagat,Plouvara-Plerneuf
87473140,87473207,7.0,Châtelaudren-Plouagat,Guingamp
87473165,87473181,6.047,Belle-Isle-Bégard,Plouaret-Trégor
87473165,87473207,8.0,Belle-Isle-Bégard,Guingamp
87473181,87473165,6.047,Plouaret-Trégor,Belle-Isle-Bégard
87473181,87473199,4.472,Plouaret-Trégor,Plounérin
87473199,87473181,4.472,Plounérin,Plouaret-Trégor
87473199,87474411,7.0,Plounérin,Plouigneau
87473207,87473140,7.0,Guingamp,Châtelaudren-Plouagat
87473207,87473165,8.0,Guingamp,Belle-Isle-Bégard
87473264,87473272,4.591,Landébia,Plancoët
87473272,87473264,4.591,Plancoët,Landébia
87473272,87478180,4.69,Plancoët,Corseul-Languenan
87473504,87473561,5.351,Carhaix,Carnoët-Locarn
87473512,87473579,2.369,Moustéru,Coat-Guégan
87473520,87473538,2.655,Pont-Melvez,Plougonver
87473520,87473579,1.834,Pont-Melvez,Coat-Guégan
87473538,87473520,2.655,Plougonver,Pont-Melvez
87473538,87473587,2.388,Plougonver,Les Mais
87473546,87473553,4.046,Callac,Le Pénity
87473546,87473587,2.656,Callac,Les Mais
87473553,87473546,4.046,Le Pénity,Callac
87473553,87473561,1.703,Le Pénity,Carnoët-Locarn
87473561,87473504,5.351,Carnoët-Locarn,Carhaix
87473561,87473553,1.703,Carnoët-Locarn,Le Pénity
87473579,87473512,2.369,Coat-Guégan,Moustéru
87473579,87473520,1.834,Coat-Guégan,Pont-Melvez
87473587,87473538,2.388,Les Mais,Plougonver
87473587,87473546,2.656,Les Mais,Callac
87473801,87473819,4.074,Gourland,Trégonneau-Squiffiec
87473819,87473801,4.074,Trégonneau-Squiffiec,Gourland
87473819,87473827,2.918,Trégonneau-Squiffiec,Brélidy-Plouëc
87473827,87473819,2.918,Brélidy-Plouëc,Trégonneau-Squiffiec
87473827,87473835,2.834,Brélidy-Plouëc,Pontrieux-Halte
87473835,87473827,2.834,Pontrieux-Halte,Brélidy-Plouëc
87473835,87473843,1.0,Pontrieux-Halte,Pontrieux
87473843,87473835,1.0,Pontrieux,Pontrieux-Halte
87473843,87473876,2.139,Pontrieux,Frynaudour
87473850,87322347,1.16,Lancerf,Traou-Nez
87473850,87473868,3.186,Lancerf,Paimpol
87473850,87473876,56.234,Lancerf,Frynaudour
87473868,87473850,3.186,Paimpol,Lancerf
87473876,87322347,1.841,Frynaudour,Traou-Nez
87473876,87473843,2.139,Frynaudour,Pontrieux
87473876,87473850,56.234,Frynaudour,Lancerf
87474007,87474213,4.0,Brest,Kerhuon
87474015,87474056,19.833,Dirinon Loperhet,Pont-de-Buis Lès Quimerc'h
87474056,87474015,19.833,Pont-de-Buis Lès Quimerc'h,Dirinon Loperhet
87474056,87474791,3.607,Pont-de-Buis Lès Quimerc'h,Châteaulin
87474098,87474155,11.0,Quimper,Rosporden
87474098,87474791,16.598,Quimper,Châteaulin
87474155,87474098,11.0,Rosporden,Quimper
87474155,87474189,5.791,Rosporden,Bannalec
87474189,87474155,5.791,Bannalec,Rosporden
87474189,87476317,7.796,Bannalec,Quimperlé
87474213,87474007,4.067,Kerhuon,Brest
87474213,87474221,3.563,Kerhuon,La Forest
87474221,87474213,3.563,La Forest,Kerhuon
87474221,87474239,2.659,La Forest,Landerneau
87474239,87474221,2.659,Landerneau,La Forest
87474239,87474262,2.51,Landerneau,La Roche-Maurice
87474262,87474239,2.51,La Roche-Maurice,Landerneau
87474262,87474270,5.379,La Roche-Maurice,Landivisiau
87474270,87474262,5.379,Landivisiau,La Roche-Maurice
87474270,87474296,4.033,Landivisiau,Guimiliau
87474296,87474270,4.033,Guimiliau,Landivisiau
87474296,87474312,2.372,Guimiliau,St-Thégonnec
87474312,87474296,2.372,St-Thégonnec,Guimiliau
87474312,87474320,3.006,St-Thégonnec,Pleyber-Christ
87474320,87474312,3.0,Pleyber-Christ,St-Thégonnec
87474320,87474338,4.954,Pleyber-Christ,Morlaix
87474338,87474320,4.954,Morlaix,Pleyber-Christ
87474338,87474411,5.0,Morlaix,Plouigneau
87474411,87473199,7.795,Plouigneau,Plounérin
87474411,87474338,5.099,Plouigneau,Morlaix
87474569,87474635,3.611,St-Pol-de-Léon,Roscoff
87474635,87474569,3.611,Roscoff,St-Pol-de-Léon
87474791,87474056,3.607,Châteaulin,Pont-de-Buis Lès Quimerc'h
87474791,87474098,16.598,Châteaulin,Quimper
87476002,87476259,4.466,Lorient,Hennebont
87476002,87476309,4.834,Lorient,Gestel
87476200,87476226,4.998,Auray,Landaul-Mendon
87476200,87476648,1.61,Auray,Ste-Anne
87476226,87476200,4.998,Landaul-Mendon,Auray
87476226,87476234,2.24,Landaul-Mendon,Landévant
87476234,87476226,2.24,Landévant,Landaul-Mendon
87476234,87476242,3.22,Landévant,Brandérion
87476242,87476234,3.22,Brandérion,Landévant
87476242,87476259,3.895,Brandérion,Hennebont
87476259,87476002,4.466,Hennebont,Lorient
87476259,87476242,3.895,Hennebont,Brandérion
87476267,87476416,2.005,Les Sables-Blancs,Plouharnel-Carnac
87476267,87476424,1.051,Les Sables-Blancs,Penthièvre
87476275,87476424,1.0,L'Isthme,Penthièvre
87476275,87476432,1.0,L'Isthme,Kerhostin
87476275,87476440,42.944,L'Isthme,St-Pierre-Quiberon
87476309,87476002,4.834,Gestel,Lorient
87476309,87476317,6.0,Gestel,Quimperlé
87476317,87474189,7.796,Quimperlé,Bannalec
87476317,87476309,6.0,Quimperlé,Gestel
87476408,87476416,3.544,Belz-Ploemel,Plouharnel-Carnac
87476416,87476267,2.005,Plouharnel-Carnac,Les Sables-Blancs
87476416,87476408,3.544,Plouharnel-Carnac,Belz-Ploemel
87476424,87476267,1.051,Penthièvre,Les Sables-Blancs
87476424,87476275,1.0,Penthièvre,L'Isthme
87476424,87476432,37.045,Penthièvre,Kerhostin
87476432,87476275,1.0,Kerhostin,L'Isthme
87476432,87476424,37.045,Kerhostin,Penthièvre
87476432,87476440,1.0,Kerhostin,St-Pierre-Quiberon
87476440,87476275,42.944,St-Pierre-Quiberon,L'Isthme
87476440,87476432,1.0,St-Pierre-Quiberon,Kerhostin
87476440,87476457,2.332,St-Pierre-Quiberon,Quiberon
87476457,87476440,2.332,Quiberon,St-Pierre-Quiberon
87476606,87476648,8.859,Vannes,Ste-Anne
87476606,87476671,12.0,Vannes,Questembert
87476648,87476200,1.61,Ste-Anne,Auray
87476648,87476606,8.859,Ste-Anne,Vannes
87476671,87476606,12.0,Questembert,Vannes
87476671,87476689,6.0,Questembert,Malansac
87476689,87471300,8.0,Malansac,Redon
87476689,87476671,6.0,Malansac,Questembert
87476754,87471300,6.941,Sévérac,Redon
87476754,87476762,2.41,Sévérac,St-Gildas-des-Bois
87476762,87476754,2.41,St-Gildas-des-Bois,Sévérac
87476762,87476770,2.264,St-Gildas-des-Bois,Drefféac
87476770,87476762,2.264,Drefféac,St-Gildas-des-Bois
87476770,87481846,3.534,Drefféac,Pontchâteau
87478016,87471458,2.243,St-Germain-sur-Ille,Chevaigné
87478016,87478024,2.371,St-Germain-sur-Ille,St-Médard-sur-Ille
87478024,87478016,2.371,St-Médard-sur-Ille,St-Germain-sur-Ille
87478024,87478032,2.119,St-Médard-sur-Ille,Montreuil-sur-Ille
87478032,87478024,2.119,Montreuil-sur-Ille,St-Médard-sur-Ille
87478032,87478040,2.707,Montreuil-sur-Ille,Dingé
87478040,87478032,2.707,Dingé,Montreuil-sur-Ille
87478040,87478057,4.541,Dingé,Combourg
87478057,87478040,4.541,Combourg,Dingé
87478057,87478065,4.179,Combourg,Bonnemain
87478065,87478057,4.179,Bonnemain,Combourg
87478065,87478073,4.617,Bonnemain,Dol-de-Bretagne
87478073,87478065,4.617,Dol-de-Bretagne,Bonnemain
87478073,87478081,5.0,Dol-de-Bretagne,La Fresnais
87478081,87478073,5.043,La Fresnais,Dol-de-Bretagne
87478081,87478099,2.871,La Fresnais,La Gouesnière-Cancale
87478099,87478081,2.871,La Gouesnière-Cancale,La Fresnais
87478099,87478107,4.518,La Gouesnière-Cancale,St-Malo
87478107,87478099,4.518,St-Malo,La Gouesnière-Cancale
87478123,87478131,2.623,Plerguer,Miniac
87478123,87478263,16.326,Plerguer,Pontorson-Mont-St-Michel
87478131,87478123,2.623,Miniac,Plerguer
87478131,87478149,2.897,Miniac,Pleudihen
87478149,87478131,2.897,Pleudihen,Miniac
87478149,87478156,2.02,Pleudihen,La Hisse
87478156,87478149,2.02,La Hisse,Pleudihen
87478156,87478164,3.465,La Hisse,Dinan
87478164,87478156,3.465,Dinan,La Hisse
87478164,87478180,4.687,Dinan,Corseul-Languenan
87478180,87473272,4.69,Corseul-Languenan,Plancoët
87478180,87478164,4.687,Corseul-Languenan,Dinan
87478263,87448514,11.947,Pontorson-Mont-St-Michel,Avranches
87478263,87478123,16.326,Pontorson-Mont-St-Michel,Plerguer
87478404,87478511,2.995,Laval,Louverné
87478404,87478743,5.379,Laval,Le Genest
87478511,87478404,2.995,Louverné,Laval
87478511,87478537,7.193,Louverné,Montsûrs
87478537,87478511,7.193,Montsûrs,Louverné
87478537,87478545,3.219,Montsûrs,Neau
87478545,87478537,3.219,Neau,Montsûrs
87478545,87478552,3.369,Neau,Évron
87478552,87478545,3.369,Évron,Neau
87478552,87478560,5.0,Évron,Voutré
87478560,87396259,4.112,Voutré,Rouessé-Vassé
87478560,87478552,5.0,Voutré,Évron
87478743,87478404,5.379,Le Genest,Laval
87478743,87478750,3.878,Le Genest,Port-Brillet
87478750,87478743,3.878,Port-Brillet,Le Genest
87478750,87478768,2.4,Port-Brillet,St-Pierre-la-Cour
87478768,87471508,7.0,St-Pierre-la-Cour,Vitré
87478768,87478750,2.4,St-Pierre-la-Cour,Port-Brillet
87481002,87354589,1.718,Nantes,St-Sébastien-Pas-Enchantés
87481002,87481051,2.591,Nantes,Chantenay
87481002,87481143,5.175,Nantes,Thouaré
87481002,87590331,56.507,Nantes,Haluchère-Batignolles
87481036,87481200,7.004,Rezé-Pont-Rousseau,Bouaye
87481051,87481002,2.591,Chantenay,Nantes
87481051,87481069,2.819,Chantenay,La Basse-Indre-St-Herblain
87481069,87481051,2.819,La Basse-Indre-St-Herblain,Chantenay
87481069,87481804,2.929,La Basse-Indre-St-Herblain,Couëron
87481143,87481002,5.175,Thouaré,Nantes
87481143,87481150,2.74,Thouaré,Mauves-sur-Loire
87481150,87481143,2.74,Mauves-sur-Loire,Thouaré
87481150,87481168,2.029,Mauves-sur-Loire,Le Cellier
87481168,87481150,2.029,Le Cellier,Mauves-sur-Loire
87481168,87481184,3.0,Le Cellier,Oudon
87481176,87481457,3.093,Boussay-La Bruffière,Cugand
87481176,87486894,3.975,Boussay-La Bruffière,Torfou
87481184,87481168,3.104,Oudon,Le Cellier
87481184,87481192,5.0,Oudon,Ancenis
87481192,87481184,5.0,Ancenis,Oudon
87481192,87484386,6.0,Ancenis,Varades-St-Florent-le-Vieil
87481200,87481036,7.004,Bouaye,Rezé-Pont-Rousseau
87481200,87481218,3.057,Bouaye,Port-St-Père-St-Mars
87481218,87481200,3.057,Port-St-Père-St-Mars,Bouaye
87481218,87481226,3.385,Port-St-Père-St-Mars,Ste-Pazanne
87481226,87481218,3.385,Ste-Pazanne,Port-St-Père-St-Mars
87481226,87481234,2.045,Ste-Pazanne,St-Hilaire-de-Chaléons
87481226,87481366,7.436,Ste-Pazanne,Machecoul
87481234,87481226,2.045,St-Hilaire-de-Chaléons,Ste-Pazanne
87481234,87481242,5.509,St-Hilaire-de-Chaléons,Bourgneuf-en-Retz
87481242,87481234,5.509,Bourgneuf-en-Retz,St-Hilaire-de-Chaléons
87481242,87481259,2.287,Bourgneuf-en-Retz,Les Moutiers-en-Retz
87481259,87481242,2.287,Les Moutiers-en-Retz,Bourgneuf-en-Retz
87481259,87481267,1.887,Les Moutiers-en-Retz,La Bernerie-en-Retz
87481267,87481259,1.887,La Bernerie-en-Retz,Les Moutiers-en-Retz
87481366,87481226,7.436,Machecoul,Ste-Pazanne
87481366,87481390,10.382,Machecoul,Challans
87481390,87481366,10.0,Challans,Machecoul
87481408,87354597,1.0,Vertou,St-Sébastien-Frêne-Rond
87481408,87481416,3.992,Vertou,La Haie-Fouassière
87481416,87481408,3.992,La Haie-Fouassière,Vertou
87481416,87481424,2.194,La Haie-Fouassière,Le Pallet
87481424,87481416,2.194,Le Pallet,La Haie-Fouassière
87481424,87481432,3.2,Le Pallet,Gorges
87481432,87481424,3.2,Gorges,Le Pallet
87481432,87481440,1.183,Gorges,Clisson
87481440,87481432,1.183,Clisson,Gorges
87481440,87481465,6.842,Clisson,Montaigu-Vendée
87481457,87481176,3.093,Cugand,Boussay-La Bruffière
87481465,87481440,6.842,Montaigu-Vendée,Clisson
87481465,87486126,5.0,Montaigu-Vendée,L'Herbergement-Les Brouzils
87481564,87590356,1.0,La Chapelle-Centre,Erdre-Active
87481564,87590364,1.0,La Chapelle-Centre,La Chapelle-Aulnay
87481598,87481614,7.102,Nort-sur-Erdre,Abbaretz
87481598,87590828,6.284,Nort-sur-Erdre,Sucé-sur-Erdre
87481614,87481598,7.102,Abbaretz,Nort-sur-Erdre
87481614,87481622,5.438,Abbaretz,Issé
87481622,87481614,5.438,Issé,Abbaretz
87481622,87590372,6.735,Issé,Châteaubriant Tram-Train
87481648,87471367,8.109,Châteaubriant,Martigné-Ferchaud
87481648,87590372,5.712,Châteaubriant,Châteaubriant Tram-Train
87481689,87321745,1.0,La Croix-de-Méan,Penhoët
87481689,87481705,32.501,La Croix-de-Méan,St-Nazaire
87481689,87481713,1.81,La Croix-de-Méan,Montoir-de-Bretagne
87481697,87481747,1.219,La Baule-les-Pins,Pornichet
87481697,87481754,1.095,La Baule-les-Pins,La Baule-Escoublac
87481705,87321745,1.0,St-Nazaire,Penhoët
87481705,87481689,32.501,St-Nazaire,La Croix-de-Méan
87481705,87481747,6.581,St-Nazaire,Pornichet
87481713,87481689,1.81,Montoir-de-Bretagne,La Croix-de-Méan
87481713,87481721,4.155,Montoir-de-Bretagne,Donges-Bonne Nouvelle
87481721,87481713,4.0,Donges-Bonne Nouvelle,Montoir-de-Bretagne
87481721,87481838,6.0,Donges-Bonne Nouvelle,Savenay
87481747,87481697,1.219,Pornichet,La Baule-les-Pins
87481747,87481705,6.581,Pornichet,St-Nazaire
87481754,87481697,1.095,La Baule-Escoublac,La Baule-les-Pins
87481754,87481762,1.859,La Baule-Escoublac,Le Pouliguen
87481762,87481754,1.859,Le Pouliguen,La Baule-Escoublac
87481762,87481770,1.924,Le Pouliguen,Batz-sur-Mer
87481770,87481762,1.924,Batz-sur-Mer,Le Pouliguen
87481770,87481788,1.382,Batz-sur-Mer,Le Croisic
87481788,87481770,1.382,Le Croisic,Batz-sur-Mer
87481804,87481069,2.929,Couëron,La Basse-Indre-St-Herblain
87481804,87481812,4.276,Couëron,St-Étienne-de-Montluc
87481812,87481804,4.276,St-Étienne-de-Montluc,Couëron
87481812,87481820,3.061,St-Étienne-de-Montluc,Cordemais
87481820,87481812,3.061,Cordemais,St-Étienne-de-Montluc
87481820,87481838,5.654,Cordemais,Savenay
87481838,87481721,6.0,Savenay,Donges-Bonne Nouvelle
87481838,87481820,5.654,Savenay,Cordemais
87481846,87476770,3.534,Pontchâteau,Drefféac
87484006,87484048,29.542,Angers-St-Laud,Angers-Maître-École
87484006,87484063,3.726,Angers-St-Laud,Trélazé
87484006,87484329,6.0,Angers-St-Laud,Savennières-Béhuard
87484048,87484006,29.542,Angers-Maître-École,Angers-St-Laud
87484048,87484113,2.421,Angers-Maître-École,Écouflant
87484063,87484006,3.726,Trélazé,Angers-St-Laud
87484063,87487843,3.038,Trélazé,La Bohalle
87484113,87484048,2.421,Écouflant,Angers-Maître-École
87484113,87484139,4.748,Écouflant,Le Vieux-Briollay
87484139,87484113,4.748,Le Vieux-Briollay,Écouflant
87484139,87484147,2.732,Le Vieux-Briollay,Tiercé
87484147,87484139,2.732,Tiercé,Le Vieux-Briollay
87484147,87484154,2.441,Tiercé,Étriché-Châteauneuf
87484154,87484147,2.441,Étriché-Châteauneuf,Tiercé
87484154,87484170,5.0,Étriché-Châteauneuf,Morannes
87484170,87396408,7.0,Morannes,Sablé-sur-Sarthe
87484170,87484154,5.0,Morannes,Étriché-Châteauneuf
87484204,87484246,8.055,Chalonnes,Chemillé
87484204,87484337,3.071,Chalonnes,La Possonnière
87484246,87484204,8.055,Chemillé,Chalonnes
87484246,87484303,12.049,Chemillé,Cholet
87484303,87484246,12.049,Cholet,Chemillé
87484303,87487249,25.809,Cholet,Bressuire
87484329,87484006,6.785,Savennières-Béhuard,Angers-St-Laud
87484329,87484337,1.666,Savennières-Béhuard,La Possonnière
87484337,87484204,3.071,La Possonnière,Chalonnes
87484337,87484329,1.666,La Possonnière,Savennières-Béhuard
87484337,87484352,7.0,La Possonnière,Champtocé-sur-Loire
87484352,87484337,7.0,Champtocé-sur-Loire,La Possonnière
87484352,87484360,2.253,Champtocé-sur-Loire,Ingrandes-sur-Loire
87484360,87484352,2.253,Ingrandes-sur-Loire,Champtocé-sur-Loire
87484360,87484386,4.526,Ingrandes-sur-Loire,Varades-St-Florent-le-Vieil
87484386,87481192,6.0,Varades-St-Florent-le-Vieil,Ancenis
87484386,87484360,4.0,Varades-St-Florent-le-Vieil,Ingrandes-sur-Loire
87485003,87437798,29.035,La Rochelle-Ville,La Rochelle-Porte-Dauphine
87485003,87437806,1.97,La Rochelle-Ville,Aytré-Plage
87485003,87486258,36.005,La Rochelle-Ville,Luçon
87485102,87437806,1.307,Angoulins-sur-Mer,Aytré-Plage
87485102,87485110,2.133,Angoulins-sur-Mer,Châtelaillon
87485110,87485102,2.133,Châtelaillon,Angoulins-sur-Mer
87485110,87485136,6.273,Châtelaillon,St-Laurent-de-la-Prée
87485136,87485110,6.273,St-Laurent-de-la-Prée,Châtelaillon
87485136,87485144,4.268,St-Laurent-de-la-Prée,Rochefort
87485144,87485136,4.268,Rochefort,St-Laurent-de-la-Prée
87485144,87485151,3.489,Rochefort,Tonnay-Charente
87485151,87485144,3.489,Tonnay-Charente,Rochefort
87485151,87491019,5.874,Tonnay-Charente,Bords
87485185,87485193,3.471,La Jarrie,Aigrefeuille-Le Thou
87485193,87485185,3.471,Aigrefeuille-Le Thou,La Jarrie
87485193,87485227,8.0,Aigrefeuille-Le Thou,Surgères
87485227,87485193,8.0,Surgères,Aigrefeuille-Le Thou
87485227,87485250,6.624,Surgères,Mauzé
87485250,87485227,6.624,Mauzé,Surgères
87485250,87485268,1.966,Mauzé,Prin-Deyrançon
87485268,87485250,1.966,Prin-Deyrançon,Mauzé
87485268,87485300,9.959,Prin-Deyrançon,Niort
87485300,87485268,9.959,Niort,Prin-Deyrançon
87485300,87485326,5.933,Niort,Fors
87485300,87485474,7.0,Niort,La Crèche
87485300,87487009,48.958,Niort,Thouars
87485326,87485300,5.933,Fors,Niort
87485326,87485334,2.408,Fors,Marigny
87485334,87485326,2.408,Marigny,Fors
87485334,87485342,2.211,Marigny,Beauvoir-sur-Niort
87485342,87485334,2.211,Beauvoir-sur-Niort,Marigny
87485342,87485359,1.878,Beauvoir-sur-Niort,Prissé-la-Charrière
87485359,87485342,1.878,Prissé-la-Charrière,Beauvoir-sur-Niort
87485359,87491258,3.538,Prissé-la-Charrière,Villeneuve-la-Comtesse
87485474,87485300,7.0,La Crèche,Niort
87485474,87485490,5.234,La Crèche,St-Maixent-l'Ecole
87485490,87485474,5.234,St-Maixent-l'Ecole,La Crèche
87485490,87485508,4.163,St-Maixent-l'Ecole,La Mothe-St-Héray
87485508,87485490,4.163,La Mothe-St-Héray,St-Maixent-l'Ecole
87485508,87485524,3.771,La Mothe-St-Héray,Pamproux
87485524,87485508,3.771,Pamproux,La Mothe-St-Héray
87485524,87485532,4.0,Pamproux,Rouillé
87485532,87485524,4.0,Rouillé,Pamproux
87485532,87485540,3.328,Rouillé,Lusignan
87485540,87485532,3.328,Lusignan,Rouillé
87486019,87486142,7.0,La Roche-sur-Yon,Bellevigny
87486019,87486258,20.175,La Roche-sur-Yon,Luçon
87486126,87481465,5.0,L'Herbergement-Les Brouzils,Montaigu-Vendée
87486126,87486142,7.939,L'Herbergement-Les Brouzils,Bellevigny
87486142,87486019,7.0,Bellevigny,La Roche-sur-Yon
87486142,87486126,7.939,Bellevigny,L'Herbergement-Les Brouzils
87486258,87485003,36.005,Luçon,La Rochelle-Ville
87486258,87486019,20.175,Luçon,La Roche-sur-Yon
87486308,87486316,2.268,La Chaize-le-Vicomte,Fougeré
87486308,87486423,17.572,La Chaize-le-Vicomte,La Mothe-Achard
87486316,87486308,2.268,Fougeré,La Chaize-le-Vicomte
87486316,87486324,2.409,Fougeré,Bournezeau
87486324,87486316,2.409,Bournezeau,Fougeré
87486324,87486332,6.839,Bournezeau,Chantonnay
87486332,87486324,6.839,Chantonnay,Bournezeau
87486332,87487314,12.496,Chantonnay,Pouzauges
87486423,87486308,17.572,La Mothe-Achard,La Chaize-le-Vicomte
87486423,87486431,5.873,La Mothe-Achard,Olonne-sur-Mer
87486431,87486423,5.873,Olonne-sur-Mer,La Mothe-Achard
87486431,87486449,3.278,Olonne-sur-Mer,Les Sables-d'Olonne
87486449,87486431,3.278,Les Sables-d'Olonne,Olonne-sur-Mer
87486563,87486571,1.464,St-Hilaire-de-Riez,St-Gilles-Croix-de-Vie
87486571,87486563,1.464,St-Gilles-Croix-de-Vie,St-Hilaire-de-Riez
87486894,87481176,3.975,Torfou,Boussay-La Bruffière
87487009,87485300,48.958,Thouars,Niort
87487009,87487249,16.315,Thouars,Bressuire
87487009,87487637,9.739,Thouars,Montreuil-Bellay
87487009,87571687,26.43,Thouars,Chinon
87487249,87484303,25.809,Bressuire,Cholet
87487249,87487009,16.315,Bressuire,Thouars
87487249,87487280,7.979,Bressuire,Cerizay
87487280,87487249,7.979,Cerizay,Bressuire
87487280,87487314,8.088,Cerizay,Pouzauges
87487314,87486332,12.496,Pouzauges,Chantonnay
87487314,87487280,8.088,Pouzauges,Cerizay
87487603,87396606,37.412,Saumur,Château-du-Loir
87487603,87487637,11.773,Saumur,Montreuil-Bellay
87487603,87487876,8.0,Saumur,Les Rosiers-sur-Loire
87487603,87571794,8.0,Saumur,Port-Boulet
87487637,87487009,9.739,Montreuil-Bellay,Thouars
87487637,87487603,11.773,Montreuil-Bellay,Saumur
87487843,87484063,3.038,La Bohalle,Trélazé
87487843,87487892,3.662,La Bohalle,St-Mathurin
87487876,87487603,8.0,Les Rosiers-sur-Loire,Saumur
87487876,87487884,3.0,Les Rosiers-sur-Loire,La Ménitré
87487884,87487876,3.0,La Ménitré,Les Rosiers-sur-Loire
87487884,87487892,2.013,La Ménitré,St-Mathurin
87487892,87487843,3.662,St-Mathurin,La Bohalle
87487892,87487884,2.013,St-Mathurin,La Ménitré
87491001,87491076,6.915,Saintes,Beillant
87491001,87491324,7.99,Saintes,St-Hilaire-Brizambourg
87491019,87485151,5.874,Bords,Tonnay-Charente
87491019,87491035,5.59,Bords,St-Savinien-sur-Charente
87491035,87491019,5.59,St-Savinien-sur-Charente,Bords
87491035,87491043,3.784,St-Savinien-sur-Charente,Taillebourg
87491043,87491035,3.784,Taillebourg,St-Savinien-sur-Charente
87491076,87491001,6.915,Beillant,Saintes
87491076,87491100,7.902,Beillant,Pons
87491100,87491076,7.902,Pons,Beillant
87491100,87491134,6.887,Pons,Clion-sur-Seugne
87491134,87491100,6.887,Clion-sur-Seugne,Pons
87491134,87491142,3.62,Clion-sur-Seugne,Jonzac
87491142,87491134,3.62,Jonzac,Clion-sur-Seugne
87491142,87491159,4.345,Jonzac,Fontaines-d'Ozillac
87491159,87491142,4.345,Fontaines-d'Ozillac,Jonzac
87491159,87491183,7.079,Fontaines-d'Ozillac,Montendre
87491183,87491159,7.079,Montendre,Fontaines-d'Ozillac
87491183,87491191,4.397,Montendre,Bussac
87491191,87491183,4.397,Bussac,Montendre
87491191,87491209,4.746,Bussac,St-Mariens-St-Yzan
87491209,87491191,4.746,St-Mariens-St-Yzan,Bussac
87491209,87491217,2.111,St-Mariens-St-Yzan,Cavignac
87491217,87491209,2.111,Cavignac,St-Mariens-St-Yzan
87491217,87491225,3.348,Cavignac,Gauriaguet
87491225,87491217,3.348,Gauriaguet,Cavignac
87491225,87491233,2.546,Gauriaguet,Aubie-St-Antoine
87491233,87491225,2.546,Aubie-St-Antoine,Gauriaguet
87491233,87491241,1.822,Aubie-St-Antoine,St-André-de-Cubzac
87491241,87491233,1.822,St-André-de-Cubzac,Aubie-St-Antoine
87491241,87491266,1.429,St-André-de-Cubzac,Cubzac-les-Ponts
87491258,87485359,3.538,Villeneuve-la-Comtesse,Prissé-la-Charrière
87491258,87491290,3.567,Villeneuve-la-Comtesse,Loulay
87491266,87491241,1.429,Cubzac-les-Ponts,St-André-de-Cubzac
87491266,87491274,2.671,Cubzac-les-Ponts,La Grave-d'Ambarès-Gare-Inférieure
87491274,87491266,2.671,La Grave-d'Ambarès-Gare-Inférieure,Cubzac-les-Ponts
87491274,87491282,2.456,La Grave-d'Ambarès-Gare-Inférieure,Ste-Eulalie-Carbon-Blanc
87491274,87584755,27.894,La Grave-d'Ambarès-Gare-Inférieure,La Gorp
87491282,87491274,2.456,Ste-Eulalie-Carbon-Blanc,La Grave-d'Ambarès-Gare-Inférieure
87491290,87491258,3.567,Loulay,Villeneuve-la-Comtesse
87491290,87491357,6.766,Loulay,St-Jean-d'Angély
87491324,87491001,7.99,St-Hilaire-Brizambourg,Saintes
87491324,87491357,5.904,St-Hilaire-Brizambourg,St-Jean-d'Angély
87491357,87491290,6.766,St-Jean-d'Angély,Loulay
87491357,87491324,5.904,St-Jean-d'Angély,St-Hilaire-Brizambourg
87491449,87491472,7.598,Cognac,Jarnac
87491472,87491449,7.598,Jarnac,Cognac
87491472,87491506,7.211,Jarnac,Châteauneuf-sur-Charente
87491506,87491472,7.211,Châteauneuf-sur-Charente,Jarnac
87491803,87491811,4.911,Royan,Saujon
87491811,87491803,4.911,Saujon,Royan
87492108,87545285,1.13,Les Ardoines,Choisy-le-Roi
87492108,87545293,1.11,Les Ardoines,Vitry-sur-Seine
87497461,87353573,45.059,Galliéni-Cancéropole,Le Toec
87497461,87446179,1.598,Galliéni-Cancéropole,St-Cyprien-Arènes
87497461,87611301,38.102,Galliéni-Cancéropole,St-Agne
87497461,87611939,58.034,Galliéni-Cancéropole,Lardenne
87517912,87672725,1.0,Bidos,Oloron-Ste-Marie
87517912,87672741,3.919,Bidos,Lurbe-St-Christau
87520299,87751529,1.313,Nice-Pont-Michel,L'Ariane
87520299,87756007,1.0,Nice-Pont-Michel,Nice-St-Roch
87520299,87756056,45.31,Nice-Pont-Michel,Nice-Ville
87520299,87756353,29.06,Nice-Pont-Michel,Nice-Riquier
87534321,87181024,31.569,Mulhouse-Dornach (Tram/Train),Hasenrain
87534321,87182055,6.374,Mulhouse-Dornach (Tram/Train),Mulhouse-Dornach
87534321,87182063,40.504,Mulhouse-Dornach (Tram/Train),Mulhouse-Ville
87534321,87472639,1.0,Mulhouse-Dornach (Tram/Train),Zu-Rhein
87534321,87534339,1.0,Mulhouse-Dornach (Tram/Train),Mulhouse-Musées (Tram/Train)
87534339,87181024,43.479,Mulhouse-Musées (Tram/Train),Hasenrain
87534339,87182055,15.595,Mulhouse-Musées (Tram/Train),Mulhouse-Dornach
87534339,87182063,52.014,Mulhouse-Musées (Tram/Train),Mulhouse-Ville
87534339,87472639,26.016,Mulhouse-Musées (Tram/Train),Zu-Rhein
87534339,87534321,1.0,Mulhouse-Musées (Tram/Train),Mulhouse-Dornach (Tram/Train)
87534339,87534347,1.023,Mulhouse-Musées (Tram/Train),Lutterbach-Tram-Train
87534347,87182667,5.344,Lutterbach-Tram-Train,Lutterbach (Haut-Rhin)
87534347,87534339,1.023,Lutterbach-Tram-Train,Mulhouse-Musées (Tram/Train)
87540179,87545525,1.0,Dourdan-la-Forêt,Dourdan
87540179,87545657,10.856,Dourdan-la-Forêt,Auneau
87543009,87543017,1.183,Orléans,Les Aubrais-Orléans
87543017,87543009,1.183,Les Aubrais-Orléans,Orléans
87543017,87543033,3.709,Les Aubrais-Orléans,Cercottes
87543017,87543116,7.774,Les Aubrais-Orléans,St-Cyr-en-Val-La Source
87543017,87543371,5.146,Les Aubrais-Orléans,La Chapelle-St-Mesmin
87543033,87543017,3.709,Cercottes,Les Aubrais-Orléans
87543033,87543041,2.499,Cercottes,Chevilly
87543041,87543033,2.499,Chevilly,Cercottes
87543041,87543058,3.256,Chevilly,Artenay
87543058,87543041,3.256,Artenay,Chevilly
87543058,87543066,3.864,Artenay,Château-Gaillard
87543066,87543058,3.864,Château-Gaillard,Artenay
87543066,87543074,3.335,Château-Gaillard,Toury
87543074,87543066,3.335,Toury,Château-Gaillard
87543074,87543082,4.033,Toury,Boisseaux
87543082,87543074,4.033,Boisseaux,Toury
87543082,87543090,3.559,Boisseaux,Angerville
87543090,87543082,3.559,Angerville,Boisseaux
87543090,87545111,2.522,Angerville,Monnerville
87543116,87543017,7.774,St-Cyr-en-Val-La Source,Les Aubrais-Orléans
87543116,87543124,5.987,St-Cyr-en-Val-La Source,La Ferté-St-Aubin
87543124,87543116,5.987,La Ferté-St-Aubin,St-Cyr-en-Val-La Source
87543124,87543140,8.0,La Ferté-St-Aubin,Lamotte-Beuvron
87543140,87543124,8.0,Lamotte-Beuvron,La Ferté-St-Aubin
87543140,87543157,3.631,Lamotte-Beuvron,Nouan-le-Fuzelier
87543157,87543140,3.631,Nouan-le-Fuzelier,Lamotte-Beuvron
87543157,87543165,6.0,Nouan-le-Fuzelier,Salbris
87543165,87543157,6.0,Salbris,Nouan-le-Fuzelier
87543165,87543199,6.0,Salbris,Theillay
87543181,87381012,53.186,Boulainvilliers,Péreire-Levallois
87543181,87381020,37.961,Boulainvilliers,Neuilly-Porte-Maillot
87543181,87381038,26.513,Boulainvilliers,Avenue-Foch
87543181,87381046,1.0,Boulainvilliers,Avenue-Henri-Martin
87543181,87391102,53.815,Boulainvilliers,Paris-Vaugirard
87543181,87393033,43.509,Boulainvilliers,Invalides
87543181,87393041,31.114,Boulainvilliers,Pont-de-l'Alma
87543181,87393058,19.238,Boulainvilliers,Champ-de-Mars-Tour-Eiffel
87543181,87393066,20.222,Boulainvilliers,Javel
87543181,87393322,31.056,Boulainvilliers,Pont-du-Garigliano-Hôpital-Georges-Pompidou
87543181,87543207,1.0,Boulainvilliers,Avenue-du-Président-Kennedy-Radio-France
87543181,87731448,37.817,Boulainvilliers,Porte Maillot
87543199,87543165,6.0,Theillay,Salbris
87543199,87576009,5.531,Theillay,Vierzon-Ville
87543207,87381012,55.73,Avenue-du-Président-Kennedy-Radio-France,Péreire-Levallois
87543207,87381020,41.983,Avenue-du-Président-Kennedy-Radio-France,Neuilly-Porte-Maillot
87543207,87381038,32.035,Avenue-du-Président-Kennedy-Radio-France,Avenue-Foch
87543207,87381046,23.702,Avenue-du-Président-Kennedy-Radio-France,Avenue-Henri-Martin
87543207,87391102,46.595,Avenue-du-Président-Kennedy-Radio-France,Paris-Vaugirard
87543207,87393033,40.218,Avenue-du-Président-Kennedy-Radio-France,Invalides
87543207,87393041,28.79,Avenue-du-Président-Kennedy-Radio-France,Pont-de-l'Alma
87543207,87393058,15.361,Avenue-du-Président-Kennedy-Radio-France,Champ-de-Mars-Tour-Eiffel
87543207,87393066,15.689,Avenue-du-Président-Kennedy-Radio-France,Javel
87543207,87393322,27.852,Avenue-du-Président-Kennedy-Radio-France,Pont-du-Garigliano-Hôpital-Georges-Pompidou
87543207,87543181,1.0,Avenue-du-Président-Kennedy-Radio-France,Boulainvilliers
87543207,87731448,42.104,Avenue-du-Président-Kennedy-Radio-France,Porte Maillot
87543371,87543017,5.146,La Chapelle-St-Mesmin,Les Aubrais-Orléans
87543371,87574111,2.053,La Chapelle-St-Mesmin,Chaingy-Fourneaux-Plage
87545111,87543090,2.522,Monnerville,Angerville
87545111,87545129,1.957,Monnerville,Guillerval
87545129,87545111,1.957,Guillerval,Monnerville
87545129,87545137,5.641,Guillerval,Étampes
87545137,87545129,5.641,Étampes,Guillerval
87545137,87545145,3.913,Étampes,Étréchy
87545137,87545350,22.696,Étampes,St-Martin-d'Étampes
87545145,87545137,3.913,Étréchy,Étampes
87545145,87545152,1.515,Étréchy,Chamarande
87545152,87545145,1.515,Chamarande,Étréchy
87545152,87545160,1.708,Chamarande,Lardy
87545160,87545152,1.708,Lardy,Chamarande
87545160,87545178,1.678,Lardy,Bouray
87545178,87545160,1.678,Bouray,Lardy
87545178,87545186,1.963,Bouray,Marolles-en-Hurepoix
87545186,87545178,1.963,Marolles-en-Hurepoix,Bouray
87545186,87545194,2.602,Marolles-en-Hurepoix,Brétigny
87545194,87545186,2.602,Brétigny,Marolles-en-Hurepoix
87545194,87545202,1.794,Brétigny,St-Michel-sur-Orge
87545202,87545194,1.794,St-Michel-sur-Orge,Brétigny
87545202,87545210,1.172,St-Michel-sur-Orge,Ste-Geneviève-des-Bois
87545210,87545202,1.172,Ste-Geneviève-des-Bois,St-Michel-sur-Orge
87545210,87545228,1.284,Ste-Geneviève-des-Bois,Épinay-sur-Orge
87545228,87393652,16.938,Épinay-sur-Orge,Petit-Vaux
87545228,87545210,1.284,Épinay-sur-Orge,Ste-Geneviève-des-Bois
87545228,87545236,1.0,Épinay-sur-Orge,Savigny-sur-Orge
87545236,87545228,1.0,Savigny-sur-Orge,Épinay-sur-Orge
87545236,87545244,1.503,Savigny-sur-Orge,Juvisy
87545244,87545236,1.503,Juvisy,Savigny-sur-Orge
87545244,87545251,1.633,Juvisy,Athis-Mons
87545244,87681304,1.798,Juvisy,Vigneux-sur-Seine
87545244,87681312,1.0,Juvisy,Viry-Châtillon
87545251,87545244,1.633,Athis-Mons,Juvisy
87545251,87545269,1.011,Athis-Mons,Ablon
87545269,87545251,1.011,Ablon,Athis-Mons
87545269,87545277,1.0,Ablon,Villeneuve-le-Roi
87545277,87545269,1.0,Villeneuve-le-Roi,Ablon
87545277,87545285,1.595,Villeneuve-le-Roi,Choisy-le-Roi
87545285,87492108,1.13,Choisy-le-Roi,Les Ardoines
87545285,87545277,1.595,Choisy-le-Roi,Villeneuve-le-Roi
87545285,87546226,1.222,Choisy-le-Roi,Les Saules
87545293,87492108,1.11,Vitry-sur-Seine,Les Ardoines
87545293,87545301,1.0,Vitry-sur-Seine,Ivry-sur-Seine
87545301,87328328,1.022,Ivry-sur-Seine,Bibliothèque-François-Mitterrand
87545301,87545293,1.0,Ivry-sur-Seine,Vitry-sur-Seine
87545350,87545137,22.696,St-Martin-d'Étampes,Étampes
87545459,87545467,1.156,La Norville-St-Germain-lès-Arpajon,Arpajon
87545467,87545459,1.156,Arpajon,La Norville-St-Germain-lès-Arpajon
87545467,87545475,1.0,Arpajon,Égly
87545475,87545467,1.0,Égly,Arpajon
87545475,87545483,1.283,Égly,Breuillet-Bruyères-le-Châtel
87545483,87545475,1.283,Breuillet-Bruyères-le-Châtel,Égly
87545483,87545491,1.125,Breuillet-Bruyères-le-Châtel,Breuillet-Village
87545491,87545483,1.125,Breuillet-Village,Breuillet-Bruyères-le-Châtel
87545491,87545509,2.033,Breuillet-Village,St-Chéron
87545509,87545491,2.033,St-Chéron,Breuillet-Village
87545509,87545517,2.523,St-Chéron,Sermaise
87545517,87545509,2.523,Sermaise,St-Chéron
87545517,87545525,2.421,Sermaise,Dourdan
87545525,87540179,1.0,Dourdan,Dourdan-la-Forêt
87545525,87545517,2.421,Dourdan,Sermaise
87545657,87540179,10.856,Auneau,Dourdan-la-Forêt
87545657,87545707,12.273,Auneau,Voves
87545707,87545657,12.273,Voves,Auneau
87545707,87545731,11.206,Voves,Bonneval
87545731,87545707,11.206,Bonneval,Voves
87545731,87545756,7.473,Bonneval,Châteaudun
87545756,87545731,7.473,Châteaudun,Bonneval
87545756,87574509,6.834,Châteaudun,Cloyes
87546192,87546200,1.618,Pont-de-Rungis-Aéroport-d'Orly,Orly-Ville
87546192,87546291,1.0,Pont-de-Rungis-Aéroport-d'Orly,Rungis-la-Fraternelle
87546200,87546192,1.618,Orly-Ville,Pont-de-Rungis-Aéroport-d'Orly
87546200,87546226,1.0,Orly-Ville,Les Saules
87546226,87386417,28.067,Les Saules,Sartrouville
87546226,87393652,6.539,Les Saules,Petit-Vaux
87546226,87545285,1.222,Les Saules,Choisy-le-Roi
87546226,87546200,1.0,Les Saules,Orly-Ville
87546291,87546192,1.0,Rungis-la-Fraternelle,Pont-de-Rungis-Aéroport-d'Orly
87546291,87546317,1.769,Rungis-la-Fraternelle,Chemin-d'Antony
87546317,87383281,1.772,Chemin-d'Antony,Massy-Verrières
87546317,87546291,1.769,Chemin-d'Antony,Rungis-la-Fraternelle
87547000,87328328,1.0,Paris-Austerlitz,Bibliothèque-François-Mitterrand
87547000,87391102,54.831,Paris-Austerlitz,Paris-Vaugirard
87547000,87547026,1.0,Paris-Austerlitz,Paris-Austerlitz-Souterrain
87547000,87686006,13.476,Paris-Austerlitz,Paris-Gare-de-Lyon
87547000,87686030,13.538,Paris-Austerlitz,Paris-Gare-de-Lyon-Souterrain
87547000,87686667,22.56,Paris-Austerlitz,Paris-Bercy
87547026,87328328,28.226,Paris-Austerlitz-Souterrain,Bibliothèque-François-Mitterrand
87547026,87391102,54.831,Paris-Austerlitz-Souterrain,Paris-Vaugirard
87547026,87547000,1.0,Paris-Austerlitz-Souterrain,Paris-Austerlitz
87547026,87686006,13.476,Paris-Austerlitz-Souterrain,Paris-Gare-de-Lyon
87547026,87686030,13.538,Paris-Austerlitz-Souterrain,Paris-Gare-de-Lyon-Souterrain
87547026,87686667,22.56,Paris-Austerlitz-Souterrain,Paris-Bercy
87559070,87691600,1.0,Nevers-Le Banlay,Les Perrières
87559070,87696005,37.121,Nevers-Le Banlay,Nevers
87559070,87696450,6.306,Nevers-Le Banlay,Imphy
87561143,87756775,1.118,Halte de Fontanil-Lycée de Drap,Drap-Cantaron
87561143,87756783,1.3,Halte de Fontanil-Lycée de Drap,Peillon-Ste-Thècle
87562421,87734087,3.268,Aulnat-Aéroport,Pont-du-Château
87566919,87721548,1.851,Lentilly-Charpenay,La Tour-de-Salvagny
87566919,87721555,1.0,Lentilly-Charpenay,Lentilly
87571000,87571851,4.996,Tours,St-Genouph
87571216,87393702,80.565,Vendôme-Villiers-sur-Loir,Massy-TGV
87571240,87571273,4.0,St-Pierre-des-Corps,Montlouis
87571240,87575035,8.0,St-Pierre-des-Corps,Monts
87571273,87571240,4.08,Montlouis,St-Pierre-des-Corps
87571273,87574368,3.683,Montlouis,Noizay
87571273,87574434,34.4,Montlouis,Véretz-Montlouis
87571406,87009696,4.466,Montbazon,La Douzillère
87571406,87571414,1.0,Montbazon,Veigné
87571414,87571406,1.0,Veigné,Montbazon
87571414,87571422,2.087,Veigné,Esvres
87571422,87571414,2.087,Esvres,Veigné
87571422,87571430,2.759,Esvres,Cormery
87571430,87571422,2.759,Cormery,Esvres
87571430,87571448,2.098,Cormery,Courcay-Tauxigny
87571448,87571430,2.098,Courcay-Tauxigny,Cormery
87571448,87571455,1.844,Courcay-Tauxigny,Reignac
87571455,87571448,1.844,Reignac,Courcay-Tauxigny
87571455,87571463,3.49,Reignac,Chambourg
87571463,87571455,3.49,Chambourg,Reignac
87571463,87571471,3.646,Chambourg,Loches
87571471,87571463,3.646,Loches,Chambourg
87571513,87571539,4.87,La Membrolle-sur-Choisille,St-Antoine-du-Rocher
87571539,87571513,4.87,St-Antoine-du-Rocher,La Membrolle-sur-Choisille
87571539,87571547,4.167,St-Antoine-du-Rocher,Neuillé-Pont-Pierre
87571547,87571539,4.167,Neuillé-Pont-Pierre,St-Antoine-du-Rocher
87571547,87571554,4.696,Neuillé-Pont-Pierre,St-Paterne
87571554,87396606,6.477,St-Paterne,Château-du-Loir
87571554,87571547,4.696,St-Paterne,Neuillé-Pont-Pierre
87571604,87571612,3.935,Ballan,Druye
87571604,87571885,2.438,Ballan,Joué-lès-Tours
87571612,87571604,3.935,Druye,Ballan
87571612,87571638,4.845,Druye,Azay-le-Rideau
87571638,87571612,4.845,Azay-le-Rideau,Druye
87571638,87571653,3.88,Azay-le-Rideau,Rivarennes
87571653,87571638,3.88,Rivarennes,Azay-le-Rideau
87571653,87571687,9.027,Rivarennes,Chinon
87571687,87487009,26.43,Chinon,Thouars
87571687,87571653,9.027,Chinon,Rivarennes
87571794,87487603,8.0,Port-Boulet,Saumur
87571794,87571802,2.645,Port-Boulet,La Chapelle-sur-Loire
87571802,87571794,2.645,La Chapelle-sur-Loire,Port-Boulet
87571802,87571810,4.288,La Chapelle-sur-Loire,St-Patrice
87571810,87571802,4.288,St-Patrice,La Chapelle-sur-Loire
87571810,87571828,4.776,St-Patrice,Langeais
87571828,87571810,4.776,Langeais,St-Patrice
87571828,87571836,2.412,Langeais,Cinq-Mars-la-Pile
87571836,87571828,2.412,Cinq-Mars-la-Pile,Langeais
87571836,87571844,3.797,Cinq-Mars-la-Pile,Savonnières
87571844,87571836,3.797,Savonnières,Cinq-Mars-la-Pile
87571844,87571851,2.166,Savonnières,St-Genouph
87571851,87571000,4.996,St-Genouph,Tours
87571851,87571844,2.166,St-Genouph,Savonnières
87571885,87009696,1.586,Joué-lès-Tours,La Douzillère
87571885,87571604,2.438,Joué-lès-Tours,Ballan
87574004,87574251,2.236,Blois-Chambord,La Chaussée-St-Victor
87574004,87574301,5.065,Blois-Chambord,Chouzy
87574111,87543371,2.053,Chaingy-Fourneaux-Plage,La Chapelle-St-Mesmin
87574111,87574129,1.576,Chaingy-Fourneaux-Plage,St-Ay
87574129,87574111,1.576,St-Ay,Chaingy-Fourneaux-Plage
87574129,87574137,3.118,St-Ay,Meung-sur-Loire
87574137,87574129,3.118,Meung-sur-Loire,St-Ay
87574137,87574152,1.488,Meung-sur-Loire,Baule
87574152,87574137,1.488,Baule,Meung-sur-Loire
87574152,87574160,2.63,Baule,Beaugency
87574160,87574152,2.63,Beaugency,Baule
87574160,87574194,6.0,Beaugency,Mer
87574194,87574160,6.0,Mer,Beaugency
87574194,87574236,2.618,Mer,Suèvres
87574236,87574194,2.618,Suèvres,Mer
87574236,87574244,2.945,Suèvres,Menars
87574244,87574236,2.945,Menars,Suèvres
87574244,87574251,2.858,Menars,La Chaussée-St-Victor
87574251,87574004,2.236,La Chaussée-St-Victor,Blois-Chambord
87574251,87574244,2.858,La Chaussée-St-Victor,Menars
87574301,87574004,5.065,Chouzy,Blois-Chambord
87574301,87574319,3.148,Chouzy,Onzain-Chaumont-sur-Loire
87574319,87574301,3.148,Onzain-Chaumont-sur-Loire,Chouzy
87574319,87574327,2.743,Onzain-Chaumont-sur-Loire,Veuves-Monteaux
87574327,87574319,2.743,Veuves-Monteaux,Onzain-Chaumont-sur-Loire
87574327,87574335,3.427,Veuves-Monteaux,Limeray
87574335,87574327,3.427,Limeray,Veuves-Monteaux
87574335,87574343,3.3,Limeray,Amboise
87574343,87574335,3.3,Amboise,Limeray
87574343,87574368,3.578,Amboise,Noizay
87574368,87571273,3.683,Noizay,Montlouis
87574368,87574343,3.578,Noizay,Amboise
87574434,87571273,34.4,Véretz-Montlouis,Montlouis
87574434,87574442,1.73,Véretz-Montlouis,Azay-sur-Cher
87574442,87574434,1.73,Azay-sur-Cher,Véretz-Montlouis
87574442,87574459,1.984,Azay-sur-Cher,St-Martin-le-Beau
87574459,87574442,1.984,St-Martin-le-Beau,Azay-sur-Cher
87574459,87574475,3.596,St-Martin-le-Beau,Bléré-la-Croix
87574475,87574459,3.596,Bléré-la-Croix,St-Martin-le-Beau
87574475,87574491,3.314,Bléré-la-Croix,Chenonceaux-Chisseaux
87574491,87574475,3.314,Chenonceaux-Chisseaux,Bléré-la-Croix
87574491,87574848,2.804,Chenonceaux-Chisseaux,Chissay-en-Touraine
87574509,87545756,6.834,Cloyes,Châteaudun
87574509,87574533,7.337,Cloyes,Fréteval-Morée
87574533,87574509,7.337,Fréteval-Morée,Cloyes
87574533,87574541,3.424,Fréteval-Morée,Pezou
87574541,87574533,3.424,Pezou,Fréteval-Morée
87574541,87574558,5.769,Pezou,Vendôme
87574558,87574541,5.769,Vendôme,Pezou
87574558,87574640,7.912,Vendôme,St-Amand-de-Vendôme
87574640,87574558,7.912,St-Amand-de-Vendôme,Vendôme
87574640,87574665,8.449,St-Amand-de-Vendôme,Château-Renault
87574665,87574640,8.449,Château-Renault,St-Amand-de-Vendôme
87574665,87574681,7.483,Château-Renault,Monnaie
87574681,87574665,7.483,Monnaie,Château-Renault
87574681,87574699,4.462,Monnaie,Notre-Dame-d'Oé
87574699,87574681,4.462,Notre-Dame-d'Oé,Monnaie
87574848,87574491,2.804,Chissay-en-Touraine,Chenonceaux-Chisseaux
87574848,87574855,1.667,Chissay-en-Touraine,Montrichard
87574855,87328195,6.127,Montrichard,Thésée
87574855,87574848,1.667,Montrichard,Chissay-en-Touraine
87574897,87328195,3.664,St-Aignan-Noyers,Thésée
87574897,87576868,7.0,St-Aignan-Noyers,Selles-sur-Cher
87575001,87575225,4.588,Poitiers,Chasseneuil (Vienne)
87575001,87575274,3.974,Poitiers,Ligugé
87575035,87571240,8.803,Monts,St-Pierre-des-Corps
87575035,87575043,4.924,Monts,Villeperdue
87575043,87575035,4.924,Villeperdue,Monts
87575043,87575050,6.0,Villeperdue,Ste-Maure-Noyant
87575050,87575043,6.255,Ste-Maure-Noyant,Villeperdue
87575050,87575068,3.0,Ste-Maure-Noyant,Maillé
87575068,87575050,3.526,Maillé,Ste-Maure-Noyant
87575068,87575076,2.722,Maillé,Port-de-Piles
87575076,87575068,2.722,Port-de-Piles,Maillé
87575076,87575118,2.398,Port-de-Piles,Les Ormes-sur-Vienne
87575118,87575076,2.398,Les Ormes-sur-Vienne,Port-de-Piles
87575118,87575126,2.062,Les Ormes-sur-Vienne,Dangé
87575126,87575118,2.062,Dangé,Les Ormes-sur-Vienne
87575126,87575134,4.184,Dangé,Ingrandes-sur-Vienne
87575134,87575126,4.184,Ingrandes-sur-Vienne,Dangé
87575134,87575142,3.574,Ingrandes-sur-Vienne,Châtellerault
87575142,87575134,3.574,Châtellerault,Ingrandes-sur-Vienne
87575142,87575167,2.564,Châtellerault,Nerpuy
87575167,87575142,2.564,Nerpuy,Châtellerault
87575167,87575175,1.925,Nerpuy,Naintré-les-Barres
87575175,87575167,1.925,Naintré-les-Barres,Nerpuy
87575175,87575183,3.08,Naintré-les-Barres,La Tricherie
87575183,87575175,3.0,La Tricherie,Naintré-les-Barres
87575183,87575191,1.801,La Tricherie,Dissay
87575191,87575183,1.801,Dissay,La Tricherie
87575191,87575217,2.182,Dissay,Jaunay-Clan
87575217,87324095,1.0,Jaunay-Clan,Futuroscope
87575217,87575191,2.182,Jaunay-Clan,Dissay
87575225,87324095,1.131,Chasseneuil (Vienne),Futuroscope
87575225,87575001,4.588,Chasseneuil (Vienne),Poitiers
87575274,87575001,3.974,Ligugé,Poitiers
87575274,87577403,2.397,Ligugé,Iteuil
87575290,87575332,5.0,Vivonne,Anché-Voulon
87575290,87577403,4.222,Vivonne,Iteuil
87575332,87575290,5.0,Anché-Voulon,Vivonne
87575332,87575357,7.0,Anché-Voulon,Épanvilliers
87575357,87575332,7.0,Épanvilliers,Anché-Voulon
87575357,87575365,4.955,Épanvilliers,St-Saviol
87575365,87575357,4.955,St-Saviol,Épanvilliers
87575365,87583849,7.0,St-Saviol,Ruffec
87575480,87575498,6.275,Montmorillon,Lathus
87575480,87575845,6.979,Montmorillon,Lussac-les-Châteaux
87575498,87575480,6.275,Lathus,Montmorillon
87575498,87592543,9.722,Lathus,Le Dorat
87575704,87575845,15.952,Mignaloux-Nouaillé,Lussac-les-Châteaux
87575845,87575480,6.979,Lussac-les-Châteaux,Montmorillon
87575845,87575704,15.952,Lussac-les-Châteaux,Mignaloux-Nouaillé
87576009,87543199,5.531,Vierzon-Ville,Theillay
87576009,87576090,1.953,Vierzon-Ville,Vierzon-Forges
87576025,87576173,1.027,Romorantin (Voie étroite),Faubourg-d'Orléans
87576025,87576181,2.18,Romorantin (Voie étroite),Les Quatre-Roues
87576082,87576140,1.552,La Ferté-Imbault,Selles-St-Denis
87576090,87576009,1.953,Vierzon-Forges,Vierzon-Ville
87576090,87576108,3.347,Vierzon-Forges,Foëcy
87576090,87597039,8.485,Vierzon-Forges,Reuilly
87576108,87576090,3.347,Foëcy,Vierzon-Forges
87576108,87576116,2.894,Foëcy,Mehun-sur-Yèvre
87576116,87576108,2.894,Mehun-sur-Yèvre,Foëcy
87576116,87576132,4.147,Mehun-sur-Yèvre,Marmagne
87576132,87576116,4.147,Marmagne,Mehun-sur-Yèvre
87576132,87576207,4.821,Marmagne,Bourges
87576140,87576082,1.552,Selles-St-Denis,La Ferté-Imbault
87576140,87576157,3.648,Selles-St-Denis,Loreux
87576157,87576140,3.648,Loreux,Selles-St-Denis
87576157,87576165,2.016,Loreux,Villeherviers
87576165,87576157,2.016,Villeherviers,Loreux
87576165,87576173,2.374,Villeherviers,Faubourg-d'Orléans
87576173,87576025,1.027,Faubourg-d'Orléans,Romorantin (Voie étroite)
87576173,87576165,2.374,Faubourg-d'Orléans,Villeherviers
87576181,87576025,2.18,Les Quatre-Roues,Romorantin (Voie étroite)
87576181,87699223,1.132,Les Quatre-Roues,Base Aérienne
87576199,87576876,2.263,Pruniers,Gièvres
87576199,87699223,1.0,Pruniers,Base Aérienne
87576207,87576132,4.821,Bourges,Marmagne
87576207,87576405,3.772,Bourges,St-Germain-du-Puy
87576215,87576231,4.006,Valençay,Varennes-sur-Fouzon
87576215,87576363,5.967,Valençay,Luçay-le-Mâle
87576223,87576231,2.864,Chabris,Varennes-sur-Fouzon
87576223,87576876,1.92,Chabris,Gièvres
87576231,87576215,4.006,Varennes-sur-Fouzon,Valençay
87576231,87576223,2.864,Varennes-sur-Fouzon,Chabris
87576272,87576280,3.735,St-Florent-sur-Cher,Lunery
87576280,87576272,3.735,Lunery,St-Florent-sur-Cher
87576280,87576298,5.285,Lunery,Châteauneuf-sur-Cher
87576298,87576280,5.285,Châteauneuf-sur-Cher,Lunery
87576298,87576306,4.522,Châteauneuf-sur-Cher,Bigny
87576306,87576298,4.522,Bigny,Châteauneuf-sur-Cher
87576306,87576322,7.574,Bigny,St-Amand-Montrond-Orval
87576322,87576306,7.574,St-Amand-Montrond-Orval,Bigny
87576322,87576348,8.495,St-Amand-Montrond-Orval,Urçay
87576348,87576322,8.495,Urçay,St-Amand-Montrond-Orval
87576348,87641357,6.028,Urçay,Vallon
87576363,87576215,5.967,Luçay-le-Mâle,Valençay
87576405,87576207,3.772,St-Germain-du-Puy,Bourges
87576405,87576439,8.0,St-Germain-du-Puy,Avord
87576439,87576405,8.0,Avord,St-Germain-du-Puy
87576439,87576447,4.597,Avord,Bengy
87576447,87576439,4.597,Bengy,Avord
87576447,87576454,3.173,Bengy,Nérondes
87576454,87576447,3.173,Nérondes,Bengy
87576454,87576470,6.807,Nérondes,La Guerche-sur-l'Aubois
87576470,87576454,6.807,La Guerche-sur-l'Aubois,Nérondes
87576470,87696260,5.663,La Guerche-sur-l'Aubois,Saincaize
87576728,87576884,4.803,Mennetou-sur-Cher,Villefranche-sur-Cher
87576868,87574897,7.0,Selles-sur-Cher,St-Aignan-Noyers
87576868,87576876,5.0,Selles-sur-Cher,Gièvres
87576876,87576199,2.263,Gièvres,Pruniers
87576876,87576223,1.92,Gièvres,Chabris
87576876,87576868,5.0,Gièvres,Selles-sur-Cher
87576876,87576884,4.0,Gièvres,Villefranche-sur-Cher
87576884,87576728,4.803,Villefranche-sur-Cher,Mennetou-sur-Cher
87576884,87576876,4.311,Villefranche-sur-Cher,Gièvres
87577403,87575274,2.397,Iteuil,Ligugé
87577403,87575290,4.0,Iteuil,Vivonne
87580340,87751008,1.256,Arenc-Euroméditerranée,Marseille-St-Charles
87580340,87751081,53.786,Arenc-Euroméditerranée,Marseille-Blancarde
87580340,87751602,4.109,Arenc-Euroméditerranée,L'Estaque
87580340,87751842,51.195,Arenc-Euroméditerranée,Ste-Marthe-en-Provence
87580340,87757724,25.418,Arenc-Euroméditerranée,Grasse
87580340,87759290,43.901,Arenc-Euroméditerranée,Picon-Busserine
87581009,87581595,2.124,Bordeaux-St-Jean,Cenon
87581009,87581751,3.815,Bordeaux-St-Jean,Pessac
87581009,87581801,1.646,Bordeaux-St-Jean,Bègles
87581181,87581199,1.858,Ludon,Macau
87581181,87581710,1.828,Ludon,Parempuyre
87581199,87581181,1.858,Macau,Ludon
87581199,87581215,3.577,Macau,Margaux
87581215,87581199,3.577,Margaux,Macau
87581215,87581231,3.924,Margaux,Moulis-Listrac
87581231,87581215,3.924,Moulis-Listrac,Margaux
87581231,87581256,8.097,Moulis-Listrac,Pauillac
87581256,87581231,8.097,Pauillac,Moulis-Listrac
87581256,87581314,10.883,Pauillac,Lesparre
87581314,87581256,10.883,Lesparre,Pauillac
87581314,87581371,14.524,Lesparre,Soulac-sur-Mer
87581371,87581314,14.524,Soulac-sur-Mer,Lesparre
87581371,87581389,3.727,Soulac-sur-Mer,Le Verdon
87581389,87581371,3.727,Le Verdon,Soulac-sur-Mer
87581389,87581397,1.156,Le Verdon,Pointe-de-Grave
87581397,87581389,1.156,Pointe-de-Grave,Le Verdon
87581538,87278259,1.0,Caudéran-Mérignac,Mérignac-Arlac
87581538,87738096,1.951,Caudéran-Mérignac,Le Bouscat-Ste-Germaine
87581595,87581009,2.124,Cenon,Bordeaux-St-Jean
87581595,87581850,2.906,Cenon,Bassens
87581710,87581181,1.828,Parempuyre,Ludon
87581710,87581728,1.664,Parempuyre,Blanquefort
87581728,87581710,1.664,Blanquefort,Parempuyre
87581728,87581736,2.015,Blanquefort,Bruges
87581736,87581728,2.015,Bruges,Blanquefort
87581751,87581009,3.815,Pessac,Bordeaux-St-Jean
87581751,87581793,1.375,Pessac,Pessac-Alouette
87581793,87581751,1.375,Pessac-Alouette,Pessac
87581793,87582403,2.135,Pessac-Alouette,Gazinet-Cestas
87581801,87581009,1.646,Bègles,Bordeaux-St-Jean
87581801,87581835,1.893,Bègles,Villenave-d'Ornon
87581835,87581801,1.893,Villenave-d'Ornon,Bègles
87581835,87582684,1.09,Villenave-d'Ornon,Cadaujac
87581850,87581595,2.906,Bassens,Cenon
87581850,87584755,2.273,Bassens,La Gorp
87582403,87581793,2.0,Gazinet-Cestas,Pessac-Alouette
87582403,87582445,8.0,Gazinet-Cestas,Marcheprime
87582445,87582403,7.0,Marcheprime,Gazinet-Cestas
87582445,87582478,5.0,Marcheprime,Facture-Biganos
87582478,87582445,5.0,Facture-Biganos,Marcheprime
87582478,87582536,16.0,Facture-Biganos,Ychoux
87582536,87582478,17.0,Ychoux,Facture-Biganos
87582536,87582551,7.0,Ychoux,Labouheyre
87582551,87582536,7.0,Labouheyre,Ychoux
87582551,87673103,9.0,Labouheyre,Morcenx
87582684,87581835,1.09,Cadaujac,Villenave-d'Ornon
87582684,87582692,2.673,Cadaujac,St-Médard-d'Eyrans
87582692,87582684,2.673,St-Médard-d'Eyrans,Cadaujac
87582692,87582700,2.578,St-Médard-d'Eyrans,Beautiran
87582700,87582692,2.578,Beautiran,St-Médard-d'Eyrans
87582700,87582718,1.179,Beautiran,Portets
87582718,87582700,1.179,Portets,Beautiran
87582718,87582726,1.724,Portets,Arbanats
87582726,87582718,1.724,Arbanats,Portets
87582726,87582734,2.207,Arbanats,Podensac
87582734,87582726,2.207,Podensac,Arbanats
87582734,87582742,1.294,Podensac,Cérons
87582742,87582734,1.294,Cérons,Podensac
87582742,87582759,1.918,Cérons,Barsac
87582759,87582742,1.918,Barsac,Cérons
87582759,87582767,1.749,Barsac,Preignac
87582767,87582759,1.749,Preignac,Barsac
87582767,87582775,2.755,Preignac,Langon
87582775,87582767,2.755,Langon,Preignac
87582775,87582825,1.518,Langon,St-Macaire
87582825,87582775,1.518,St-Macaire,Langon
87582825,87582833,1.761,St-Macaire,St-Pierre-d'Aurillac
87582833,87582825,1.761,St-Pierre-d'Aurillac,St-Macaire
87582833,87582841,1.869,St-Pierre-d'Aurillac,Caudrot
87582841,87582833,1.869,Caudrot,St-Pierre-d'Aurillac
87582841,87582858,2.383,Caudrot,Gironde
87582858,87582841,2.383,Gironde,Caudrot
87582858,87582866,2.739,Gironde,La Réole
87582866,87582858,2.739,La Réole,Gironde
87582866,87582882,3.472,La Réole,Lamothe-Landerron
87582882,87582866,3.472,Lamothe-Landerron,La Réole
87582882,87586479,2.816,Lamothe-Landerron,Ste-Bazeille
87583005,87583674,18.593,Angoulême,Montmoreau
87583005,87583823,15.0,Angoulême,Luxé
87583203,87583427,11.924,Ruelle,La Rochefoucauld
87583427,87583203,11.924,La Rochefoucauld,Ruelle
87583427,87583443,6.31,La Rochefoucauld,Chasseneuil-sur-Bonnieure
87583443,87583427,6.31,Chasseneuil-sur-Bonnieure,La Rochefoucauld
87583443,87583468,7.133,Chasseneuil-sur-Bonnieure,Roumazières-Loubert
87583468,87583443,7.133,Roumazières-Loubert,Chasseneuil-sur-Bonnieure
87583468,87592881,4.289,Roumazières-Loubert,Exideuil-sur-Vienne
87583674,87583005,18.593,Montmoreau,Angoulême
87583674,87583690,8.0,Montmoreau,Chalais
87583690,87583674,8.0,Chalais,Montmoreau
87583690,87584540,7.0,Chalais,St-Aigulin-La Roche-Chalais
87583823,87583005,15.862,Luxé,Angoulême
87583823,87583849,9.921,Luxé,Ruffec
87583849,87575365,7.0,Ruffec,St-Saviol
87583849,87583823,9.921,Ruffec,Luxé
87584052,87584508,4.0,Libourne,St-Denis-de-Pile
87584052,87584714,4.0,Libourne,Vayres
87584102,87584136,5.322,St-Émilion,Castillon
87584136,87584102,5.322,Castillon,St-Émilion
87584136,87584151,2.779,Castillon,Lamothe-Montravel
87584151,87584136,2.779,Lamothe-Montravel,Castillon
87584151,87584177,3.556,Lamothe-Montravel,Vélines
87584177,87584151,3.556,Vélines,Lamothe-Montravel
87584177,87584201,2.104,Vélines,St-Antoine-de-Breuilh
87584193,87584201,3.09,Ste-Foy-la-Grande,St-Antoine-de-Breuilh
87584193,87584235,4.786,Ste-Foy-la-Grande,Gardonne
87584201,87584177,2.104,St-Antoine-de-Breuilh,Vélines
87584201,87584193,3.09,St-Antoine-de-Breuilh,Ste-Foy-la-Grande
87584235,87584193,4.786,Gardonne,Ste-Foy-la-Grande
87584235,87584243,2.212,Gardonne,Lamonzie-St-Martin
87584243,87584235,2.212,Lamonzie-St-Martin,Gardonne
87584243,87584268,4.928,Lamonzie-St-Martin,Bergerac
87584268,87584243,4.928,Bergerac,Lamonzie-St-Martin
87584268,87584425,9.466,Bergerac,Couze
87584425,87584268,9.466,Couze,Bergerac
87584425,87584441,1.72,Couze,Lalinde
87584441,87584425,1.72,Lalinde,Couze
87584441,87584466,2.361,Lalinde,Mauzac
87584466,87584441,2.361,Mauzac,Lalinde
87584466,87584474,2.067,Mauzac,Trémolat
87584474,87584466,2.067,Trémolat,Mauzac
87584508,87584052,4.0,St-Denis-de-Pile,Libourne
87584508,87584516,4.541,St-Denis-de-Pile,Coutras
87584516,87584508,4.541,Coutras,St-Denis-de-Pile
87584516,87584532,5.0,Coutras,Les Églisottes
87584532,87584516,5.0,Les Églisottes,Coutras
87584532,87584540,4.0,Les Églisottes,St-Aigulin-La Roche-Chalais
87584540,87583690,7.0,St-Aigulin-La Roche-Chalais,Chalais
87584540,87584532,4.0,St-Aigulin-La Roche-Chalais,Les Églisottes
87584607,87584615,2.048,St-Médard-de-Guizières,St-Seurin-sur-l'Isle
87584615,87584607,2.048,St-Seurin-sur-l'Isle,St-Médard-de-Guizières
87584615,87595322,6.95,St-Seurin-sur-l'Isle,Montpon-Ménestérol
87584714,87584052,4.477,Vayres,Libourne
87584714,87584722,3.431,Vayres,St-Sulpice-Izon
87584722,87584714,3.431,St-Sulpice-Izon,Vayres
87584722,87584730,1.867,St-Sulpice-Izon,St-Loubès
87584730,87584722,1.867,St-Loubès,St-Sulpice-Izon
87584730,87584755,2.967,St-Loubès,La Gorp
87584755,87491274,27.894,La Gorp,La Grave-d'Ambarès-Gare-Inférieure
87584755,87581850,2.273,La Gorp,Bassens
87584755,87584730,2.967,La Gorp,St-Loubès
87586008,87586107,10.0,Agen,Port-Ste-Marie
87586008,87611855,10.0,Agen,Lamagistère
87586107,87586008,10.845,Port-Ste-Marie,Agen
87586107,87586693,4.0,Port-Ste-Marie,Aiguillon
87586404,87586412,4.91,Pont-du-Casse,Laroque
87586412,87586404,4.91,Laroque,Pont-du-Casse
87586412,87586438,6.533,Laroque,Penne
87586438,87586412,6.533,Penne,Laroque
87586438,87586446,5.434,Penne,Trentels-Ladignac
87586446,87586438,5.434,Trentels-Ladignac,Penne
87586446,87586453,3.668,Trentels-Ladignac,Monsempron-Libos
87586453,87586446,3.668,Monsempron-Libos,Trentels-Ladignac
87586453,87586495,8.09,Monsempron-Libos,Sauveterre-la-Lémance
87586479,87582882,2.816,Ste-Bazeille,Lamothe-Landerron
87586479,87586545,3.725,Ste-Bazeille,Marmande
87586495,87586453,8.09,Sauveterre-la-Lémance,Monsempron-Libos
87586495,87595892,2.98,Sauveterre-la-Lémance,Villefranche-du-Périgord
87586545,87586479,3.725,Marmande,Ste-Bazeille
87586545,87586651,8.0,Marmande,Tonneins
87586651,87586545,8.0,Tonneins,Marmande
87586651,87586693,6.0,Tonneins,Aiguillon
87586693,87586107,4.0,Aiguillon,Port-Ste-Marie
87586693,87586651,6.0,Aiguillon,Tonneins
87590331,87481002,56.507,Haluchère-Batignolles,Nantes
87590331,87590349,1.113,Haluchère-Batignolles,Babinière
87590349,87590331,1.113,Babinière,Haluchère-Batignolles
87590349,87590356,1.533,Babinière,Erdre-Active
87590356,87481564,1.0,Erdre-Active,La Chapelle-Centre
87590356,87590349,1.533,Erdre-Active,Babinière
87590356,87590364,43.345,Erdre-Active,La Chapelle-Aulnay
87590364,87481564,1.0,La Chapelle-Aulnay,La Chapelle-Centre
87590364,87590356,43.345,La Chapelle-Aulnay,Erdre-Active
87590364,87590828,2.22,La Chapelle-Aulnay,Sucé-sur-Erdre
87590372,87481622,6.735,Châteaubriant Tram-Train,Issé
87590372,87481648,5.712,Châteaubriant Tram-Train,Châteaubriant
87590828,87481598,6.284,Sucé-sur-Erdre,Nort-sur-Erdre
87590828,87590364,2.22,Sucé-sur-Erdre,La Chapelle-Aulnay
87592006,87592022,22.38,Limoges-Bénédictins,Limoges-Montjovis
87592006,87592048,6.484,Limoges-Bénédictins,Les Bardys
87592006,87592246,6.419,Limoges-Bénédictins,Solignac-Le Vigen
87592022,87592006,22.38,Limoges-Montjovis,Limoges-Bénédictins
87592022,87592667,5.785,Limoges-Montjovis,Aixe-sur-Vienne
87592048,87592006,6.484,Les Bardys,Limoges-Bénédictins
87592048,87592055,40.311,Les Bardys,St-Priest-Taurion
87592048,87592311,3.247,Les Bardys,Ambazac
87592055,87592048,40.311,St-Priest-Taurion,Les Bardys
87592055,87592063,2.411,St-Priest-Taurion,Brignac
87592063,87592055,2.411,Brignac,St-Priest-Taurion
87592063,87592071,2.794,Brignac,St-Léonard-de-Noblat
87592071,87592063,2.794,St-Léonard-de-Noblat,Brignac
87592071,87592097,4.169,St-Léonard-de-Noblat,St-Denis-des-Murs
87592097,87592071,4.169,St-Denis-des-Murs,St-Léonard-de-Noblat
87592097,87592105,5.235,St-Denis-des-Murs,Châteauneuf-Bujaleuf
87592105,87592097,5.235,Châteauneuf-Bujaleuf,St-Denis-des-Murs
87592105,87592121,5.008,Châteauneuf-Bujaleuf,Eymoutiers-Vassivière
87592121,87592105,5.008,Eymoutiers-Vassivière,Châteauneuf-Bujaleuf
87592121,87592147,8.253,Eymoutiers-Vassivière,La Celle-Corrèze
87592147,87592121,8.253,La Celle-Corrèze,Eymoutiers-Vassivière
87592147,87592162,5.221,La Celle-Corrèze,Bugeat
87592162,87592147,5.221,Bugeat,La Celle-Corrèze
87592162,87592170,2.791,Bugeat,Pérols
87592170,87592162,2.791,Pérols,Bugeat
87592170,87594085,8.962,Pérols,Jassonneix
87592246,87592006,6.419,Solignac-Le Vigen,Limoges-Bénédictins
87592246,87592253,4.796,Solignac-Le Vigen,Pierre-Buffière
87592253,87592246,4.796,Pierre-Buffière,Solignac-Le Vigen
87592253,87592279,6.382,Pierre-Buffière,Magnac-Vicq
87592279,87592253,6.382,Magnac-Vicq,Pierre-Buffière
87592279,87592287,2.053,Magnac-Vicq,St-Germain-les-Belles
87592287,87592279,2.053,St-Germain-les-Belles,Magnac-Vicq
87592287,87592295,3.436,St-Germain-les-Belles,La Porcherie
87592295,87592287,3.436,La Porcherie,St-Germain-les-Belles
87592295,87594820,2.499,La Porcherie,Masseret
87592311,87592048,3.0,Ambazac,Les Bardys
87592311,87592337,4.219,Ambazac,La Jonchère
87592337,87592311,4.0,La Jonchère,Ambazac
87592337,87592345,4.0,La Jonchère,St-Sulpice-Laurière
87592345,87592337,4.0,St-Sulpice-Laurière,La Jonchère
87592345,87592352,3.222,St-Sulpice-Laurière,Bersac
87592352,87592345,3.222,Bersac,St-Sulpice-Laurière
87592352,87592360,5.819,Bersac,Fromental
87592360,87592352,5.819,Fromental,Bersac
87592360,87592378,5.0,Fromental,La Souterraine
87592378,87592360,5.0,La Souterraine,Fromental
87592378,87592493,10.0,La Souterraine,St-Sébastien
87592410,87592428,2.205,Nieul,Peyrilhac-St-Jouvent
87592428,87592410,2.205,Peyrilhac-St-Jouvent,Nieul
87592428,87592444,3.24,Peyrilhac-St-Jouvent,Nantiat
87592444,87592428,3.24,Nantiat,Peyrilhac-St-Jouvent
87592444,87592451,2.492,Nantiat,Vaulry
87592451,87592444,2.492,Vaulry,Nantiat
87592451,87592485,7.239,Vaulry,Bellac
87592485,87592451,7.239,Bellac,Vaulry
87592493,87592378,10.0,St-Sébastien,La Souterraine
87592493,87597153,3.582,St-Sébastien,Éguzon
87592501,87592741,5.459,La Coquille,Bussière-Galant
87592501,87595124,8.071,La Coquille,Thiviers
87592543,87575498,9.722,Le Dorat,Lathus
87592634,87592725,6.446,L'Aiguille,Nexon
87592667,87592022,5.785,Aixe-sur-Vienne,Limoges-Montjovis
87592667,87592675,3.517,Aixe-sur-Vienne,Verneuil-sur-Vienne
87592675,87592667,3.517,Verneuil-sur-Vienne,Aixe-sur-Vienne
87592675,87592683,5.766,Verneuil-sur-Vienne,St-Victurnien
87592683,87592675,5.766,St-Victurnien,Verneuil-sur-Vienne
87592683,87592691,2.708,St-Victurnien,St-Brice-sur-Vienne
87592691,87592683,2.708,St-Brice-sur-Vienne,St-Victurnien
87592691,87592709,2.284,St-Brice-sur-Vienne,St-Junien
87592709,87592691,2.284,St-Junien,St-Brice-sur-Vienne
87592709,87592717,4.241,St-Junien,Saillat-Chassenon
87592717,87592709,4.241,Saillat-Chassenon,St-Junien
87592717,87592873,4.493,Saillat-Chassenon,Chabanais
87592725,87592634,6.446,Nexon,L'Aiguille
87592725,87592733,4.492,Nexon,Lafarge
87592733,87592725,4.492,Lafarge,Nexon
87592733,87592741,5.021,Lafarge,Bussière-Galant
87592741,87592501,5.459,Bussière-Galant,La Coquille
87592741,87592733,5.021,Bussière-Galant,Lafarge
87592808,87592824,6.942,La Meyze,St-Yrieix
87592824,87592808,6.942,St-Yrieix,La Meyze
87592824,87592840,4.924,St-Yrieix,Coussac-Bonneval
87592840,87592824,4.924,Coussac-Bonneval,St-Yrieix
87592840,87594671,5.803,Coussac-Bonneval,Lubersac
87592873,87592717,4.493,Chabanais,Saillat-Chassenon
87592873,87592881,2.417,Chabanais,Exideuil-sur-Vienne
87592881,87583468,4.289,Exideuil-sur-Vienne,Roumazières-Loubert
87592881,87592873,2.417,Exideuil-sur-Vienne,Chabanais
87594002,87594234,8.978,Brive-la-Gaillarde,Allassac
87594002,87594325,10.93,Brive-la-Gaillarde,Gignac-Cressensac
87594085,87592170,8.962,Jassonneix,Pérols
87594085,87594275,1.714,Jassonneix,Meymac
87594093,87594275,7.249,Ussel,Meymac
87594119,87594135,5.006,Corrèze,Montaignac-St-Hippolyte
87594135,87594119,5.006,Montaignac-St-Hippolyte,Corrèze
87594135,87594168,5.028,Montaignac-St-Hippolyte,Égletons
87594168,87594135,5.028,Égletons,Montaignac-St-Hippolyte
87594200,87594218,4.61,Uzerche,Vigeois
87594200,87594820,6.394,Uzerche,Masseret
87594218,87594200,4.61,Vigeois,Uzerche
87594218,87594234,8.327,Vigeois,Allassac
87594234,87594002,8.978,Allassac,Brive-la-Gaillarde
87594234,87594218,8.327,Allassac,Vigeois
87594275,87594085,1.714,Meymac,Jassonneix
87594275,87594093,7.249,Meymac,Ussel
87594325,87594002,10.93,Gignac-Cressensac,Brive-la-Gaillarde
87594325,87594333,9.275,Gignac-Cressensac,Souillac
87594333,87594325,9.275,Souillac,Gignac-Cressensac
87594333,87613141,12.238,Souillac,Gourdon
87594382,87594408,3.246,Condat-le-Lardin,Terrasson
87594382,87595595,3.286,Condat-le-Lardin,La Bachellerie
87594408,87594382,3.246,Terrasson,Condat-le-Lardin
87594408,87594416,3.028,Terrasson,La Rivière-de-Mansac
87594416,87594408,3.028,La Rivière-de-Mansac,Terrasson
87594416,87594424,2.249,La Rivière-de-Mansac,Larche
87594424,87594416,2.249,Larche,La Rivière-de-Mansac
87594424,87594465,10.885,Larche,Aubazine-St-Hilaire
87594465,87594424,10.885,Aubazine-St-Hilaire,Larche
87594465,87594481,4.015,Aubazine-St-Hilaire,Cornil
87594481,87594465,4.015,Cornil,Aubazine-St-Hilaire
87594481,87594499,4.367,Cornil,Tulle
87594499,87594481,4.367,Tulle,Cornil
87594556,87594564,3.193,Turenne,Les Quatre-Routes
87594564,87594556,3.193,Les Quatre-Routes,Turenne
87594564,87594572,3.433,Les Quatre-Routes,St-Denis-près-Martel
87594572,87594564,3.433,St-Denis-près-Martel,Les Quatre-Routes
87594572,87613042,10.372,St-Denis-près-Martel,Rocamadour-Padirac
87594606,87594614,1.715,Varetz,Le Burg
87594614,87594606,1.715,Le Burg,Varetz
87594614,87594622,2.444,Le Burg,St-Aulaire
87594622,87594614,2.444,St-Aulaire,Le Burg
87594622,87594630,1.033,St-Aulaire,Objat
87594630,87594622,1.033,Objat,St-Aulaire
87594630,87594655,3.063,Objat,Vignols-St-Solve
87594655,87594630,3.063,Vignols-St-Solve,Objat
87594655,87594663,5.638,Vignols-St-Solve,Pompadour
87594663,87594655,5.638,Pompadour,Vignols-St-Solve
87594663,87594671,3.468,Pompadour,Lubersac
87594671,87592840,5.803,Lubersac,Coussac-Bonneval
87594671,87594663,3.468,Lubersac,Pompadour
87594739,87594747,1.354,Vayrac,Bétaille
87594747,87594739,1.354,Bétaille,Vayrac
87594747,87594754,2.493,Bétaille,Puybrun
87594754,87594747,2.493,Puybrun,Bétaille
87594754,87594762,2.732,Puybrun,Bretenoux-Biars
87594762,87594754,2.732,Bretenoux-Biars,Puybrun
87594762,87594796,5.288,Bretenoux-Biars,Laval-de-Cère
87594796,87594762,5.288,Laval-de-Cère,Bretenoux-Biars
87594796,87645135,13.666,Laval-de-Cère,Laroquebrou
87594820,87592295,2.499,Masseret,La Porcherie
87594820,87594200,6.394,Masseret,Uzerche
87595009,87595207,2.378,Périgueux,Marsac (Dordogne)
87595009,87595504,1.44,Périgueux,Périgueux-St-Georges
87595124,87592501,8.071,Thiviers,La Coquille
87595124,87595132,5.309,Thiviers,Négrondes
87595132,87595124,5.309,Négrondes,Thiviers
87595132,87595157,6.139,Négrondes,Agonac
87595157,87595132,6.139,Agonac,Négrondes
87595157,87595165,3.671,Agonac,Château-l'Évêque
87595165,87595157,3.671,Château-l'Évêque,Agonac
87595207,87595009,2.378,Marsac (Dordogne),Périgueux
87595207,87595215,1.511,Marsac (Dordogne),La Cave
87595215,87595207,1.511,La Cave,Marsac (Dordogne)
87595215,87595223,1.66,La Cave,Razac
87595223,87595215,1.66,Razac,La Cave
87595223,87595249,3.862,Razac,St-Astier
87595249,87595223,3.862,St-Astier,Razac
87595249,87595264,1.625,St-Astier,St-Léon-sur-l'Isle
87595264,87595249,1.625,St-Léon-sur-l'Isle,St-Astier
87595264,87595272,2.487,St-Léon-sur-l'Isle,Neuvic
87595272,87595264,2.487,Neuvic,St-Léon-sur-l'Isle
87595272,87595280,1.782,Neuvic,Douzillac
87595280,87595272,1.782,Douzillac,Neuvic
87595280,87595298,4.178,Douzillac,Mussidan
87595298,87595280,4.178,Mussidan,Douzillac
87595298,87595322,8.0,Mussidan,Montpon-Ménestérol
87595322,87584615,6.95,Montpon-Ménestérol,St-Seurin-sur-l'Isle
87595322,87595298,8.0,Montpon-Ménestérol,Mussidan
87595504,87595009,1.44,Périgueux-St-Georges,Périgueux
87595504,87725473,1.975,Périgueux-St-Georges,Boulazac
87595512,87595520,2.33,Niversac,St-Pierre-de-Chignac
87595512,87725473,2.559,Niversac,Boulazac
87595520,87595512,2.33,St-Pierre-de-Chignac,Niversac
87595520,87595538,2.658,St-Pierre-de-Chignac,Milhac-d'Auberoche
87595538,87595520,2.658,Milhac-d'Auberoche,St-Pierre-de-Chignac
87595538,87595553,3.113,Milhac-d'Auberoche,Limeyrat
87595553,87595538,3.113,Limeyrat,Milhac-d'Auberoche
87595553,87595579,4.152,Limeyrat,Thenon
87595579,87595553,4.152,Thenon,Limeyrat
87595579,87595595,4.138,Thenon,La Bachellerie
87595595,87594382,3.286,La Bachellerie,Condat-le-Lardin
87595595,87595579,4.138,La Bachellerie,Thenon
87595702,87595728,8.493,Les Versannes,Mauzens-Miremont
87595728,87595702,8.493,Mauzens-Miremont,Les Versannes
87595728,87595736,3.664,Mauzens-Miremont,Les Eyzies
87595736,87595728,3.664,Les Eyzies,Mauzens-Miremont
87595736,87595744,4.317,Les Eyzies,Le Bugue
87595744,87595736,4.317,Le Bugue,Les Eyzies
87595744,87595751,4.819,Le Bugue,Le Buisson
87595751,87595744,4.819,Le Buisson,Le Bugue
87595751,87595769,3.847,Le Buisson,Siorac-en-Périgord
87595769,87595751,3.847,Siorac-en-Périgord,Le Buisson
87595769,87595777,3.802,Siorac-en-Périgord,St-Cyprien-en-Dordogne
87595769,87595876,3.074,Siorac-en-Périgord,Belvès
87595777,87595769,3.802,St-Cyprien-en-Dordogne,Siorac-en-Périgord
87595777,87595827,10.062,St-Cyprien-en-Dordogne,Sarlat
87595827,87595777,10.062,Sarlat,St-Cyprien-en-Dordogne
87595876,87595769,3.074,Belvès,Siorac-en-Périgord
87595876,87595892,10.066,Belvès,Villefranche-du-Périgord
87595892,87586495,2.98,Villefranche-du-Périgord,Sauveterre-la-Lémance
87595892,87595876,10.066,Villefranche-du-Périgord,Belvès
87597005,87597070,7.0,Châteauroux,Neuvy-Pailloux
87597005,87597096,6.0,Châteauroux,Luant
87597039,87576090,8.485,Reuilly,Vierzon-Forges
87597039,87597054,5.347,Reuilly,Ste-Lizaigne
87597054,87597039,5.0,Ste-Lizaigne,Reuilly
87597054,87597062,3.79,Ste-Lizaigne,Issoudun
87597062,87597054,3.79,Issoudun,Ste-Lizaigne
87597062,87597070,6.0,Issoudun,Neuvy-Pailloux
87597070,87597005,8.0,Neuvy-Pailloux,Châteauroux
87597070,87597062,6.0,Neuvy-Pailloux,Issoudun
87597096,87597005,6.664,Luant,Châteauroux
87597096,87597104,2.695,Luant,Lothiers
87597104,87597096,2.695,Lothiers,Luant
87597104,87597112,4.876,Lothiers,Chabenet
87597112,87597104,4.876,Chabenet,Lothiers
87597112,87597120,2.67,Chabenet,Argenton-sur-Creuse
87597120,87597112,2.67,Argenton-sur-Creuse,Chabenet
87597120,87597153,10.0,Argenton-sur-Creuse,Éguzon
87597153,87592493,3.582,Éguzon,St-Sébastien
87597153,87597120,10.0,Éguzon,Argenton-sur-Creuse
87597609,87597674,8.847,Guéret,Montaigut
87597609,87597708,8.112,Guéret,Busseau-sur-Creuse
87597625,87597633,4.264,Marsac,Vieilleville
87597633,87597625,4.264,Vieilleville,Marsac
87597633,87597674,4.163,Vieilleville,Montaigut
87597674,87597609,8.847,Montaigut,Guéret
87597674,87597633,4.163,Montaigut,Vieilleville
87597708,87597609,8.112,Busseau-sur-Creuse,Guéret
87597708,87597724,9.637,Busseau-sur-Creuse,Parsac-Gouzon
87597724,87597708,9.637,Parsac-Gouzon,Busseau-sur-Creuse
87597724,87597740,8.992,Parsac-Gouzon,Lavaufranche
87597740,87597724,8.992,Lavaufranche,Parsac-Gouzon
87597740,87641217,9.811,Lavaufranche,Huriel
87597781,87597823,8.949,Lavaveix-les-Mines,Aubusson
87597823,87597781,8.949,Aubusson,Lavaveix-les-Mines
87597823,87597849,5.557,Aubusson,Felletin
87597849,87597823,5.557,Felletin,Aubusson
87598755,87615146,4.537,Limoux-Flassian,Pomas
87598755,87615161,1.0,Limoux-Flassian,Limoux
87608802,87681247,1.043,Créteil-Pompadour,Le Vert-de-Maisons
87608802,87681809,1.615,Créteil-Pompadour,Villeneuve-Triage
87611004,87446179,55.096,Toulouse-Matabiau,St-Cyprien-Arènes
87611004,87611301,57.795,Toulouse-Matabiau,St-Agne
87611004,87611434,3.67,Toulouse-Matabiau,Lacourtensourt
87611004,87612010,2.653,Toulouse-Matabiau,Montaudran
87611038,87611046,4.0,Muret,Fauga
87611038,87611400,4.943,Muret,Portet-St-Simon
87611046,87611038,4.099,Fauga,Muret
87611046,87611053,3.211,Fauga,Longages-Noé
87611053,87611046,3.211,Longages-Noé,Fauga
87611053,87611061,3.962,Longages-Noé,Carbonne
87611061,87611053,3.962,Carbonne,Longages-Noé
87611061,87611079,7.0,Carbonne,Cazères-sur-Garonne
87611079,87611061,7.0,Cazères-sur-Garonne,Carbonne
87611079,87611087,3.131,Cazères-sur-Garonne,Martres-Tolosane
87611087,87611079,3.131,Martres-Tolosane,Cazères-sur-Garonne
87611087,87611095,2.258,Martres-Tolosane,Boussens
87611095,87611087,2.258,Boussens,Martres-Tolosane
87611095,87611103,3.282,Boussens,St-Martory
87611103,87611095,3.282,St-Martory,Boussens
87611103,87611111,1.581,St-Martory,Lestelle
87611111,87611103,1.581,Lestelle,St-Martory
87611111,87611129,2.823,Lestelle,Labarthe-Inard
87611129,87611111,2.823,Labarthe-Inard,Lestelle
87611129,87611137,5.751,Labarthe-Inard,St-Gaudens
87611137,87611129,5.751,St-Gaudens,Labarthe-Inard
87611137,87611152,7.391,St-Gaudens,Montréjeau-Gourdan-Polignan
87611152,87611137,7.0,Montréjeau-Gourdan-Polignan,St-Gaudens
87611152,87671123,9.042,Montréjeau-Gourdan-Polignan,Lannemezan
87611178,87618710,3.679,Loures-Barbazan,Saléchan-Siradan
87611194,87611236,8.296,Marignac-St-Béat,Luchon
87611194,87618710,3.28,Marignac-St-Béat,Saléchan-Siradan
87611236,87611194,8.296,Luchon,Marignac-St-Béat
87611244,87611459,5.787,Montauban-Ville-Bourbon,Lavilledieu
87611244,87611699,6.0,Montauban-Ville-Bourbon,Montbartier
87611301,87446179,46.605,St-Agne,St-Cyprien-Arènes
87611301,87497461,38.102,St-Agne,Galliéni-Cancéropole
87611301,87611004,57.795,St-Agne,Toulouse-Matabiau
87611301,87611400,4.285,St-Agne,Portet-St-Simon
87611301,87612010,33.939,St-Agne,Montaudran
87611327,87611343,5.057,Varilhes,Pamiers
87611327,87611624,2.096,Varilhes,St-Jean-de-Verges
87611343,87611327,5.0,Pamiers,Varilhes
87611343,87611350,4.471,Pamiers,Vernet-d'Ariège
87611350,87611343,4.471,Vernet-d'Ariège,Pamiers
87611350,87611368,4.0,Vernet-d'Ariège,Saverdun
87611368,87611350,4.0,Saverdun,Vernet-d'Ariège
87611368,87611376,4.654,Saverdun,Cintegabelle
87611376,87611368,4.654,Cintegabelle,Saverdun
87611376,87611384,3.533,Cintegabelle,Auterive
87611384,87611376,3.533,Auterive,Cintegabelle
87611384,87611392,5.695,Auterive,Vénerque-le-Vernet
87611392,87611384,5.695,Vénerque-le-Vernet,Auterive
87611392,87618116,3.0,Vénerque-le-Vernet,Pins-Justaret
87611400,87611038,4.943,Portet-St-Simon,Muret
87611400,87611301,4.285,Portet-St-Simon,St-Agne
87611434,87611004,3.67,Lacourtensourt,Toulouse-Matabiau
87611434,87611962,1.333,Lacourtensourt,Fenouillet-St-Alban
87611459,87611244,5.787,Lavilledieu,Montauban-Ville-Bourbon
87611459,87611897,4.433,Lavilledieu,Castelsarrasin
87611467,87353581,1.0,Colomiers,Les Ramassiers
87611467,87611921,1.246,Colomiers,Colomiers-Lycée-International
87611483,87611509,6.967,Latour-de-Carol-Enveitg,Porté-Puymorens
87611483,87784892,1.0,Latour-de-Carol-Enveitg,Béna-Fanes
87611509,87611483,6.967,Porté-Puymorens,Latour-de-Carol-Enveitg
87611509,87611517,3.405,Porté-Puymorens,L'Hospitalet-près-l'Andorre
87611517,87611509,3.405,L'Hospitalet-près-l'Andorre,Porté-Puymorens
87611517,87611525,5.953,L'Hospitalet-près-l'Andorre,Mérens-les-Vals
87611525,87611517,5.953,Mérens-les-Vals,L'Hospitalet-près-l'Andorre
87611525,87611533,5.335,Mérens-les-Vals,Ax-les-Thermes
87611533,87611525,5.335,Ax-les-Thermes,Mérens-les-Vals
87611533,87611558,4.544,Ax-les-Thermes,Luzenac-Garanou
87611558,87611533,4.544,Luzenac-Garanou,Ax-les-Thermes
87611558,87611574,3.533,Luzenac-Garanou,Les Cabannes
87611574,87611558,3.533,Les Cabannes,Luzenac-Garanou
87611574,87611590,5.748,Les Cabannes,Tarascon-sur-Ariège
87611590,87611574,5.748,Tarascon-sur-Ariège,Les Cabannes
87611590,87611616,8.618,Tarascon-sur-Ariège,Foix
87611616,87611590,8.618,Foix,Tarascon-sur-Ariège
87611616,87611624,2.645,Foix,St-Jean-de-Verges
87611624,87611327,2.096,St-Jean-de-Verges,Varilhes
87611624,87611616,2.645,St-Jean-de-Verges,Foix
87611657,87611665,3.165,St-Jory,Castelnau-d'Estrétefonds
87611657,87611962,3.535,St-Jory,Fenouillet-St-Alban
87611665,87611657,3.165,Castelnau-d'Estrétefonds,St-Jory
87611665,87611673,2.967,Castelnau-d'Estrétefonds,Grisolles
87611673,87611665,2.967,Grisolles,Castelnau-d'Estrétefonds
87611673,87611681,2.593,Grisolles,Dieupentale
87611681,87611673,2.593,Dieupentale,Grisolles
87611681,87611699,3.713,Dieupentale,Montbartier
87611699,87611244,6.559,Montbartier,Montauban-Ville-Bourbon
87611699,87611681,3.713,Montbartier,Dieupentale
87611707,87612028,1.0,Escalquens,Labège-Village
87611707,87618207,3.105,Escalquens,Montlaur
87611723,87618207,2.299,Baziège,Montlaur
87611723,87618215,2.158,Baziège,Villenouvelle
87611749,87611764,9.977,Auch,Aubiet
87611764,87611749,9.977,Aubiet,Auch
87611764,87611772,3.927,Aubiet,Gimont-Cahuzac
87611772,87611764,3.927,Gimont-Cahuzac,Aubiet
87611772,87611806,11.913,Gimont-Cahuzac,L'Isle-Jourdain
87611806,87611772,11.913,L'Isle-Jourdain,Gimont-Cahuzac
87611806,87611814,2.962,L'Isle-Jourdain,Mérenvielle
87611814,87611806,2.962,Mérenvielle,L'Isle-Jourdain
87611814,87611822,5.039,Mérenvielle,Brax-Léguevin
87611822,87611814,5.039,Brax-Léguevin,Mérenvielle
87611822,87611830,2.39,Brax-Léguevin,Pibrac
87611830,87611822,2.39,Pibrac,Brax-Léguevin
87611830,87611921,1.802,Pibrac,Colomiers-Lycée-International
87611848,87615377,4.403,Montrabé,Gragnague
87611855,87586008,10.876,Lamagistère,Agen
87611855,87618082,1.412,Lamagistère,Golfech
87611863,87618058,1.892,Valence-d'Agen,Pommevic
87611863,87618082,1.751,Valence-d'Agen,Golfech
87611871,87611889,5.049,Malause,Moissac
87611871,87618058,2.011,Malause,Pommevic
87611889,87611871,5.049,Moissac,Malause
87611889,87611897,5.0,Moissac,Castelsarrasin
87611897,87611459,4.433,Castelsarrasin,Lavilledieu
87611897,87611889,5.0,Castelsarrasin,Moissac
87611921,87611467,1.246,Colomiers-Lycée-International,Colomiers
87611921,87611830,1.802,Colomiers-Lycée-International,Pibrac
87611939,87353573,1.0,Lardenne,Le Toec
87611939,87353581,39.826,Lardenne,Les Ramassiers
87611939,87353599,1.0,Lardenne,St-Martin-du-Touch
87611939,87446179,39.939,Lardenne,St-Cyprien-Arènes
87611939,87497461,58.034,Lardenne,Galliéni-Cancéropole
87611962,87611434,1.333,Fenouillet-St-Alban,Lacourtensourt
87611962,87611657,3.535,Fenouillet-St-Alban,St-Jory
87612002,87612010,2.0,Labège-Innopole,Montaudran
87612002,87612028,1.395,Labège-Innopole,Labège-Village
87612010,87611004,2.653,Montaudran,Toulouse-Matabiau
87612010,87611301,33.939,Montaudran,St-Agne
87612010,87612002,2.139,Montaudran,Labège-Innopole
87612028,87611707,1.0,Labège-Village,Escalquens
87612028,87612002,1.395,Labège-Village,Labège-Innopole
87613000,87613174,15.435,Cahors,Dégagnac
87613000,87613323,9.679,Cahors,Lalbenque-Fontanes
87613042,87594572,10.372,Rocamadour-Padirac,St-Denis-près-Martel
87613042,87613059,4.196,Rocamadour-Padirac,Gramat
87613059,87613042,4.196,Gramat,Rocamadour-Padirac
87613059,87613075,9.201,Gramat,Assier
87613075,87613059,9.201,Assier,Gramat
87613075,87613091,10.237,Assier,Figeac
87613091,87613075,10.237,Figeac,Assier
87613091,87613109,3.112,Figeac,Capdenac
87613091,87613604,7.505,Figeac,Bagnac
87613109,87613091,3.112,Capdenac,Figeac
87613109,87613877,7.549,Capdenac,Salles-Courbatiès
87613141,87594333,12.238,Gourdon,Souillac
87613141,87613174,6.736,Gourdon,Dégagnac
87613174,87613000,15.435,Dégagnac,Cahors
87613174,87613141,6.736,Dégagnac,Gourdon
87613224,87613232,1.49,Aubin,Cransac
87613224,87613661,2.031,Aubin,Viviez-Decazeville
87613232,87613224,1.49,Cransac,Aubin
87613232,87613257,7.632,Cransac,St-Christophe
87613257,87613232,7.632,St-Christophe,Cransac
87613257,87613422,16.779,St-Christophe,Rodez
87613323,87613000,9.679,Lalbenque-Fontanes,Cahors
87613323,87613356,12.099,Lalbenque-Fontanes,Caussade
87613356,87613323,12.099,Caussade,Lalbenque-Fontanes
87613356,87613398,5.811,Caussade,Albias
87613398,87613356,5.811,Albias,Caussade
87613422,87613257,16.779,Rodez,St-Christophe
87613422,87783761,12.663,Rodez,Laissac
87613463,87613471,5.619,Najac,Laguépie
87613463,87613893,8.951,Najac,Villefranche-de-Rouergue
87613471,87613463,5.619,Laguépie,Najac
87613471,87613489,4.679,Laguépie,Lexos
87613489,87613471,4.679,Lexos,Laguépie
87613489,87613802,5.994,Lexos,Cordes-Vindrac
87613604,87613091,7.505,Bagnac,Figeac
87613604,87645168,3.267,Bagnac,Maurs
87613661,87613224,2.031,Viviez-Decazeville,Aubin
87613802,87613489,5.994,Cordes-Vindrac,Lexos
87613802,87615245,10.552,Cordes-Vindrac,Tessonnières
87613877,87613109,7.549,Salles-Courbatiès,Capdenac
87613877,87613893,8.738,Salles-Courbatiès,Villefranche-de-Rouergue
87613893,87613463,8.951,Villefranche-de-Rouergue,Najac
87613893,87613877,8.738,Villefranche-de-Rouergue,Salles-Courbatiès
87615005,87615195,1.064,Albi,Albi-Madeleine
87615005,87615468,25.755,Albi,Castres
87615013,87616011,3.914,Villefranche-de-Lauragais,Avignonet
87615013,87618215,3.0,Villefranche-de-Lauragais,Villenouvelle
87615039,87615054,8.0,Castelnaudary,Bram
87615039,87616011,7.0,Castelnaudary,Avignonet
87615054,87615039,8.0,Bram,Castelnaudary
87615054,87615286,10.0,Bram,Carcassonne
87615112,87615286,17.0,Lézignan (Aude),Carcassonne
87615112,87781104,12.0,Lézignan (Aude),Narbonne
87615120,87615138,1.645,Couffoulens-Leuc,Verzeille
87615138,87615120,1.645,Verzeille,Couffoulens-Leuc
87615138,87615146,2.039,Verzeille,Pomas
87615146,87598755,4.537,Pomas,Limoux-Flassian
87615146,87615138,2.039,Pomas,Verzeille
87615161,87598755,1.0,Limoux,Limoux-Flassian
87615161,87615187,4.918,Limoux,Alet-les-Bains
87615187,87615161,4.918,Alet-les-Bains,Limoux
87615187,87615203,3.777,Alet-les-Bains,Couiza-Montazels
87615195,87615005,1.064,Albi-Madeleine,Albi
87615195,87615625,7.907,Albi-Madeleine,Carmaux
87615203,87615187,3.777,Couiza-Montazels,Alet-les-Bains
87615203,87615211,1.671,Couiza-Montazels,Espéraza
87615211,87615203,1.671,Espéraza,Couiza-Montazels
87615211,87615229,1.747,Espéraza,Campagne
87615229,87615211,1.747,Campagne,Espéraza
87615229,87615260,3.309,Campagne,Quillan
87615245,87613802,10.552,Tessonnières,Cordes-Vindrac
87615245,87615252,2.29,Tessonnières,Gaillac
87615252,87615245,2.29,Gaillac,Tessonnières
87615252,87615310,4.897,Gaillac,Lisle-sur-Tarn
87615260,87615229,3.309,Quillan,Campagne
87615286,87615054,9.0,Carcassonne,Bram
87615286,87615112,17.0,Carcassonne,Lézignan (Aude)
87615310,87615252,4.897,Lisle-sur-Tarn,Gaillac
87615310,87615328,4.182,Lisle-sur-Tarn,Rabastens-Couffouleux
87615328,87615310,4.182,Rabastens-Couffouleux,Lisle-sur-Tarn
87615328,87615344,3.474,Rabastens-Couffouleux,St-Sulpice
87615344,87328021,4.757,St-Sulpice,Les Cauquillous
87615344,87615328,3.474,St-Sulpice,Rabastens-Couffouleux
87615344,87615351,3.121,St-Sulpice,Roquesérière
87615351,87615344,3.121,Roquesérière,St-Sulpice
87615351,87615369,2.618,Roquesérière,Montastruc-la-Conseillère
87615369,87615351,2.618,Montastruc-la-Conseillère,Roquesérière
87615369,87615377,2.272,Montastruc-la-Conseillère,Gragnague
87615377,87611848,4.403,Gragnague,Montrabé
87615377,87615369,2.272,Gragnague,Montastruc-la-Conseillère
87615468,87615005,25.755,Castres,Albi
87615476,87328021,3.484,Lavaur,Les Cauquillous
87615476,87615484,8.358,Lavaur,Damiatte-St-Paul
87615484,87615476,8.358,Damiatte-St-Paul,Lavaur
87615484,87615492,5.96,Damiatte-St-Paul,Vielmur-sur-Agout
87615492,87615484,5.96,Vielmur-sur-Agout,Damiatte-St-Paul
87615526,87615542,6.115,Labruguière,Mazamet
87615542,87615526,6.115,Mazamet,Labruguière
87615625,87615195,7.907,Carmaux,Albi-Madeleine
87615625,87615674,9.547,Carmaux,Tanus
87615674,87615625,9.547,Tanus,Carmaux
87615674,87615732,6.39,Tanus,Naucelle
87615732,87615674,6.39,Naucelle,Tanus
87615732,87615757,7.838,Naucelle,Baraqueville-Carcenac-Peyralès
87615757,87615732,7.838,Baraqueville-Carcenac-Peyralès,Naucelle
87615757,87615773,6.287,Baraqueville-Carcenac-Peyralès,Luc-Primaube
87615773,87615757,6.287,Luc-Primaube,Baraqueville-Carcenac-Peyralès
87616011,87615013,3.914,Avignonet,Villefranche-de-Lauragais
87616011,87615039,7.0,Avignonet,Castelnaudary
87618058,87611863,1.892,Pommevic,Valence-d'Agen
87618058,87611871,2.011,Pommevic,Malause
87618082,87611855,1.412,Golfech,Lamagistère
87618082,87611863,1.751,Golfech,Valence-d'Agen
87618116,87611392,3.0,Pins-Justaret,Vénerque-le-Vernet
87618207,87611707,3.105,Montlaur,Escalquens
87618207,87611723,2.299,Montlaur,Baziège
87618215,87611723,2.158,Villenouvelle,Baziège
87618215,87615013,3.25,Villenouvelle,Villefranche-de-Lauragais
87618710,87611178,3.679,Saléchan-Siradan,Loures-Barbazan
87618710,87611194,3.28,Saléchan-Siradan,Marignac-St-Béat
87635581,87751701,1.0,La Barasse,St-Marcel
87635581,87751719,51.624,La Barasse,La Pomme
87635581,87751743,1.431,La Barasse,La Penne-sur-Huveaune
87641001,87323675,20.801,Montluçon-Ville,Montluçon-Rimard
87641001,87641191,1.0,Montluçon-Ville,La Ville-Gozet
87641043,87641050,4.479,Lapeyrouse,Louroux-de-Bouble
87641050,87641043,4.479,Louroux-de-Bouble,Lapeyrouse
87641050,87641068,4.653,Louroux-de-Bouble,Bellenaves
87641068,87641050,4.653,Bellenaves,Louroux-de-Bouble
87641068,87641076,5.425,Bellenaves,St-Bonnet-de-Rochefort
87641076,87641068,5.425,St-Bonnet-de-Rochefort,Bellenaves
87641191,87323675,34.199,La Ville-Gozet,Montluçon-Rimard
87641191,87641001,1.0,La Ville-Gozet,Montluçon-Ville
87641191,87641373,3.989,La Ville-Gozet,Les Trillers
87641217,87597740,9.811,Huriel,Lavaufranche
87641316,87641399,5.3,Pontgibaud,Le Vauriat
87641357,87576348,6.028,Vallon,Urçay
87641357,87641365,4.538,Vallon,Magnette
87641365,87641357,4.538,Magnette,Vallon
87641365,87641373,3.188,Magnette,Les Trillers
87641373,87641191,3.989,Les Trillers,La Ville-Gozet
87641373,87641365,3.188,Les Trillers,Magnette
87641399,87641316,5.3,Le Vauriat,Pontgibaud
87641399,87641423,4.719,Le Vauriat,Volvic
87641415,87323675,6.462,Commentry,Montluçon-Rimard
87641423,87641399,4.719,Volvic,Le Vauriat
87641423,87641449,6.152,Volvic,Durtol-Nohanent
87641449,87641423,6.152,Durtol-Nohanent,Volvic
87641449,87734038,1.985,Durtol-Nohanent,Royat-Chamalières
87645002,87645101,4.107,Aurillac,Ytrac
87645002,87645440,10.701,Aurillac,Vic-sur-Cère
87645101,87645002,4.107,Ytrac,Aurillac
87645101,87645150,4.72,Ytrac,Lacapelle-Viescamp
87645135,87594796,13.666,Laroquebrou,Laval-de-Cère
87645150,87645101,4.72,Lacapelle-Viescamp,Ytrac
87645150,87645176,2.708,Lacapelle-Viescamp,Pers
87645168,87613604,3.267,Maurs,Bagnac
87645168,87645184,6.351,Maurs,Boisset
87645176,87645150,2.708,Pers,Lacapelle-Viescamp
87645176,87645192,1.902,Pers,Le Rouget
87645184,87645168,6.351,Boisset,Maurs
87645184,87645192,4.785,Boisset,Le Rouget
87645192,87645176,1.902,Le Rouget,Pers
87645192,87645184,4.785,Le Rouget,Boisset
87645440,87645002,10.701,Vic-sur-Cère,Aurillac
87645440,87645473,9.304,Vic-sur-Cère,Le Lioran
87645473,87645440,9.304,Le Lioran,Vic-sur-Cère
87645473,87645481,5.995,Le Lioran,Murat
87645481,87645473,5.995,Murat,Le Lioran
87645481,87645507,5.128,Murat,Neussargues
87645507,87645481,5.128,Neussargues,Murat
87645507,87734871,13.705,Neussargues,Massiac
87645507,87783175,10.265,Neussargues,St-Flour-Chaudes-Aigues
87654798,87113001,1.33,Rosa Parks,Paris-Est
87654798,87113209,1.075,Rosa Parks,Pantin
87654798,87271007,38.127,Rosa Parks,Paris-Nord
87654798,87271023,38.127,Rosa Parks,Paris-Nord-Souterraine
87654798,87271031,38.127,Rosa Parks,Paris-Nord-Surface
87654798,87281873,37.821,Rosa Parks,Magenta
87671008,87671172,9.641,Tarbes,Tournay
87671008,87671313,5.54,Tarbes,Ossun
87671016,87671495,7.25,Mont-de-Marsan,St-Martin-d'Oney
87671123,87611152,9.042,Lannemezan,Montréjeau-Gourdan-Polignan
87671123,87671156,3.051,Lannemezan,Capvern
87671156,87671123,3.051,Capvern,Lannemezan
87671156,87671172,6.856,Capvern,Tournay
87671172,87671008,9.641,Tournay,Tarbes
87671172,87671156,6.856,Tournay,Capvern
87671313,87671008,5.54,Ossun,Tarbes
87671313,87671339,5.68,Ossun,Lourdes
87671339,87671313,5.68,Lourdes,Ossun
87671339,87671362,5.638,Lourdes,St-Pé-de-Bigorre
87671362,87671339,5.638,St-Pé-de-Bigorre,Lourdes
87671362,87672113,2.488,St-Pé-de-Bigorre,Montaut-Bétharram
87671479,87671487,3.935,Arengosse,Ygos
87671479,87673103,4.959,Arengosse,Morcenx
87671487,87671479,3.935,Ygos,Arengosse
87671487,87671495,4.857,Ygos,St-Martin-d'Oney
87671495,87671016,7.25,St-Martin-d'Oney,Mont-de-Marsan
87671495,87671487,4.857,St-Martin-d'Oney,Ygos
87672006,87672162,4.09,Pau,Assat
87672006,87672212,11.0,Pau,Artix
87672006,87672600,17.556,Pau,La Croix-du-Prince
87672113,87671362,2.488,Montaut-Bétharram,St-Pé-de-Bigorre
87672113,87672139,3.903,Montaut-Bétharram,Coarraze-Nay
87672139,87672113,3.903,Coarraze-Nay,Montaut-Bétharram
87672139,87672162,5.0,Coarraze-Nay,Assat
87672162,87672006,4.09,Assat,Pau
87672162,87672139,5.084,Assat,Coarraze-Nay
87672212,87672006,11.0,Artix,Pau
87672212,87672253,10.0,Artix,Orthez
87672253,87672212,10.0,Orthez,Artix
87672253,87672279,8.041,Orthez,Puyoô
87672279,87672253,8.041,Puyoô,Orthez
87672279,87672337,9.601,Puyoô,Peyrehorade
87672337,87672279,9.601,Peyrehorade,Puyoô
87672337,87672386,9.337,Peyrehorade,Urt
87672386,87672337,9.337,Urt,Peyrehorade
87672600,87672006,17.556,La Croix-du-Prince,Pau
87672600,87672618,3.414,La Croix-du-Prince,Gan
87672618,87672600,3.414,Gan,La Croix-du-Prince
87672618,87672634,6.562,Gan,Buzy-en-Béarn
87672634,87672618,6.562,Buzy-en-Béarn,Gan
87672634,87672709,2.586,Buzy-en-Béarn,Ogeu-les-Bains
87672709,87672634,2.586,Ogeu-les-Bains,Buzy-en-Béarn
87672709,87672725,5.751,Ogeu-les-Bains,Oloron-Ste-Marie
87672725,87517912,1.0,Oloron-Ste-Marie,Bidos
87672725,87672709,5.751,Oloron-Ste-Marie,Ogeu-les-Bains
87672741,87517912,3.919,Lurbe-St-Christau,Bidos
87672741,87672766,5.071,Lurbe-St-Christau,Sarrance
87672766,87672741,5.071,Sarrance,Lurbe-St-Christau
87672766,87672774,3.535,Sarrance,Bedous
87672774,87672766,3.535,Bedous,Sarrance
87673004,87673095,2.055,Bayonne,Le Boucau
87673004,87673400,5.311,Bayonne,Biarritz
87673095,87673004,2.055,Le Boucau,Bayonne
87673095,87673319,3.245,Le Boucau,Ondres
87673103,87582551,9.0,Morcenx,Labouheyre
87673103,87671479,4.959,Morcenx,Arengosse
87673103,87673202,18.0,Morcenx,Dax
87673202,87673103,18.0,Dax,Morcenx
87673202,87673251,7.887,Dax,Saubusse-les-Bains
87673251,87673202,7.887,Saubusse-les-Bains,Dax
87673251,87673269,2.373,Saubusse-les-Bains,St-Geours
87673269,87673251,2.373,St-Geours,Saubusse-les-Bains
87673269,87673277,3.091,St-Geours,St-Vincent-de-Tyrosse
87673277,87673269,3.091,St-Vincent-de-Tyrosse,St-Geours
87673277,87673285,3.356,St-Vincent-de-Tyrosse,Bénesse-Maremne
87673285,87673277,3.356,Bénesse-Maremne,St-Vincent-de-Tyrosse
87673285,87673293,3.601,Bénesse-Maremne,Labenne
87673293,87673285,3.601,Labenne,Bénesse-Maremne
87673293,87673319,1.717,Labenne,Ondres
87673319,87673095,3.245,Ondres,Le Boucau
87673319,87673293,1.717,Ondres,Labenne
87673400,87673004,5.311,Biarritz,Bayonne
87673400,87673459,3.73,Biarritz,Guéthary
87673459,87673400,3.73,Guéthary,Biarritz
87673459,87677120,3.417,Guéthary,St-Jean-de-Luz-Ciboure
87673616,87673624,1.665,Villefranque,USTARITZ-JATXOU
87673624,87673616,1.665,USTARITZ-JATXOU,Villefranque
87673624,87673640,1.937,USTARITZ-JATXOU,Halsou-Larressore
87673640,87673624,1.937,Halsou-Larressore,USTARITZ-JATXOU
87673640,87673657,1.712,Halsou-Larressore,Cambo-les-Bains
87673657,87673640,1.712,Cambo-les-Bains,Halsou-Larressore
87673657,87673665,3.172,Cambo-les-Bains,Itxassou
87673665,87673657,3.172,Itxassou,Cambo-les-Bains
87673665,87673673,2.802,Itxassou,Louhossoa
87673673,87673665,2.802,Louhossoa,Itxassou
87673673,87673699,2.917,Louhossoa,Bidarray-Pont-Noblia
87673699,87673673,2.917,Bidarray-Pont-Noblia,Louhossoa
87673699,87673707,3.002,Bidarray-Pont-Noblia,Ossès-St-Martin-d'Arrossa
87673707,87673699,3.002,Ossès-St-Martin-d'Arrossa,Bidarray-Pont-Noblia
87673707,87673723,6.068,Ossès-St-Martin-d'Arrossa,St-Jean-Pied-de-Port
87673723,87673707,6.068,St-Jean-Pied-de-Port,Ossès-St-Martin-d'Arrossa
87677005,87677104,1.416,Hendaye,Les Deux Jumeaux
87677104,87677005,1.416,Les Deux Jumeaux,Hendaye
87677104,87677120,5.349,Les Deux Jumeaux,St-Jean-de-Luz-Ciboure
87677120,87673459,3.417,St-Jean-de-Luz-Ciboure,Guéthary
87677120,87677104,5.349,St-Jean-de-Luz-Ciboure,Les Deux Jumeaux
87681007,87681361,1.577,Corbeil-Essonnes,Evry-Val de Seine
87681007,87681403,1.917,Corbeil-Essonnes,Moulin-Galant
87681007,87681601,20.614,Corbeil-Essonnes,Essonnes-Robinson
87681155,87681247,1.0,Maisons-Alfort-Alfortville,Le Vert-de-Maisons
87681155,87686667,2.939,Maisons-Alfort-Alfortville,Paris-Bercy
87681247,87608802,1.043,Le Vert-de-Maisons,Créteil-Pompadour
87681247,87681155,1.0,Le Vert-de-Maisons,Maisons-Alfort-Alfortville
87681304,87545244,1.798,Vigneux-sur-Seine,Juvisy
87681312,87545244,1.0,Viry-Châtillon,Juvisy
87681312,87681338,1.52,Viry-Châtillon,Ris-Orangis
87681338,87681312,1.52,Ris-Orangis,Viry-Châtillon
87681338,87681346,39.337,Ris-Orangis,Orangis-Bois-de-l'Épine
87681338,87681353,1.131,Ris-Orangis,Grand-Bourg
87681346,87681338,39.337,Orangis-Bois-de-l'Épine,Ris-Orangis
87681346,87681379,1.43,Orangis-Bois-de-l'Épine,Grigny-Centre
87681346,87681387,1.166,Orangis-Bois-de-l'Épine,Évry-Courcouronnes
87681353,87681338,1.131,Grand-Bourg,Ris-Orangis
87681353,87681361,1.028,Grand-Bourg,Evry-Val de Seine
87681353,87681387,38.042,Grand-Bourg,Évry-Courcouronnes
87681353,87681395,43.914,Grand-Bourg,Le Bras-de-fer
87681361,87681007,1.577,Evry-Val de Seine,Corbeil-Essonnes
87681361,87681353,1.028,Evry-Val de Seine,Grand-Bourg
87681361,87681387,30.721,Evry-Val de Seine,Évry-Courcouronnes
87681361,87681395,21.827,Evry-Val de Seine,Le Bras-de-fer
87681379,87681346,1.43,Grigny-Centre,Orangis-Bois-de-l'Épine
87681387,87681346,1.166,Évry-Courcouronnes,Orangis-Bois-de-l'Épine
87681387,87681353,38.042,Évry-Courcouronnes,Grand-Bourg
87681387,87681361,30.721,Évry-Courcouronnes,Evry-Val de Seine
87681387,87681395,1.0,Évry-Courcouronnes,Le Bras-de-fer
87681395,87681353,43.914,Le Bras-de-fer,Grand-Bourg
87681395,87681361,21.827,Le Bras-de-fer,Evry-Val de Seine
87681395,87681387,1.0,Le Bras-de-fer,Évry-Courcouronnes
87681403,87681007,1.917,Moulin-Galant,Corbeil-Essonnes
87681403,87681411,2.275,Moulin-Galant,Mennecy
87681403,87681601,36.019,Moulin-Galant,Essonnes-Robinson
87681411,87681403,2.275,Mennecy,Moulin-Galant
87681411,87681437,3.615,Mennecy,Ballancourt
87681437,87681411,3.615,Ballancourt,Mennecy
87681437,87681452,3.183,Ballancourt,La Ferté-Alais
87681452,87681437,3.183,La Ferté-Alais,Ballancourt
87681452,87681478,3.597,La Ferté-Alais,Boutigny
87681478,87681452,3.597,Boutigny,La Ferté-Alais
87681478,87681486,2.832,Boutigny,Maisse
87681486,87681478,2.832,Maisse,Boutigny
87681486,87681510,1.447,Maisse,Buno-Gironville
87681510,87681486,1.447,Buno-Gironville,Maisse
87681510,87684407,1.826,Buno-Gironville,Boigneville
87681601,87681007,20.614,Essonnes-Robinson,Corbeil-Essonnes
87681601,87681403,36.019,Essonnes-Robinson,Moulin-Galant
87681601,87681619,1.0,Essonnes-Robinson,Villabé
87681619,87681601,1.0,Villabé,Essonnes-Robinson
87681619,87681627,1.465,Villabé,Le Plessis-Chenet
87681627,87681619,1.465,Le Plessis-Chenet,Villabé
87681627,87681635,1.0,Le Plessis-Chenet,Coudray-Montceaux
87681635,87681627,1.0,Coudray-Montceaux,Le Plessis-Chenet
87681635,87682542,2.283,Coudray-Montceaux,St-Fargeau
87681809,87608802,1.615,Villeneuve-Triage,Créteil-Pompadour
87681809,87681825,1.0,Villeneuve-Triage,Villeneuve-St-Georges
87681825,87681809,1.0,Villeneuve-St-Georges,Villeneuve-Triage
87681825,87682104,1.671,Villeneuve-St-Georges,Montgeron-Crosne
87682005,87682179,1.502,Melun,Le Mée
87682005,87682203,3.72,Melun,Bois-le-Roi
87682005,87682401,1.529,Melun,Livry-sur-Seine
87682005,87682500,2.472,Melun,Vosves
87682104,87681825,1.671,Montgeron-Crosne,Villeneuve-St-Georges
87682104,87682112,1.0,Montgeron-Crosne,Yerres
87682112,87682104,1.0,Yerres,Montgeron-Crosne
87682112,87682120,1.112,Yerres,Brunoy
87682120,87682112,1.112,Brunoy,Yerres
87682120,87682138,1.558,Brunoy,Boussy-St-Antoine
87682138,87682120,1.558,Boussy-St-Antoine,Brunoy
87682138,87682146,1.04,Boussy-St-Antoine,Combs-la-Ville-Quincy
87682146,87682138,1.04,Combs-la-Ville-Quincy,Boussy-St-Antoine
87682146,87682153,2.527,Combs-la-Ville-Quincy,Lieusaint-Moissy
87682153,87682146,2.527,Lieusaint-Moissy,Combs-la-Ville-Quincy
87682153,87682187,2.068,Lieusaint-Moissy,Savigny-le-Temple-Nandy
87682161,87682179,1.98,Cesson,Le Mée
87682161,87682187,1.856,Cesson,Savigny-le-Temple-Nandy
87682179,87682005,1.502,Le Mée,Melun
87682179,87682161,1.98,Le Mée,Cesson
87682187,87682153,2.068,Savigny-le-Temple-Nandy,Lieusaint-Moissy
87682187,87682161,1.856,Savigny-le-Temple-Nandy,Cesson
87682203,87682005,3.72,Bois-le-Roi,Melun
87682203,87682211,4.388,Bois-le-Roi,Fontainebleau-Avon
87682211,87682203,4.388,Fontainebleau-Avon,Bois-le-Roi
87682211,87682252,2.399,Fontainebleau-Avon,Thomery
87682252,87682211,2.399,Thomery,Fontainebleau-Avon
87682252,87682278,1.877,Thomery,Moret-Veneux-les-Sablons
87682278,87682252,1.877,Moret-Veneux-les-Sablons,Thomery
87682278,87682294,1.0,Moret-Veneux-les-Sablons,St-Mammès
87682278,87684100,4.481,Moret-Veneux-les-Sablons,Montigny-sur-Loing
87682294,87682278,1.0,St-Mammès,Moret-Veneux-les-Sablons
87682294,87682302,5.726,St-Mammès,Montereau
87682302,87682294,5.726,Montereau,St-Mammès
87682302,87683102,5.766,Montereau,Villeneuve-la-Guyard
87682401,87682005,1.529,Livry-sur-Seine,Melun
87682401,87682419,1.65,Livry-sur-Seine,Chartrettes
87682419,87682401,1.65,Chartrettes,Livry-sur-Seine
87682419,87682427,2.29,Chartrettes,Fontaine-le-Port
87682427,87682419,2.29,Fontaine-le-Port,Chartrettes
87682427,87682435,3.214,Fontaine-le-Port,Héricy
87682435,87682427,3.214,Héricy,Fontaine-le-Port
87682435,87682443,1.0,Héricy,Vulaines-sur-Seine-Samoreau
87682443,87682435,1.0,Vulaines-sur-Seine-Samoreau,Héricy
87682443,87682450,3.111,Vulaines-sur-Seine-Samoreau,Champagne-sur-Seine
87682450,87682443,3.111,Champagne-sur-Seine,Vulaines-sur-Seine-Samoreau
87682450,87682468,2.823,Champagne-sur-Seine,Vernou-sur-Seine
87682468,87682450,2.823,Vernou-sur-Seine,Champagne-sur-Seine
87682468,87682476,2.398,Vernou-sur-Seine,La Grande-Paroisse
87682476,87682468,2.398,La Grande-Paroisse,Vernou-sur-Seine
87682500,87682005,2.472,Vosves,Melun
87682500,87682518,1.377,Vosves,Boissise-le-Roi
87682518,87682500,1.377,Boissise-le-Roi,Vosves
87682518,87682526,1.212,Boissise-le-Roi,Ponthierry-Pringy
87682526,87682518,1.212,Ponthierry-Pringy,Boissise-le-Roi
87682526,87682542,2.311,Ponthierry-Pringy,St-Fargeau
87682542,87681635,2.283,St-Fargeau,Coudray-Montceaux
87682542,87682526,2.311,St-Fargeau,Ponthierry-Pringy
87683003,87683136,6.0,Sens,Pont-sur-Yonne
87683003,87683201,4.13,Sens,Étigny-Véron
87683102,87682302,5.766,Villeneuve-la-Guyard,Montereau
87683102,87683128,2.632,Villeneuve-la-Guyard,Champigny-sur-Yonne
87683128,87683102,2.632,Champigny-sur-Yonne,Villeneuve-la-Guyard
87683128,87683136,3.981,Champigny-sur-Yonne,Pont-sur-Yonne
87683136,87683003,6.0,Pont-sur-Yonne,Sens
87683136,87683128,3.981,Pont-sur-Yonne,Champigny-sur-Yonne
87683201,87683003,4.0,Étigny-Véron,Sens
87683201,87683219,3.687,Étigny-Véron,Villeneuve-sur-Yonne
87683219,87683201,3.687,Villeneuve-sur-Yonne,Étigny-Véron
87683219,87683227,4.0,Villeneuve-sur-Yonne,St-Julien-du-Sault
87683227,87683219,4.0,St-Julien-du-Sault,Villeneuve-sur-Yonne
87683227,87683243,5.901,St-Julien-du-Sault,Joigny
87683243,87683227,5.901,Joigny,St-Julien-du-Sault
87683243,87683268,5.0,Joigny,Laroche-Migennes
87683268,87683243,5.0,Laroche-Migennes,Joigny
87683268,87683318,8.0,Laroche-Migennes,St-Florentin-Vergigny
87683268,87683532,4.262,Laroche-Migennes,Chemilly-Appoigny
87683318,87683268,8.0,St-Florentin-Vergigny,Laroche-Migennes
87683318,87713198,11.0,St-Florentin-Vergigny,Tonnerre
87683532,87683268,4.262,Chemilly-Appoigny,Laroche-Migennes
87683532,87683557,3.04,Chemilly-Appoigny,Monéteau-Gurgy
87683557,87683532,3.04,Monéteau-Gurgy,Chemilly-Appoigny
87683557,87683573,3.265,Monéteau-Gurgy,Auxerre-St-Gervais
87683573,87683557,3.265,Auxerre-St-Gervais,Monéteau-Gurgy
87683573,87683615,4.232,Auxerre-St-Gervais,Champs-St-Bris
87683615,87683573,4.232,Champs-St-Bris,Auxerre-St-Gervais
87683615,87683631,2.326,Champs-St-Bris,Vincelles
87683631,87683615,2.326,Vincelles,Champs-St-Bris
87683631,87683649,2.793,Vincelles,Cravant-Bazarnes
87683649,87683631,2.793,Cravant-Bazarnes,Vincelles
87683649,87683847,4.925,Cravant-Bazarnes,Mailly-la-Ville
87683664,87683722,9.183,Vermenton,Sermizelles-Vézelay
87683722,87683664,9.183,Sermizelles-Vézelay,Vermenton
87683722,87683789,7.886,Sermizelles-Vézelay,Avallon
87683789,87683722,7.886,Avallon,Sermizelles-Vézelay
87683847,87683649,4.925,Mailly-la-Ville,Cravant-Bazarnes
87683847,87696856,5.395,Mailly-la-Ville,Châtel-Censoir
87684001,87684241,5.684,Montargis,Ferrières-Fontenay
87684001,87684274,9.0,Montargis,Nogent-sur-Vernisson
87684100,87682278,4.481,Montigny-sur-Loing,Moret-Veneux-les-Sablons
87684100,87684118,1.902,Montigny-sur-Loing,Bourron-Marlotte-Grez
87684118,87684100,1.902,Bourron-Marlotte-Grez,Montigny-sur-Loing
87684118,87684126,4.237,Bourron-Marlotte-Grez,Nemours-St-Pierre
87684126,87684118,4.237,Nemours-St-Pierre,Bourron-Marlotte-Grez
87684126,87684191,2.404,Nemours-St-Pierre,Bagneaux-sur-Loing
87684191,87684126,2.404,Bagneaux-sur-Loing,Nemours-St-Pierre
87684191,87684217,3.376,Bagneaux-sur-Loing,Souppes-Château-Landon
87684217,87684191,3.376,Souppes-Château-Landon,Bagneaux-sur-Loing
87684217,87684233,2.455,Souppes-Château-Landon,Dordives
87684233,87684217,2.455,Dordives,Souppes-Château-Landon
87684233,87684241,3.223,Dordives,Ferrières-Fontenay
87684241,87684001,5.684,Ferrières-Fontenay,Montargis
87684241,87684233,3.223,Ferrières-Fontenay,Dordives
87684274,87684001,9.0,Nogent-sur-Vernisson,Montargis
87684274,87684290,9.0,Nogent-sur-Vernisson,Gien
87684290,87684274,9.0,Gien,Nogent-sur-Vernisson
87684290,87696088,5.319,Gien,Briare
87684407,87681510,1.826,Boigneville,Buno-Gironville
87684407,87684415,3.46,Boigneville,Malesherbes
87684415,87684407,3.46,Malesherbes,Boigneville
87686006,87113001,56.055,Paris-Gare-de-Lyon,Paris-Est
87686006,87271023,2.856,Paris-Gare-de-Lyon,Paris-Nord-Souterraine
87686006,87328328,31.001,Paris-Gare-de-Lyon,Bibliothèque-François-Mitterrand
87686006,87547000,13.476,Paris-Gare-de-Lyon,Paris-Austerlitz
87686006,87547026,13.476,Paris-Gare-de-Lyon,Paris-Austerlitz-Souterrain
87686006,87686030,1.0,Paris-Gare-de-Lyon,Paris-Gare-de-Lyon-Souterrain
87686006,87686667,17.865,Paris-Gare-de-Lyon,Paris-Bercy
87686030,87113001,56.39,Paris-Gare-de-Lyon-Souterrain,Paris-Est
87686030,87328328,30.678,Paris-Gare-de-Lyon-Souterrain,Bibliothèque-François-Mitterrand
87686030,87547000,13.538,Paris-Gare-de-Lyon-Souterrain,Paris-Austerlitz
87686030,87547026,13.538,Paris-Gare-de-Lyon-Souterrain,Paris-Austerlitz-Souterrain
87686030,87686006,1.0,Paris-Gare-de-Lyon-Souterrain,Paris-Gare-de-Lyon
87686030,87686667,1.0,Paris-Gare-de-Lyon-Souterrain,Paris-Bercy
87686667,87328328,24.677,Paris-Bercy,Bibliothèque-François-Mitterrand
87686667,87547000,22.56,Paris-Bercy,Paris-Austerlitz
87686667,87547026,22.56,Paris-Bercy,Paris-Austerlitz-Souterrain
87686667,87681155,2.939,Paris-Bercy,Maisons-Alfort-Alfortville
87686667,87686006,17.865,Paris-Bercy,Paris-Gare-de-Lyon
87686667,87686030,1.0,Paris-Bercy,Paris-Gare-de-Lyon-Souterrain
87688887,87703975,18.0,Montpellier Sud-de-France,Nîmes-Pont du Gard
87691394,87696195,2.597,La Marche,La Charité-sur-Loire
87691394,87696203,1.772,La Marche,Tronsanges
87691436,87696211,2.094,Garchizy,Pougues-les-Eaux
87691436,87696229,1.461,Garchizy,Fourchambault
87691469,87691600,20.902,Vauzelles,Les Perrières
87691469,87696005,1.167,Vauzelles,Nevers
87691469,87696229,2.326,Vauzelles,Fourchambault
87691600,87559070,1.0,Les Perrières,Nevers-Le Banlay
87691600,87691469,20.902,Les Perrières,Vauzelles
87694000,87694182,3.42,Le Creusot,Marmagne-sous-Creusot
87694000,87694307,4.162,Le Creusot,Montchanin
87694109,87725705,18.0,Le Creusot-Montceau-Montchanin,Mâcon-Loché-TGV
87694141,87694158,2.581,Étang,Mesvres
87694141,87696534,12.166,Étang,Luzy
87694158,87694141,2.581,Mesvres,Étang
87694158,87694166,2.2,Mesvres,Broye
87694166,87694158,2.2,Broye,Mesvres
87694166,87694174,2.079,Broye,St-Symphorien-de-Marmagne
87694174,87694166,2.079,St-Symphorien-de-Marmagne,Broye
87694174,87694182,1.156,St-Symphorien-de-Marmagne,Marmagne-sous-Creusot
87694182,87694000,3.42,Marmagne-sous-Creusot,Le Creusot
87694182,87694174,1.156,Marmagne-sous-Creusot,St-Symphorien-de-Marmagne
87694307,87694000,4.162,Montchanin,Le Creusot
87694307,87694364,8.74,Montchanin,St-Léger-sur-Dheune
87694364,87694307,8.74,St-Léger-sur-Dheune,Montchanin
87694364,87694398,3.416,St-Léger-sur-Dheune,Cheilly-lès-Maranges
87694398,87694364,3.416,Cheilly-lès-Maranges,St-Léger-sur-Dheune
87694398,87713594,1.573,Cheilly-lès-Maranges,Santenay-les-Bains
87694570,87694596,4.952,Autun,Brion-Laizy
87694596,87694570,4.952,Brion-Laizy,Autun
87694612,87694620,1.917,Blanzy,Montceau-les-Mines
87694620,87694612,1.917,Montceau-les-Mines,Blanzy
87694620,87694638,2.201,Montceau-les-Mines,Galuzot
87694638,87694620,2.201,Galuzot,Montceau-les-Mines
87694638,87694646,2.87,Galuzot,Ciry-le-Noble
87694646,87694638,2.87,Ciry-le-Noble,Galuzot
87694646,87694653,3.305,Ciry-le-Noble,Génelard
87694653,87694646,3.305,Génelard,Ciry-le-Noble
87694653,87694687,11.165,Génelard,Paray-le-Monial
87694687,87694653,11.165,Paray-le-Monial,Génelard
87694687,87694695,6.133,Paray-le-Monial,Digoin
87694687,87694737,15.345,Paray-le-Monial,La Clayette-Baudemont
87694695,87694687,6.133,Digoin,Paray-le-Monial
87694695,87694851,4.945,Digoin,St-Agnan
87694737,87694687,15.345,La Clayette-Baudemont,Paray-le-Monial
87694737,87694778,5.816,La Clayette-Baudemont,Chauffailles
87694778,87694737,5.816,Chauffailles,La Clayette-Baudemont
87694778,87721860,14.349,Chauffailles,Lamure-sur-Azergues
87694851,87694695,4.945,St-Agnan,Digoin
87694851,87694869,5.293,St-Agnan,Gilly-sur-Loire
87694869,87694851,5.293,Gilly-sur-Loire,St-Agnan
87694869,87696427,5.013,Gilly-sur-Loire,Dompierre-Sept-Fons
87696005,87559070,37.121,Nevers,Nevers-Le Banlay
87696005,87691469,1.167,Nevers,Vauzelles
87696005,87696260,5.761,Nevers,Saincaize
87696088,87684290,5.319,Briare,Gien
87696088,87696146,14.0,Briare,Cosne-sur-Loire
87696146,87696088,14.0,Cosne-sur-Loire,Briare
87696146,87696161,5.0,Cosne-sur-Loire,Tracy-Sancerre
87696161,87696146,5.0,Tracy-Sancerre,Cosne-sur-Loire
87696161,87696179,5.081,Tracy-Sancerre,Pouilly-sur-Loire
87696179,87696161,5.081,Pouilly-sur-Loire,Tracy-Sancerre
87696179,87696187,3.211,Pouilly-sur-Loire,Mesves-Bulcy
87696187,87696179,3.211,Mesves-Bulcy,Pouilly-sur-Loire
87696187,87696195,3.861,Mesves-Bulcy,La Charité-sur-Loire
87696195,87691394,2.597,La Charité-sur-Loire,La Marche
87696195,87696187,3.861,La Charité-sur-Loire,Mesves-Bulcy
87696203,87691394,1.772,Tronsanges,La Marche
87696203,87696211,2.804,Tronsanges,Pougues-les-Eaux
87696211,87691436,2.094,Pougues-les-Eaux,Garchizy
87696211,87696203,2.804,Pougues-les-Eaux,Tronsanges
87696229,87691436,1.461,Fourchambault,Garchizy
87696229,87691469,2.326,Fourchambault,Vauzelles
87696260,87576470,5.663,Saincaize,La Guerche-sur-l'Aubois
87696260,87696005,5.761,Saincaize,Nevers
87696260,87696294,9.0,Saincaize,St-Pierre-le-Moûtier
87696294,87696260,9.0,St-Pierre-le-Moûtier,Saincaize
87696294,87696302,5.0,St-Pierre-le-Moûtier,Chantenay-St-Imbert
87696302,87696294,5.0,Chantenay-St-Imbert,St-Pierre-le-Moûtier
87696302,87696310,5.241,Chantenay-St-Imbert,Villeneuve-sur-Allier
87696310,87696302,5.241,Villeneuve-sur-Allier,Chantenay-St-Imbert
87696310,87696328,7.0,Villeneuve-sur-Allier,Moulins-sur-Allier
87696328,87696310,7.388,Moulins-sur-Allier,Villeneuve-sur-Allier
87696328,87696336,7.0,Moulins-sur-Allier,Bessay
87696336,87696328,7.0,Bessay,Moulins-sur-Allier
87696336,87696351,7.0,Bessay,Varennes-sur-Allier
87696351,87696336,8.0,Varennes-sur-Allier,Bessay
87696351,87732206,7.0,Varennes-sur-Allier,St-Germain-des-Fossés
87696427,87694869,5.013,Dompierre-Sept-Fons,Gilly-sur-Loire
87696450,87559070,6.306,Imphy,Nevers-Le Banlay
87696450,87696468,5.163,Imphy,Béard
87696468,87696450,5.163,Béard,Imphy
87696468,87696484,7.302,Béard,Decize
87696484,87696468,7.302,Decize,Béard
87696484,87696492,7.888,Decize,Cercy-la-Tour
87696492,87696484,7.888,Cercy-la-Tour,Decize
87696492,87696534,16.362,Cercy-la-Tour,Luzy
87696492,87696617,28.304,Cercy-la-Tour,Corbigny
87696534,87694141,12.166,Luzy,Étang
87696534,87696492,16.362,Luzy,Cercy-la-Tour
87696617,87696492,28.304,Corbigny,Cercy-la-Tour
87696617,87696633,7.835,Corbigny,Flez-Cuzy-Tannay
87696633,87696617,7.835,Flez-Cuzy-Tannay,Corbigny
87696807,87696831,4.631,Clamecy,Coulanges-sur-Yonne
87696831,87696807,4.631,Coulanges-sur-Yonne,Clamecy
87696831,87696856,4.302,Coulanges-sur-Yonne,Châtel-Censoir
87696856,87683847,5.395,Châtel-Censoir,Mailly-la-Ville
87696856,87696831,4.302,Châtel-Censoir,Coulanges-sur-Yonne
87697292,87271122,31.525,Épinay-sur-Seine TT,Épinay-Villetaneuse
87697292,87271148,5.568,Épinay-sur-Seine TT,Épinay-sur-Seine
87697292,87697300,1.139,Épinay-sur-Seine TT,Épinay-Villetaneuse TT
87697300,87697292,1.139,Épinay-Villetaneuse TT,Épinay-sur-Seine TT
87697300,87697318,1.0,Épinay-Villetaneuse TT,Villetaneuse-Université TT
87697318,87697300,1.0,Villetaneuse-Université TT,Épinay-Villetaneuse TT
87697318,87697326,1.004,Villetaneuse-Université TT,Pierrefite-Stains TT
87697326,87271163,12.568,Pierrefite-Stains TT,Pierrefitte-Stains
87697326,87697318,1.004,Pierrefite-Stains TT,Villetaneuse-Université TT
87697326,87697334,1.046,Pierrefite-Stains TT,Stains-Cerisaie TT
87697334,87697326,1.046,Stains-Cerisaie TT,Pierrefite-Stains TT
87697334,87697342,1.058,Stains-Cerisaie TT,Dugny-La Courneuve TT
87697342,87271304,43.623,Dugny-La Courneuve TT,La Courneuve-Aubervilliers
87697342,87697334,1.058,Dugny-La Courneuve TT,Stains-Cerisaie TT
87699223,87576181,1.132,Base Aérienne,Les Quatre-Roues
87699223,87576199,1.0,Base Aérienne,Pruniers
87700146,87184408,2.401,Danjoutin,Meroux
87700153,87184432,1.257,Joncherey,Grandvillars
87700153,87184440,1.212,Joncherey,Delle
87703975,87688887,18.0,Nîmes-Pont du Gard,Montpellier Sud-de-France
87703975,87775023,7.0,Nîmes-Pont du Gard,Beaucaire
87703975,87775064,1.376,Nîmes-Pont du Gard,Manduel-Redessan
87710780,87710913,1.479,Bailly,Allée Royale
87710780,87733659,1.0,Bailly,Noisy-le-Roi TT
87710913,87393223,28.639,Allée Royale,St-Cyr
87710913,87710780,1.479,Allée Royale,Bailly
87710913,87710921,1.0,Allée Royale,Les Portes de St-Cyr
87710921,87393009,2.923,Les Portes de St-Cyr,Versailles-Chantiers
87710921,87393157,56.337,Les Portes de St-Cyr,Versailles-Rive-Gauche
87710921,87710913,1.0,Les Portes de St-Cyr,Allée Royale
87712026,87713578,1.705,Rully,Chagny
87712026,87713586,1.864,Rully,Fontaines-Mercurey
87712182,87713313,5.213,Neuilly-lès-Dijon,Genlis
87712265,87713826,1.735,Bretigny-Norges,Ruffey
87712265,87713834,1.26,Bretigny-Norges,St-Julien-Clénay
87712323,87712331,3.0,Lantenay,Velars
87712323,87713065,2.277,Lantenay,Mâlain
87712331,87712323,3.224,Velars,Lantenay
87712331,87713040,4.817,Velars,Dijon-Ville
87712604,87713628,2.326,Ouges,Saulon
87712620,87713628,2.219,Longecourt,Saulon
87712620,87713636,1.713,Longecourt,Aiserey
87712679,87713651,1.0,Chaugey,St-Jean-de-Losne
87712679,87713669,3.447,Chaugey,Pagny
87713008,87713040,33.025,Dijon-Porte-Neuve,Dijon-Ville
87713008,87713826,3.183,Dijon-Porte-Neuve,Ruffey
87713040,87712331,4.817,Dijon-Ville,Velars
87713040,87713008,33.025,Dijon-Ville,Dijon-Porte-Neuve
87713040,87713503,6.085,Dijon-Ville,Gevrey-Chambertin
87713065,87712323,2.277,Mâlain,Lantenay
87713065,87713073,4.016,Mâlain,Blaisy-Bas
87713073,87713065,4.0,Blaisy-Bas,Mâlain
87713073,87713081,5.0,Blaisy-Bas,Verrey
87713081,87713073,5.0,Verrey,Blaisy-Bas
87713081,87713099,3.944,Verrey,Thenissey
87713099,87713081,3.944,Thenissey,Verrey
87713099,87713115,7.0,Thenissey,Les Laumes-Alésia
87713115,87713099,7.0,Les Laumes-Alésia,Thenissey
87713115,87713131,7.0,Les Laumes-Alésia,Montbard
87713131,87713115,7.0,Montbard,Les Laumes-Alésia
87713131,87713156,9.0,Montbard,Nuits-sous-Ravières
87713156,87713131,9.0,Nuits-sous-Ravières,Montbard
87713156,87713198,13.0,Nuits-sous-Ravières,Tonnerre
87713198,87683318,11.0,Tonnerre,St-Florentin-Vergigny
87713198,87713156,13.0,Tonnerre,Nuits-sous-Ravières
87713313,87712182,5.213,Genlis,Neuilly-lès-Dijon
87713313,87713321,2.24,Genlis,Collonges
87713321,87713313,2.24,Collonges,Genlis
87713321,87713339,3.55,Collonges,Villers-les-Pots
87713339,87713321,3.55,Villers-les-Pots,Collonges
87713339,87713347,1.453,Villers-les-Pots,Auxonne
87713347,87713339,1.453,Auxonne,Villers-les-Pots
87713347,87713412,7.0,Auxonne,Dole
87713412,87713347,7.0,Dole,Auxonne
87713412,87718866,7.852,Dole,Montbarrey
87713503,87713040,6.085,Gevrey-Chambertin,Dijon-Ville
87713503,87713511,3.346,Gevrey-Chambertin,Vougeot-Gilly-lès-Cîteaux
87713511,87713503,3.346,Vougeot-Gilly-lès-Cîteaux,Gevrey-Chambertin
87713511,87713529,2.809,Vougeot-Gilly-lès-Cîteaux,Nuits-St-Georges
87713529,87713511,2.809,Nuits-St-Georges,Vougeot-Gilly-lès-Cîteaux
87713529,87713537,3.244,Nuits-St-Georges,Corgoloin
87713537,87713529,3.244,Corgoloin,Nuits-St-Georges
87713537,87713545,4.683,Corgoloin,Beaune
87713545,87713537,4.683,Beaune,Corgoloin
87713545,87713560,3.939,Beaune,Meursault
87713560,87713545,3.939,Meursault,Beaune
87713560,87713578,4.256,Meursault,Chagny
87713578,87712026,1.705,Chagny,Rully
87713578,87713560,4.0,Chagny,Meursault
87713578,87713594,2.172,Chagny,Santenay-les-Bains
87713586,87712026,1.864,Fontaines-Mercurey,Rully
87713586,87725002,5.0,Fontaines-Mercurey,Chalon-sur-Saône
87713594,87694398,1.573,Santenay-les-Bains,Cheilly-lès-Maranges
87713594,87713578,2.172,Santenay-les-Bains,Chagny
87713628,87712604,2.326,Saulon,Ouges
87713628,87712620,2.219,Saulon,Longecourt
87713636,87712620,1.713,Aiserey,Longecourt
87713636,87713644,3.252,Aiserey,Brazey-en-Plaine
87713644,87713636,3.252,Brazey-en-Plaine,Aiserey
87713644,87713651,2.336,Brazey-en-Plaine,St-Jean-de-Losne
87713651,87712679,1.0,St-Jean-de-Losne,Chaugey
87713651,87713644,2.336,St-Jean-de-Losne,Brazey-en-Plaine
87713669,87712679,3.447,Pagny,Chaugey
87713669,87713677,3.71,Pagny,Seurre
87713677,87713669,3.71,Seurre,Pagny
87713677,87713701,12.0,Seurre,Mervans
87713701,87713677,12.0,Mervans,Seurre
87713701,87713735,10.648,Mervans,Louhans
87713735,87713701,10.648,Louhans,Mervans
87713826,87712265,1.735,Ruffey,Bretigny-Norges
87713826,87713008,3.183,Ruffey,Dijon-Porte-Neuve
87713834,87712265,1.26,St-Julien-Clénay,Bretigny-Norges
87713834,87713842,4.741,St-Julien-Clénay,Gemeaux
87713842,87713834,4.741,Gemeaux,St-Julien-Clénay
87713842,87713859,2.647,Gemeaux,Is-sur-Tille
87713859,87713842,2.647,Is-sur-Tille,Gemeaux
87715003,87715151,4.027,Pontarlier,Ste-Colombe
87715102,87715136,11.289,Andelot,Frasne
87715102,87715326,7.485,Andelot,Champagnole
87715102,87718833,13.179,Andelot,Mouchard
87715136,87715102,11.289,Frasne,Andelot
87715136,87715219,7.428,Frasne,Labergement-Ste-Marie
87715144,87715151,2.423,La Rivière,Ste-Colombe
87715151,87715003,4.027,Ste-Colombe,Pontarlier
87715151,87715144,2.423,Ste-Colombe,La Rivière
87715219,87715136,7.428,Labergement-Ste-Marie,Frasne
87715219,87715227,1.857,Labergement-Ste-Marie,Les Longevilles-Rochejean
87715227,87715219,1.857,Les Longevilles-Rochejean,Labergement-Ste-Marie
87715326,87352047,1.0,Champagnole,Paul-Émile-Victor
87715326,87715102,7.485,Champagnole,Andelot
87715383,87352047,6.114,La Chaux-des-Crotenay,Paul-Émile-Victor
87715383,87715417,5.595,La Chaux-des-Crotenay,St-Laurent (Jura)
87715417,87715383,5.595,St-Laurent (Jura),La Chaux-des-Crotenay
87715417,87715433,4.217,St-Laurent (Jura),Morbier
87715433,87715417,4.217,Morbier,St-Laurent (Jura)
87715433,87715441,2.816,Morbier,Morez
87715441,87715433,2.816,Morez,Morbier
87715441,87743633,13.089,Morez,St-Claude
87718007,87718015,20.934,Besançon-Viotte,Besançon-Mouillère
87718007,87718304,3.759,Besançon-Viotte,Franois
87718007,87718403,4.803,Besançon-Viotte,Roche-lez-Beaupré
87718015,87391300,2.208,Besançon-Mouillère,Morre
87718015,87718007,20.934,Besançon-Mouillère,Besançon-Viotte
87718106,87718114,1.64,Montferrand-Thoraise,Torpes-Boussières
87718114,87718106,1.64,Torpes-Boussières,Montferrand-Thoraise
87718114,87718122,3.483,Torpes-Boussières,Byans
87718122,87718114,3.483,Byans,Torpes-Boussières
87718122,87718130,4.042,Byans,Liesle
87718130,87718122,4.042,Liesle,Byans
87718130,87718841,2.671,Liesle,Arc-et-Senans
87718155,87718189,6.535,Arbois,Poligny
87718155,87718833,4.815,Arbois,Mouchard
87718189,87718155,6.535,Poligny,Arbois
87718189,87718197,3.351,Poligny,St-Lothain
87718197,87718189,3.351,St-Lothain,Poligny
87718197,87718213,5.05,St-Lothain,Domblans-Voiteur
87718213,87718197,5.05,Domblans-Voiteur,St-Lothain
87718213,87718239,7.191,Domblans-Voiteur,Lons-le-Saunier
87718239,87718213,7.191,Lons-le-Saunier,Domblans-Voiteur
87718239,87718270,11.768,Lons-le-Saunier,Cousance
87718270,87718239,11.768,Cousance,Lons-le-Saunier
87718270,87718296,6.893,Cousance,St-Amour
87718296,87718270,6.893,St-Amour,Cousance
87718296,87743005,16.0,St-Amour,Bourg-en-Bresse
87718304,87718007,3.759,Franois,Besançon-Viotte
87718304,87718312,2.995,Franois,Dannemarie-Velesmes
87718312,87718304,2.995,Dannemarie-Velesmes,Franois
87718312,87718320,2.948,Dannemarie-Velesmes,St-Vit
87718320,87718312,2.948,St-Vit,Dannemarie-Velesmes
87718320,87718338,3.979,St-Vit,Ranchot
87718338,87718320,3.979,Ranchot,St-Vit
87718338,87718361,2.734,Ranchot,Orchamps
87718361,87718338,2.734,Orchamps,Ranchot
87718403,87718007,4.803,Roche-lez-Beaupré,Besançon-Viotte
87718403,87718411,1.028,Roche-lez-Beaupré,Novillars
87718411,87718403,1.028,Novillars,Roche-lez-Beaupré
87718411,87718429,2.868,Novillars,Deluz
87718429,87718411,2.868,Deluz,Novillars
87718429,87718437,1.966,Deluz,Laissey
87718437,87718429,1.966,Laissey,Deluz
87718437,87718460,6.867,Laissey,Baume-les-Dames
87718460,87184622,8.503,Baume-les-Dames,Clerval
87718460,87718437,6.867,Baume-les-Dames,Laissey
87718502,87391300,1.737,Saône,Morre
87718502,87718510,2.709,Saône,Mamirolle
87718510,87718502,2.709,Mamirolle,Saône
87718510,87718528,3.583,Mamirolle,L'Hôpital-du-Grosbois
87718528,87718510,3.583,L'Hôpital-du-Grosbois,Mamirolle
87718528,87718536,2.576,L'Hôpital-du-Grosbois,Étalans
87718536,87718528,2.576,Étalans,L'Hôpital-du-Grosbois
87718536,87718601,1.88,Étalans,Le Valdahon Camp Militaire
87718544,87718551,4.34,Le Valdahon,Avoudrey
87718544,87718601,1.202,Le Valdahon,Le Valdahon Camp Militaire
87718551,87718544,4.34,Avoudrey,Le Valdahon
87718551,87718577,7.824,Avoudrey,Gilley
87718577,87718551,7.824,Gilley,Avoudrey
87718577,87718619,6.376,Gilley,Morteau
87718601,87718536,1.88,Le Valdahon Camp Militaire,Étalans
87718601,87718544,1.202,Le Valdahon Camp Militaire,Le Valdahon
87718619,87718577,6.376,Morteau,Gilley
87718833,87715102,13.179,Mouchard,Andelot
87718833,87718155,4.815,Mouchard,Arbois
87718833,87718841,3.501,Mouchard,Arc-et-Senans
87718841,87718130,2.671,Arc-et-Senans,Liesle
87718841,87718833,3.501,Arc-et-Senans,Mouchard
87718841,87718866,5.969,Arc-et-Senans,Montbarrey
87718866,87713412,7.852,Montbarrey,Dole
87718866,87718841,5.969,Montbarrey,Arc-et-Senans
87721001,87721159,35.529,Lyon-Vaise,Lyon-St-Paul
87721001,87721175,24.956,Lyon-Vaise,Lyon-Gorge-de-Loup
87721001,87721225,3.763,Lyon-Vaise,Collonges-Fontaines
87721001,87722025,2.468,Lyon-Vaise,Lyon-Perrache
87721035,87721043,3.013,Amplepuis,St-Victor-Thizy
87721035,87721472,7.589,Amplepuis,Tarare
87721043,87721035,3.013,St-Victor-Thizy,Amplepuis
87721043,87721050,3.319,St-Victor-Thizy,Régny
87721050,87721043,3.319,Régny,St-Victor-Thizy
87721159,87282624,41.97,Lyon-St-Paul,Lyon-Jean-Macé
87721159,87721001,35.529,Lyon-St-Paul,Lyon-Vaise
87721159,87721175,1.0,Lyon-St-Paul,Lyon-Gorge-de-Loup
87721159,87722025,32.344,Lyon-St-Paul,Lyon-Perrache
87721159,87723197,41.827,Lyon-St-Paul,Lyon-Part-Dieu
87721175,87282624,55.937,Lyon-Gorge-de-Loup,Lyon-Jean-Macé
87721175,87721001,24.956,Lyon-Gorge-de-Loup,Lyon-Vaise
87721175,87721159,1.0,Lyon-Gorge-de-Loup,Lyon-St-Paul
87721175,87721506,1.159,Lyon-Gorge-de-Loup,Écully-la-Demi-Lune
87721175,87722025,40.319,Lyon-Gorge-de-Loup,Lyon-Perrache
87721225,87721001,3.763,Collonges-Fontaines,Lyon-Vaise
87721225,87721241,1.579,Collonges-Fontaines,Couzon-au-Mont-d'Or
87721241,87721225,1.579,Couzon-au-Mont-d'Or,Collonges-Fontaines
87721241,87721266,1.613,Couzon-au-Mont-d'Or,Albigny-Neuville
87721266,87721241,1.613,Albigny-Neuville,Couzon-au-Mont-d'Or
87721266,87721282,1.522,Albigny-Neuville,St-Germain-au-Mont-d'Or
87721282,87721266,1.522,St-Germain-au-Mont-d'Or,Albigny-Neuville
87721282,87721290,1.581,St-Germain-au-Mont-d'Or,Quincieux
87721290,87721282,1.581,Quincieux,St-Germain-au-Mont-d'Or
87721290,87721324,3.172,Quincieux,Anse
87721324,87721290,3.172,Anse,Quincieux
87721324,87721332,2.8,Anse,Villefranche-sur-Saône
87721332,87721324,2.8,Villefranche-sur-Saône,Anse
87721332,87721340,4.0,Villefranche-sur-Saône,St-Georges-de-Reneins
87721340,87721332,4.777,St-Georges-de-Reneins,Villefranche-sur-Saône
87721340,87721357,3.0,St-Georges-de-Reneins,Belleville-sur-Saône
87721357,87721340,3.0,Belleville-sur-Saône,St-Georges-de-Reneins
87721357,87725739,3.938,Belleville-sur-Saône,Romanèche-Thorins
87721415,87721423,2.286,Chazay-Marcilly,Lozanne
87721423,87721415,2.286,Lozanne,Chazay-Marcilly
87721423,87721431,3.328,Lozanne,L'Arbresle
87721423,87721746,2.164,Lozanne,Civrieux-d'Azergues
87721423,87721753,2.079,Lozanne,Châtillon-d'Azergues
87721431,87721423,3.328,L'Arbresle,Lozanne
87721431,87721456,3.926,L'Arbresle,St-Romain-de-Popey
87721431,87721563,2.17,L'Arbresle,Fleurieux-sur-l'Arbresle
87721431,87721605,1.541,L'Arbresle,Sain-Bel
87721449,87721480,1.159,Dardilly-le-Jubin,Dardilly-les-Mouilles
87721449,87721738,2.153,Dardilly-le-Jubin,Dommartin-Lissieu
87721456,87721431,3.926,St-Romain-de-Popey,L'Arbresle
87721456,87721464,2.373,St-Romain-de-Popey,Pontcharra-St-Forgeux
87721464,87721456,2.373,Pontcharra-St-Forgeux,St-Romain-de-Popey
87721464,87721472,2.666,Pontcharra-St-Forgeux,Tarare
87721472,87721035,7.589,Tarare,Amplepuis
87721472,87721464,2.666,Tarare,Pontcharra-St-Forgeux
87721480,87721449,1.159,Dardilly-les-Mouilles,Dardilly-le-Jubin
87721480,87721704,1.259,Dardilly-les-Mouilles,Les Flachères
87721506,87721175,1.159,Écully-la-Demi-Lune,Lyon-Gorge-de-Loup
87721506,87721514,1.0,Écully-la-Demi-Lune,Tassin
87721506,87722744,26.961,Écully-la-Demi-Lune,Alaï
87721514,87721506,1.0,Tassin,Écully-la-Demi-Lune
87721514,87721522,1.0,Tassin,Le Méridien
87721514,87721704,1.149,Tassin,Les Flachères
87721514,87722744,1.036,Tassin,Alaï
87721522,87721514,1.0,Le Méridien,Tassin
87721522,87721530,1.0,Le Méridien,Charbonnières-les-Bains
87721522,87721704,18.781,Le Méridien,Les Flachères
87721530,87208553,1.0,Charbonnières-les-Bains,Casino-Lacroix-Laval
87721530,87721522,1.0,Charbonnières-les-Bains,Le Méridien
87721530,87721704,25.405,Charbonnières-les-Bains,Les Flachères
87721548,87208553,1.0,La Tour-de-Salvagny,Casino-Lacroix-Laval
87721548,87566919,1.851,La Tour-de-Salvagny,Lentilly-Charpenay
87721555,87566919,1.0,Lentilly,Lentilly-Charpenay
87721555,87721563,1.491,Lentilly,Fleurieux-sur-l'Arbresle
87721563,87721431,2.17,Fleurieux-sur-l'Arbresle,L'Arbresle
87721563,87721555,1.491,Fleurieux-sur-l'Arbresle,Lentilly
87721605,87721431,1.541,Sain-Bel,L'Arbresle
87721605,87726885,20.559,Sain-Bel,Montrond-les-Bains
87721704,87721480,1.259,Les Flachères,Dardilly-les-Mouilles
87721704,87721514,1.149,Les Flachères,Tassin
87721704,87721522,18.781,Les Flachères,Le Méridien
87721704,87721530,25.405,Les Flachères,Charbonnières-les-Bains
87721738,87721449,2.153,Dommartin-Lissieu,Dardilly-le-Jubin
87721738,87721746,2.162,Dommartin-Lissieu,Civrieux-d'Azergues
87721746,87721423,2.164,Civrieux-d'Azergues,Lozanne
87721746,87721738,2.162,Civrieux-d'Azergues,Dommartin-Lissieu
87721753,87721423,2.079,Châtillon-d'Azergues,Lozanne
87721753,87721761,1.162,Châtillon-d'Azergues,Chessy
87721761,87721753,1.162,Chessy,Châtillon-d'Azergues
87721761,87721787,2.479,Chessy,Bois-d'Oingt-Légny
87721787,87721761,2.479,Bois-d'Oingt-Légny,Chessy
87721787,87721829,5.704,Bois-d'Oingt-Légny,Chamelet
87721829,87721787,5.704,Chamelet,Bois-d'Oingt-Légny
87721829,87721860,5.169,Chamelet,Lamure-sur-Azergues
87721860,87694778,14.349,Lamure-sur-Azergues,Chauffailles
87721860,87721829,5.169,Lamure-sur-Azergues,Chamelet
87722025,87282624,1.0,Lyon-Perrache,Lyon-Jean-Macé
87722025,87721001,2.468,Lyon-Perrache,Lyon-Vaise
87722025,87721159,32.344,Lyon-Perrache,Lyon-St-Paul
87722025,87721175,40.319,Lyon-Perrache,Lyon-Gorge-de-Loup
87722025,87722207,2.048,Lyon-Perrache,Oullins
87722025,87723197,44.249,Lyon-Perrache,Lyon-Part-Dieu
87722207,87722025,2.048,Oullins,Lyon-Perrache
87722207,87722231,1.0,Oullins,Pierre-Bénite
87722231,87722207,1.0,Pierre-Bénite,Oullins
87722231,87722249,1.2,Pierre-Bénite,Irigny-Yvours
87722249,87722231,1.2,Irigny-Yvours,Pierre-Bénite
87722249,87722264,2.882,Irigny-Yvours,Vernaison
87722264,87722249,2.882,Vernaison,Irigny-Yvours
87722264,87722298,2.402,Vernaison,Le Sablon
87722298,87722264,2.402,Le Sablon,Vernaison
87722298,87722439,1.298,Le Sablon,Givors-Canal
87722405,87722439,1.0,Givors,Givors-Canal
87722405,87726331,8.021,Givors,Rive-de-Gier
87722439,87722298,1.298,Givors-Canal,Le Sablon
87722439,87722405,1.0,Givors-Canal,Givors
87722439,87722728,5.097,Givors-Canal,Brignais
87722538,87722546,2.804,Feyzin,Sérézin
87722538,87728501,2.487,Feyzin,St-Fons
87722546,87722538,2.804,Sérézin,Feyzin
87722546,87722561,3.046,Sérézin,Chasse-sur-Rhône
87722561,87722546,3.046,Chasse-sur-Rhône,Sérézin
87722561,87722579,4.377,Chasse-sur-Rhône,Estressin
87722579,87722561,4.377,Estressin,Chasse-sur-Rhône
87722579,87722587,1.3,Estressin,Vienne
87722587,87722579,1.3,Vienne,Estressin
87722587,87722652,6.0,Vienne,St-Clair-les-Roches
87722652,87722587,6.0,St-Clair-les-Roches,Vienne
87722652,87722678,5.0,St-Clair-les-Roches,Le Péage-de-Roussillon
87722678,87722652,5.0,Le Péage-de-Roussillon,St-Clair-les-Roches
87722678,87761106,4.531,Le Péage-de-Roussillon,St-Rambert-d'Albon
87722702,87722710,2.078,Francheville,Chaponost
87722702,87722744,1.421,Francheville,Alaï
87722710,87722702,2.078,Chaponost,Francheville
87722710,87722728,1.64,Chaponost,Brignais
87722728,87722439,5.097,Brignais,Givors-Canal
87722728,87722710,1.64,Brignais,Chaponost
87722744,87721506,26.961,Alaï,Écully-la-Demi-Lune
87722744,87721514,1.036,Alaï,Tassin
87722744,87722702,1.421,Alaï,Francheville
87723197,87282624,34.477,Lyon-Part-Dieu,Lyon-Jean-Macé
87723197,87721159,41.827,Lyon-Part-Dieu,Lyon-St-Paul
87723197,87722025,44.249,Lyon-Part-Dieu,Lyon-Perrache
87723320,87723353,2.264,Vénissieux,St-Priest
87723353,87723320,2.264,St-Priest,Vénissieux
87723353,87723387,7.804,St-Priest,St-Quentin-Fallavier
87723387,87723353,7.0,St-Quentin-Fallavier,St-Priest
87723387,87723395,2.324,St-Quentin-Fallavier,La Verpillière
87723395,87723387,2.324,La Verpillière,St-Quentin-Fallavier
87723395,87761239,3.204,La Verpillière,L'Isle-d'Abeau
87723429,87723452,4.884,Bourgoin-Jallieu,Cessieu
87723429,87761239,2.916,Bourgoin-Jallieu,L'Isle-d'Abeau
87723452,87723429,4.884,Cessieu,Bourgoin-Jallieu
87723452,87723478,3.314,Cessieu,La Tour-du-Pin
87723478,87723452,3.314,La Tour-du-Pin,Cessieu
87723478,87723494,3.67,La Tour-du-Pin,St-André-le-Gaz
87723494,87723478,3.67,St-André-le-Gaz,La Tour-du-Pin
87723494,87747204,4.406,St-André-le-Gaz,Virieu-sur-Bourbre
87723502,87723528,2.917,Crépieux-la-Pape,Miribel
87723502,87723700,34.685,Crépieux-la-Pape,Sathonay-Rillieux
87723528,87723502,2.917,Miribel,Crépieux-la-Pape
87723528,87723536,1.028,Miribel,St-Maurice-de-Beynost
87723536,87723528,1.028,St-Maurice-de-Beynost,Miribel
87723536,87723544,1.345,St-Maurice-de-Beynost,Beynost
87723544,87723536,1.345,Beynost,St-Maurice-de-Beynost
87723544,87723569,2.307,Beynost,Montluel
87723569,87723544,2.307,Montluel,Beynost
87723569,87723577,2.874,Montluel,La Valbonne
87723577,87723569,2.874,La Valbonne,Montluel
87723577,87723585,4.325,La Valbonne,Meximieux-Pérouges
87723585,87723577,4.325,Meximieux-Pérouges,La Valbonne
87723585,87743716,7.124,Meximieux-Pérouges,Ambérieu
87723700,87723502,34.685,Sathonay-Rillieux,Crépieux-la-Pape
87723700,87723718,3.924,Sathonay-Rillieux,Les Échets
87723718,87723700,3.924,Les Échets,Sathonay-Rillieux
87723718,87723726,1.481,Les Échets,Mionnay
87723726,87723718,1.481,Mionnay,Les Échets
87723726,87723734,2.182,Mionnay,St-André-de-Corcy
87723734,87723726,2.182,St-André-de-Corcy,Mionnay
87723734,87723742,1.94,St-André-de-Corcy,St-Marcel-en-Dombes
87723742,87723734,1.94,St-Marcel-en-Dombes,St-André-de-Corcy
87723742,87723759,3.897,St-Marcel-en-Dombes,Villars-les-Dombes
87723759,87723742,3.897,Villars-les-Dombes,St-Marcel-en-Dombes
87723759,87723767,4.155,Villars-les-Dombes,Marlieux-Châtillon
87723767,87723759,4.155,Marlieux-Châtillon,Villars-les-Dombes
87723767,87723783,3.226,Marlieux-Châtillon,St-Paul-de-Varax
87723783,87723767,3.226,St-Paul-de-Varax,Marlieux-Châtillon
87723783,87723791,2.547,St-Paul-de-Varax,Servas-Lent
87723791,87723783,2.547,Servas-Lent,St-Paul-de-Varax
87725002,87713586,5.0,Chalon-sur-Saône,Fontaines-Mercurey
87725002,87725614,8.0,Chalon-sur-Saône,Sennecey-le-Grand
87725457,87393611,1.0,Champlan,Longjumeau
87725457,87725465,1.0,Champlan,Massy Europe
87725465,87383281,21.959,Massy Europe,Massy-Verrières
87725465,87393579,1.071,Massy Europe,Massy-Palaiseau
87725465,87725457,1.0,Massy Europe,Champlan
87725473,87595504,1.975,Boulazac,Périgueux-St-Georges
87725473,87595512,2.559,Boulazac,Niversac
87725614,87725002,8.942,Sennecey-le-Grand,Chalon-sur-Saône
87725614,87725622,5.0,Sennecey-le-Grand,Tournus
87725622,87725614,5.0,Tournus,Sennecey-le-Grand
87725622,87725663,7.0,Tournus,Fleurville-Pont-de-Vaux
87725663,87725622,7.0,Fleurville-Pont-de-Vaux,Tournus
87725663,87725671,3.784,Fleurville-Pont-de-Vaux,Senozan
87725671,87725663,3.784,Senozan,Fleurville-Pont-de-Vaux
87725671,87725689,5.761,Senozan,Mâcon-Ville
87725689,87725671,5.761,Mâcon-Ville,Senozan
87725689,87725713,3.873,Mâcon-Ville,Crêches-sur-Saône
87725705,87694109,19.0,Mâcon-Loché-TGV,Le Creusot-Montceau-Montchanin
87725705,87762906,41.312,Mâcon-Loché-TGV,Lyon-St-Exupéry-TGV
87725713,87725689,3.873,Crêches-sur-Saône,Mâcon-Ville
87725713,87725721,2.115,Crêches-sur-Saône,Pontanevaux
87725721,87725713,2.115,Pontanevaux,Crêches-sur-Saône
87725721,87725739,2.577,Pontanevaux,Romanèche-Thorins
87725739,87721357,3.938,Romanèche-Thorins,Belleville-sur-Saône
87725739,87725721,2.577,Romanèche-Thorins,Pontanevaux
87725804,87725820,5.002,Pont-de-Veyle,Vonnas
87725820,87725804,5.0,Vonnas,Pont-de-Veyle
87725820,87725838,2.469,Vonnas,Mézériat
87725838,87725820,2.469,Mézériat,Vonnas
87725838,87725846,3.314,Mézériat,Polliat
87725846,87725838,3.314,Polliat,Mézériat
87725846,87743005,5.161,Polliat,Bourg-en-Bresse
87725895,87747402,3.694,Échirolles,Grenoble Universités-Gières
87726000,87726158,1.595,St-Étienne-Châteaucreux,St-Étienne-La Terrasse
87726000,87726174,27.246,St-Étienne-Châteaucreux,St-Étienne-Le Clapier
87726000,87726190,46.201,St-Étienne-Châteaucreux,St-Étienne-Bellevue
87726000,87726307,6.177,St-Étienne-Châteaucreux,St-Chamond
87726000,87726901,18.035,St-Étienne-Châteaucreux,St-Étienne-Carnot
87726109,87382473,14.959,L'Étang-les Sablons,L'Étang-la-Ville
87726109,87382481,1.0,L'Étang-les Sablons,St-Nom-la-Bretêche-Forêt-de-Marly
87726109,87733071,23.788,L'Étang-les Sablons,St-Nom-la-Bretêche-Forêt-de-Marly TT
87726109,87733667,1.0,L'Étang-les Sablons,Mareil-Marly TT
87726158,87726000,1.595,St-Étienne-La Terrasse,St-Étienne-Châteaucreux
87726158,87726174,48.082,St-Étienne-La Terrasse,St-Étienne-Le Clapier
87726158,87726232,3.553,St-Étienne-La Terrasse,La Fouillouse
87726158,87726901,34.162,St-Étienne-La Terrasse,St-Étienne-Carnot
87726174,87726000,27.246,St-Étienne-Le Clapier,St-Étienne-Châteaucreux
87726174,87726158,48.082,St-Étienne-Le Clapier,St-Étienne-La Terrasse
87726174,87726190,1.407,St-Étienne-Le Clapier,St-Étienne-Bellevue
87726174,87726901,1.0,St-Étienne-Le Clapier,St-Étienne-Carnot
87726190,87726000,46.201,St-Étienne-Bellevue,St-Étienne-Châteaucreux
87726190,87726174,1.407,St-Étienne-Bellevue,St-Étienne-Le Clapier
87726190,87726703,1.86,St-Étienne-Bellevue,La Ricamarie
87726190,87726901,50.213,St-Étienne-Bellevue,St-Étienne-Carnot
87726208,87726216,2.777,Veauche-St-Galmier,Bouthéon
87726208,87726885,5.249,Veauche-St-Galmier,Montrond-les-Bains
87726216,87726208,2.777,Bouthéon,Veauche-St-Galmier
87726216,87726232,2.95,Bouthéon,La Fouillouse
87726216,87726406,31.38,Bouthéon,Andrézieux
87726232,87726158,3.553,La Fouillouse,St-Étienne-La Terrasse
87726232,87726216,2.95,La Fouillouse,Bouthéon
87726307,87726000,6.177,St-Chamond,St-Étienne-Châteaucreux
87726307,87726331,5.252,St-Chamond,Rive-de-Gier
87726331,87722405,8.021,Rive-de-Gier,Givors
87726331,87726307,5.252,Rive-de-Gier,St-Chamond
87726406,87726216,31.38,Andrézieux,Bouthéon
87726406,87726414,1.661,Andrézieux,Bonson
87726414,87726406,1.661,Bonson,Andrézieux
87726414,87726422,1.539,Bonson,Sury-le-Comtal
87726422,87726414,1.539,Sury-le-Comtal,Bonson
87726422,87726430,3.045,Sury-le-Comtal,St-Romain-le-Puy
87726430,87726422,3.045,St-Romain-le-Puy,Sury-le-Comtal
87726430,87726448,3.56,St-Romain-le-Puy,Montbrison
87726448,87726430,3.56,Montbrison,St-Romain-le-Puy
87726448,87726471,9.572,Montbrison,Boën
87726471,87726448,9.572,Boën,Montbrison
87726471,87734509,14.2,Boën,Noirétable
87726703,87726190,1.86,La Ricamarie,St-Étienne-Bellevue
87726703,87726711,1.665,La Ricamarie,Le Chambon-Feugerolles
87726711,87726703,1.665,Le Chambon-Feugerolles,La Ricamarie
87726711,87726729,1.561,Le Chambon-Feugerolles,Firminy
87726729,87726711,1.561,Firminy,Le Chambon-Feugerolles
87726729,87726737,1.324,Firminy,Fraisses-Unieux
87726737,87726729,1.324,Fraisses-Unieux,Firminy
87726737,87726760,4.119,Fraisses-Unieux,Aurec
87726760,87726737,4.119,Aurec,Fraisses-Unieux
87726760,87726778,5.998,Aurec,Bas-Monistrol
87726778,87726760,5.998,Bas-Monistrol,Aurec
87726778,87726786,2.665,Bas-Monistrol,Pont-de-Lignon
87726786,87726778,2.665,Pont-de-Lignon,Bas-Monistrol
87726786,87734749,6.832,Pont-de-Lignon,Retournac
87726802,87726828,1.443,Roanne,Le Coteau
87726802,87732206,36.015,Roanne,St-Germain-des-Fossés
87726828,87726802,1.443,Le Coteau,Roanne
87726828,87726851,10.162,Le Coteau,St-Jodard
87726851,87726828,10.162,St-Jodard,Le Coteau
87726851,87726869,5.656,St-Jodard,Balbigny
87726869,87726851,5.656,Balbigny,St-Jodard
87726869,87726877,5.049,Balbigny,Feurs
87726877,87726869,5.049,Feurs,Balbigny
87726877,87726885,6.115,Feurs,Montrond-les-Bains
87726885,87721605,20.559,Montrond-les-Bains,Sain-Bel
87726885,87726208,5.249,Montrond-les-Bains,Veauche-St-Galmier
87726885,87726877,6.115,Montrond-les-Bains,Feurs
87726901,87726000,18.035,St-Étienne-Carnot,St-Étienne-Châteaucreux
87726901,87726158,34.162,St-Étienne-Carnot,St-Étienne-La Terrasse
87726901,87726174,1.0,St-Étienne-Carnot,St-Étienne-Le Clapier
87726901,87726190,50.213,St-Étienne-Carnot,St-Étienne-Bellevue
87728501,87282624,2.435,St-Fons,Lyon-Jean-Macé
87728501,87722538,2.487,St-Fons,Feyzin
87731430,87382218,6.08,La Défense CNIT,La Défense
87731430,87382382,20.6,La Défense CNIT,Puteaux
87731430,87386011,1.0,La Défense CNIT,Nanterre La Folie
87731430,87731448,2.13,La Défense CNIT,Porte Maillot
87731448,87111278,44.307,Porte Maillot,Porte-de-Clichy
87731448,87281899,1.864,Porte Maillot,Haussmann-St-Lazare
87731448,87381012,23.368,Porte Maillot,Péreire-Levallois
87731448,87381020,6.54,Porte Maillot,Neuilly-Porte-Maillot
87731448,87381038,17.615,Porte Maillot,Avenue-Foch
87731448,87381046,27.745,Porte Maillot,Avenue-Henri-Martin
87731448,87381111,38.143,Porte Maillot,Pont-Cardinet
87731448,87384008,47.546,Porte Maillot,Paris-St-Lazare
87731448,87393033,42.343,Porte Maillot,Invalides
87731448,87393041,33.807,Porte Maillot,Pont-de-l'Alma
87731448,87393058,37.573,Porte Maillot,Champ-de-Mars-Tour-Eiffel
87731448,87393066,52.451,Porte Maillot,Javel
87731448,87543181,37.817,Porte Maillot,Boulainvilliers
87731448,87543207,42.104,Porte Maillot,Avenue-du-Président-Kennedy-Radio-France
87731448,87731430,2.13,Porte Maillot,La Défense CNIT
87731828,87734673,6.679,Lachaud-Curmilhac,Darsac
87731885,87734335,5.351,Alleyras,Monistrol-d'Allier
87731885,87734343,7.381,Alleyras,Chapeauroux
87732008,87734673,81.608,Vichy,Darsac
87732206,87696351,7.0,St-Germain-des-Fossés,Varennes-sur-Allier
87732206,87726802,36.0,St-Germain-des-Fossés,Roanne
87732404,87734129,5.846,Gannat,Aigueperse
87733071,87382473,1.301,St-Nom-la-Bretêche-Forêt-de-Marly TT,L'Étang-la-Ville
87733071,87382481,1.0,St-Nom-la-Bretêche-Forêt-de-Marly TT,St-Nom-la-Bretêche-Forêt-de-Marly
87733071,87726109,23.788,St-Nom-la-Bretêche-Forêt-de-Marly TT,L'Étang-les Sablons
87733659,87382481,1.805,Noisy-le-Roi TT,St-Nom-la-Bretêche-Forêt-de-Marly
87733659,87710780,1.0,Noisy-le-Roi TT,Bailly
87733667,87726109,1.0,Mareil-Marly TT,L'Étang-les Sablons
87733667,87733675,1.0,Mareil-Marly TT,Fourqueux-Bel Air
87733675,87733667,1.0,Fourqueux-Bel Air,Mareil-Marly TT
87733675,87733683,1.0,Fourqueux-Bel Air,Lisière Pereire
87733683,87386417,7.771,Lisière Pereire,Sartrouville
87733683,87733675,1.0,Lisière Pereire,Fourqueux-Bel Air
87734004,87396895,23.661,Clermont-Ferrand,Clermont-La Rotonde
87734004,87734046,3.887,Clermont-Ferrand,Gerzat
87734004,87782607,1.97,Clermont-Ferrand,Clermont-La Pardieu
87734038,87396895,2.066,Royat-Chamalières,Clermont-La Rotonde
87734038,87641449,1.985,Royat-Chamalières,Durtol-Nohanent
87734046,87734004,3.887,Gerzat,Clermont-Ferrand
87734046,87734053,3.584,Gerzat,Riom-Châtel-Guyon
87734053,87734046,3.584,Riom-Châtel-Guyon,Gerzat
87734053,87734103,3.601,Riom-Châtel-Guyon,Pontmort
87734087,87562421,3.268,Pont-du-Château,Aulnat-Aéroport
87734087,87734426,2.163,Pont-du-Château,Vertaizon
87734103,87734053,3.601,Pontmort,Riom-Châtel-Guyon
87734103,87734111,2.747,Pontmort,Aubiat
87734111,87734103,2.747,Aubiat,Pontmort
87734111,87734129,2.627,Aubiat,Aigueperse
87734129,87732404,5.846,Aigueperse,Gannat
87734129,87734111,2.627,Aigueperse,Aubiat
87734152,87734160,1.271,Sarliève-Cournon,Le Cendre-Orcet
87734152,87782607,2.314,Sarliève-Cournon,Clermont-La Pardieu
87734160,87734152,1.271,Le Cendre-Orcet,Sarliève-Cournon
87734160,87734178,2.558,Le Cendre-Orcet,Les Martres-de-Veyre
87734178,87734160,2.558,Les Martres-de-Veyre,Le Cendre-Orcet
87734178,87734186,1.677,Les Martres-de-Veyre,Vic-le-Comte
87734186,87734178,1.677,Vic-le-Comte,Les Martres-de-Veyre
87734186,87734194,3.763,Vic-le-Comte,Parent-Coudes-Champeix
87734194,87734186,3.763,Parent-Coudes-Champeix,Vic-le-Comte
87734194,87734202,5.633,Parent-Coudes-Champeix,Issoire
87734202,87734194,5.633,Issoire,Parent-Coudes-Champeix
87734202,87734228,4.736,Issoire,Le Breuil-sur-Couze
87734228,87734202,4.736,Le Breuil-sur-Couze,Issoire
87734228,87734244,5.331,Le Breuil-sur-Couze,Brassac-les-Mines-Ste-Florine
87734244,87734228,5.331,Brassac-les-Mines-Ste-Florine,Le Breuil-sur-Couze
87734244,87734251,3.196,Brassac-les-Mines-Ste-Florine,Arvant
87734251,87734244,3.196,Arvant,Brassac-les-Mines-Ste-Florine
87734251,87734269,5.645,Arvant,Brioude
87734269,87734251,5.645,Brioude,Arvant
87734269,87734293,8.0,Brioude,Paulhaguet
87734293,87734269,9.769,Paulhaguet,Brioude
87734293,87734301,3.247,Paulhaguet,St-Georges-d'Aurac
87734301,87734293,3.247,St-Georges-d'Aurac,Paulhaguet
87734301,87734319,4.13,St-Georges-d'Aurac,Langeac
87734319,87734301,4.13,Langeac,St-Georges-d'Aurac
87734319,87734335,13.083,Langeac,Monistrol-d'Allier
87734335,87731885,5.351,Monistrol-d'Allier,Alleyras
87734335,87734319,13.083,Monistrol-d'Allier,Langeac
87734343,87731885,7.381,Chapeauroux,Alleyras
87734343,87734350,10.491,Chapeauroux,Langogne
87734350,87734343,10.491,Langogne,Chapeauroux
87734350,87734368,6.628,Langogne,Luc
87734368,87734350,6.628,Luc,Langogne
87734368,87775171,4.011,Luc,La Bastide-St-Laurent-les-Bains
87734426,87734087,2.163,Vertaizon,Pont-du-Château
87734426,87734442,4.956,Vertaizon,Lezoux
87734442,87734426,4.956,Lezoux,Vertaizon
87734442,87734459,5.423,Lezoux,Pont-de-Dore
87734459,87734442,5.423,Pont-de-Dore,Lezoux
87734459,87734475,6.421,Pont-de-Dore,Thiers
87734475,87734459,6.421,Thiers,Pont-de-Dore
87734475,87734509,12.076,Thiers,Noirétable
87734509,87726471,14.2,Noirétable,Boën
87734509,87734475,12.076,Noirétable,Thiers
87734673,87731828,6.679,Darsac,Lachaud-Curmilhac
87734673,87732008,81.608,Darsac,Vichy
87734673,87734699,11.528,Darsac,Le Puy-en-Velay
87734699,87734673,11.528,Le Puy-en-Velay,Darsac
87734699,87734707,6.479,Le Puy-en-Velay,Lavoûte-sur-Loire
87734707,87734699,6.479,Lavoûte-sur-Loire,Le Puy-en-Velay
87734707,87734715,2.062,Lavoûte-sur-Loire,St-Vincent-le-Château
87734715,87734707,2.062,St-Vincent-le-Château,Lavoûte-sur-Loire
87734715,87734723,2.667,St-Vincent-le-Château,Vorey
87734723,87734715,2.667,Vorey,St-Vincent-le-Château
87734723,87734731,4.643,Vorey,Chamalières-sur-Loire
87734731,87734723,4.643,Chamalières-sur-Loire,Vorey
87734731,87734749,2.035,Chamalières-sur-Loire,Retournac
87734749,87726786,6.832,Retournac,Pont-de-Lignon
87734749,87734731,2.035,Retournac,Chamalières-sur-Loire
87734871,87645507,13.705,Massiac,Neussargues
87738096,87581538,1.951,Le Bouscat-Ste-Germaine,Caudéran-Mérignac
87741009,87741140,5.12,Chambéry-Challes-les-Eaux,Viviers-du-Lac
87741009,87741181,7.216,Chambéry-Challes-les-Eaux,Montmélian
87741074,87741108,1.664,Culoz,Vions-Chanaz
87741074,87741504,6.287,Culoz,Virieu-le-Grand-Belley
87741074,87745828,8.0,Culoz,Seyssel-Corbonod
87741108,87741074,1.664,Vions-Chanaz,Culoz
87741108,87741116,2.143,Vions-Chanaz,Chindrieux
87741116,87741108,2.143,Chindrieux,Vions-Chanaz
87741116,87741132,8.344,Chindrieux,Aix-les-Bains-Le Revard
87741132,87741116,8.344,Aix-les-Bains-Le Revard,Chindrieux
87741132,87741140,2.544,Aix-les-Bains-Le Revard,Viviers-du-Lac
87741132,87746107,2.284,Aix-les-Bains-Le Revard,Grésy-sur-Aix
87741140,87741009,5.12,Viviers-du-Lac,Chambéry-Challes-les-Eaux
87741140,87741132,2.544,Viviers-du-Lac,Aix-les-Bains-Le Revard
87741181,87741009,7.216,Montmélian,Chambéry-Challes-les-Eaux
87741181,87741223,6.0,Montmélian,St-Pierre-d'Albigny
87741181,87747493,4.567,Montmélian,Pontcharra-sur-Breda-Allevard
87741223,87741181,6.0,St-Pierre-d'Albigny,Montmélian
87741223,87741231,2.39,St-Pierre-d'Albigny,Chamousset
87741231,87741223,2.39,Chamousset,St-Pierre-d'Albigny
87741231,87741256,4.601,Chamousset,Aiguebelle
87741256,87741231,4.601,Aiguebelle,Chamousset
87741256,87741280,5.545,Aiguebelle,Épierre-St-Léger
87741280,87741256,5.545,Épierre-St-Léger,Aiguebelle
87741280,87741306,6.937,Épierre-St-Léger,St-Avre-la-Chambre
87741306,87741280,6.937,St-Avre-la-Chambre,Épierre-St-Léger
87741306,87742320,5.458,St-Avre-la-Chambre,Saint-Jean-de-Maurienne
87741421,87741439,2.23,Aiguebelette-le-Lac,Lépin-le-Lac-La Bauche
87741439,87741421,2.23,Lépin-le-Lac-La Bauche,Aiguebelette-le-Lac
87741439,87741454,3.051,Lépin-le-Lac-La Bauche,St-Béron-La Bridoire
87741454,87741439,3.051,St-Béron-La Bridoire,Lépin-le-Lac-La Bauche
87741454,87741470,2.845,St-Béron-La Bridoire,Pont-de-Beauvoisin
87741470,87741454,2.845,Pont-de-Beauvoisin,St-Béron-La Bridoire
87741470,87741496,5.039,Pont-de-Beauvoisin,Les Abrets-Fitilieu
87741496,87741470,5.039,Les Abrets-Fitilieu,Pont-de-Beauvoisin
87741504,87741074,6.287,Virieu-le-Grand-Belley,Culoz
87741504,87743757,11.175,Virieu-le-Grand-Belley,Tenay-Hauteville
87741611,87741629,3.401,Grésy-sur-Isère,Frontenex
87741629,87741611,3.401,Frontenex,Grésy-sur-Isère
87741629,87741645,4.243,Frontenex,Albertville
87741645,87741629,4.243,Albertville,Frontenex
87741645,87741694,10.898,Albertville,Notre-Dame-de-Briançon
87741694,87741645,10.898,Notre-Dame-de-Briançon,Albertville
87741694,87741728,4.394,Notre-Dame-de-Briançon,Moûtiers-Salins-Brides-les-Bains
87741728,87741694,4.394,Moûtiers-Salins-Brides-les-Bains,Notre-Dame-de-Briançon
87741728,87741769,8.126,Moûtiers-Salins-Brides-les-Bains,Aime-La Plagne
87741769,87741728,8.126,Aime-La Plagne,Moûtiers-Salins-Brides-les-Bains
87741769,87741777,4.024,Aime-La Plagne,Landry
87741777,87741769,4.024,Landry,Aime-La Plagne
87741777,87741793,3.424,Landry,Bourg-St-Maurice
87741793,87741777,3.424,Bourg-St-Maurice,Landry
87742007,87742361,8.504,Modane,St-Michel-Valloire
87742262,87755009,2.009,Ste-Musse,Toulon
87742262,87755306,1.984,Ste-Musse,La Garde
87742320,87741306,5.458,Saint-Jean-de-Maurienne,St-Avre-la-Chambre
87742320,87742361,6.696,Saint-Jean-de-Maurienne,St-Michel-Valloire
87742361,87742007,8.504,St-Michel-Valloire,Modane
87742361,87742320,6.696,St-Michel-Valloire,Saint-Jean-de-Maurienne
87743005,87718296,16.0,Bourg-en-Bresse,St-Amour
87743005,87725846,5.0,Bourg-en-Bresse,Polliat
87743005,87743112,7.0,Bourg-en-Bresse,St-Martin-du-Mont
87743112,87743005,7.0,St-Martin-du-Mont,Bourg-en-Bresse
87743112,87743120,2.952,St-Martin-du-Mont,Pont-d'Ain
87743120,87743112,2.952,Pont-d'Ain,St-Martin-du-Mont
87743120,87743146,2.584,Pont-d'Ain,Ambronay-Priay
87743146,87743120,2.584,Ambronay-Priay,Pont-d'Ain
87743146,87743716,3.837,Ambronay-Priay,Ambérieu
87743302,87743328,4.929,Ceyzériat,Villereversure
87743328,87743302,4.929,Villereversure,Ceyzériat
87743328,87743336,1.882,Villereversure,Simandre-sur-Suran
87743336,87743328,1.882,Simandre-sur-Suran,Villereversure
87743336,87743344,1.478,Simandre-sur-Suran,Cize-Bolozon
87743344,87743336,1.478,Cize-Bolozon,Simandre-sur-Suran
87743344,87743351,4.585,Cize-Bolozon,Nurieux
87743351,87131961,1.174,Nurieux,Brion-Montral-la-Cluse
87743351,87743344,4.585,Nurieux,Cize-Bolozon
87743526,87131961,5.276,Bellignat,Brion-Montral-la-Cluse
87743526,87743534,1.585,Bellignat,Oyonnax
87743534,87743526,1.585,Oyonnax,Bellignat
87743534,87743591,10.573,Oyonnax,Molinges
87743591,87743534,10.573,Molinges,Oyonnax
87743591,87743633,6.202,Molinges,St-Claude
87743633,87715441,13.089,St-Claude,Morez
87743633,87743591,6.202,St-Claude,Molinges
87743716,87723585,7.0,Ambérieu,Meximieux-Pérouges
87743716,87743146,3.837,Ambérieu,Ambronay-Priay
87743716,87743740,6.177,Ambérieu,St-Rambert-en-Bugey
87743740,87743716,6.177,St-Rambert-en-Bugey,Ambérieu
87743740,87743757,3.574,St-Rambert-en-Bugey,Tenay-Hauteville
87743757,87741504,11.175,Tenay-Hauteville,Virieu-le-Grand-Belley
87743757,87743740,3.574,Tenay-Hauteville,St-Rambert-en-Bugey
87743872,87396002,1.484,Le Mans Hôpital Université,Le Mans
87743872,87396200,9.0,Le Mans Hôpital Université,Domfront
87745000,87131961,15.758,Bellegarde,Brion-Montral-la-Cluse
87745000,87745380,7.409,Bellegarde,Pougny-Chancy
87745000,87745828,9.836,Bellegarde,Seyssel-Corbonod
87745380,87745000,7.409,Pougny-Chancy,Bellegarde
87745414,87745430,5.703,Valleiry,St-Julien-en-Genevois
87745430,87745414,5.703,St-Julien-en-Genevois,Valleiry
87745430,87745497,8.274,St-Julien-en-Genevois,Annemasse
87745497,87745430,8.274,Annemasse,St-Julien-en-Genevois
87745497,87745588,5.355,Annemasse,Machilly
87745588,87745497,5.355,Machilly,Annemasse
87745588,87745596,2.222,Machilly,Bons-en-Chablais
87745596,87745588,2.222,Bons-en-Chablais,Machilly
87745596,87745620,3.463,Bons-en-Chablais,Perrignier
87745620,87745596,3.463,Perrignier,Bons-en-Chablais
87745620,87745646,5.338,Perrignier,Thonon-les-Bains
87745646,87745620,5.338,Thonon-les-Bains,Perrignier
87745646,87745679,4.706,Thonon-les-Bains,Évian-les-Bains
87745679,87745646,4.706,Évian-les-Bains,Thonon-les-Bains
87745828,87741074,8.102,Seyssel-Corbonod,Culoz
87745828,87745000,9.836,Seyssel-Corbonod,Bellegarde
87746008,87746149,10.174,Annecy,Rumilly
87746008,87746206,2.477,Annecy,Pringy
87746107,87741132,2.284,Grésy-sur-Aix,Aix-les-Bains-Le Revard
87746107,87746115,4.29,Grésy-sur-Aix,Albens
87746115,87746107,4.29,Albens,Grésy-sur-Aix
87746115,87746149,4.806,Albens,Rumilly
87746149,87746008,10.174,Rumilly,Annecy
87746149,87746115,4.806,Rumilly,Albens
87746206,87746008,2.477,Pringy,Annecy
87746206,87746248,6.008,Pringy,Groisy-Thorens-la-Caille
87746248,87746206,6.008,Groisy-Thorens-la-Caille,Pringy
87746248,87746305,12.322,Groisy-Thorens-la-Caille,La Roche-sur-Foron
87746305,87746248,12.322,La Roche-sur-Foron,Groisy-Thorens-la-Caille
87746305,87746511,3.915,La Roche-sur-Foron,Reignier
87746313,87746339,2.106,St-Pierre-en-Faucigny,Bonneville
87746339,87746313,2.106,Bonneville,St-Pierre-en-Faucigny
87746339,87746347,4.172,Bonneville,Marignier
87746347,87746339,4.172,Marignier,Bonneville
87746347,87746370,3.754,Marignier,Cluses
87746370,87746347,3.754,Cluses,Marignier
87746370,87746412,3.722,Cluses,Magland
87746412,87746370,3.722,Magland,Cluses
87746412,87746438,5.0,Magland,Sallanches-Combloux-Megève
87746438,87746412,5.0,Sallanches-Combloux-Megève,Magland
87746438,87746479,3.442,Sallanches-Combloux-Megève,St-Gervais-les-Bains-Le Fayet
87746479,87746438,3.442,St-Gervais-les-Bains-Le Fayet,Sallanches-Combloux-Megève
87746479,87746701,1.46,St-Gervais-les-Bains-Le Fayet,Chedde
87746511,87746305,3.915,Reignier,La Roche-sur-Foron
87746701,87746479,1.46,Chedde,St-Gervais-les-Bains-Le Fayet
87746701,87746719,2.229,Chedde,Servoz
87746719,87746701,2.229,Servoz,Chedde
87746719,87746727,1.183,Servoz,Vaudagne
87746719,87746735,51.325,Servoz,Viaduc-Ste-Marie
87746727,87746719,1.183,Vaudagne,Servoz
87746727,87746735,1.0,Vaudagne,Viaduc-Ste-Marie
87746727,87746743,38.582,Vaudagne,Les Houches
87746735,87746719,51.325,Viaduc-Ste-Marie,Servoz
87746735,87746727,1.0,Viaduc-Ste-Marie,Vaudagne
87746735,87746743,1.0,Viaduc-Ste-Marie,Les Houches
87746735,87746750,47.546,Viaduc-Ste-Marie,Taconnaz
87746743,87746727,38.582,Les Houches,Vaudagne
87746743,87746735,1.0,Les Houches,Viaduc-Ste-Marie
87746743,87746750,1.469,Les Houches,Taconnaz
87746750,87746735,47.546,Taconnaz,Viaduc-Ste-Marie
87746750,87746743,1.469,Taconnaz,Les Houches
87746750,87746768,1.0,Taconnaz,Les Bossons
87746768,87462085,39.356,Les Bossons,Chamonix-Aiguille du Midi
87746768,87746750,1.0,Les Bossons,Taconnaz
87746768,87746776,1.0,Les Bossons,Les Pélerins
87746768,87746784,47.695,Les Bossons,Chamonix-Mont-Blanc
87746768,87746818,28.51,Les Bossons,Les Moussoux
87746776,87462085,27.779,Les Pélerins,Chamonix-Aiguille du Midi
87746776,87746768,1.0,Les Pélerins,Les Bossons
87746776,87746784,36.158,Les Pélerins,Chamonix-Mont-Blanc
87746776,87746818,1.0,Les Pélerins,Les Moussoux
87746784,87462085,1.0,Chamonix-Mont-Blanc,Chamonix-Aiguille du Midi
87746784,87746768,47.695,Chamonix-Mont-Blanc,Les Bossons
87746784,87746776,36.158,Chamonix-Mont-Blanc,Les Pélerins
87746784,87746818,24.279,Chamonix-Mont-Blanc,Les Moussoux
87746784,87746826,1.345,Chamonix-Mont-Blanc,Les Praz-de-Chamonix
87746784,87746834,54.324,Chamonix-Mont-Blanc,Les Tines
87746818,87462085,1.0,Les Moussoux,Chamonix-Aiguille du Midi
87746818,87746768,28.51,Les Moussoux,Les Bossons
87746818,87746776,1.0,Les Moussoux,Les Pélerins
87746818,87746784,24.279,Les Moussoux,Chamonix-Mont-Blanc
87746818,87746826,52.67,Les Moussoux,Les Praz-de-Chamonix
87746826,87462085,42.463,Les Praz-de-Chamonix,Chamonix-Aiguille du Midi
87746826,87746784,1.345,Les Praz-de-Chamonix,Chamonix-Mont-Blanc
87746826,87746818,52.67,Les Praz-de-Chamonix,Les Moussoux
87746826,87746834,1.0,Les Praz-de-Chamonix,Les Tines
87746826,87746842,49.36,Les Praz-de-Chamonix,La Joux
87746834,87746784,54.324,Les Tines,Chamonix-Mont-Blanc
87746834,87746826,1.0,Les Tines,Les Praz-de-Chamonix
87746834,87746842,1.099,Les Tines,La Joux
87746842,87746826,49.36,La Joux,Les Praz-de-Chamonix
87746842,87746834,1.099,La Joux,Les Tines
87746842,87746859,1.253,La Joux,Argentière
87746842,87746867,56.27,La Joux,Montroc-le-Planet
87746859,87746842,1.253,Argentière,La Joux
87746859,87746867,1.19,Argentière,Montroc-le-Planet
87746867,87746842,56.27,Montroc-le-Planet,La Joux
87746867,87746859,1.19,Montroc-le-Planet,Argentière
87746867,87746883,1.561,Montroc-le-Planet,Le Buet
87746875,87746883,1.0,Vallorcine,Le Buet
87746883,87746867,1.561,Le Buet,Montroc-le-Planet
87746883,87746875,1.0,Le Buet,Vallorcine
87747006,87747352,3.43,Grenoble,St-Égrève-St-Robert
87747006,87752899,3.428,Grenoble,Pont-de-Claix - L'Etoile
87747204,87723494,4.406,Virieu-sur-Bourbre,St-André-le-Gaz
87747204,87747212,4.339,Virieu-sur-Bourbre,Châbons
87747212,87747204,4.339,Châbons,Virieu-sur-Bourbre
87747212,87747220,2.783,Châbons,Le Grand-Lemps
87747220,87747212,2.783,Le Grand-Lemps,Châbons
87747220,87747246,5.622,Le Grand-Lemps,Rives
87747246,87747220,5.622,Rives,Le Grand-Lemps
87747246,87747279,2.353,Rives,Réaumont-St-Cassien
87747279,87747246,2.353,Réaumont-St-Cassien,Rives
87747279,87747287,3.292,Réaumont-St-Cassien,Voiron
87747287,87747279,3.292,Voiron,Réaumont-St-Cassien
87747287,87747329,3.766,Voiron,Moirans
87747329,87747287,3.766,Moirans,Voiron
87747329,87747337,2.891,Moirans,Voreppe
87747329,87747691,1.0,Moirans,Moirans-la-Galifette
87747337,87747329,2.891,Voreppe,Moirans
87747337,87747352,3.0,Voreppe,St-Égrève-St-Robert
87747352,87747006,3.0,St-Égrève-St-Robert,Grenoble
87747352,87747337,3.0,St-Égrève-St-Robert,Voreppe
87747402,87417501,5.248,Grenoble Universités-Gières,Lancey
87747402,87725895,3.694,Grenoble Universités-Gières,Échirolles
87747451,87417501,1.94,Brignoud,Lancey
87747451,87747477,5.817,Brignoud,Goncelin
87747477,87747451,5.817,Goncelin,Brignoud
87747477,87747493,5.836,Goncelin,Pontcharra-sur-Breda-Allevard
87747493,87741181,4.567,Pontcharra-sur-Breda-Allevard,Montmélian
87747493,87747477,5.836,Pontcharra-sur-Breda-Allevard,Goncelin
87747519,87747535,3.176,Pont-de-Claix,Jarrie-Vizille
87747519,87752899,1.0,Pont-de-Claix,Pont-de-Claix - L'Etoile
87747535,87747519,3.176,Jarrie-Vizille,Pont-de-Claix
87747535,87747568,3.133,Jarrie-Vizille,St-Georges-de-Commiers
87747568,87747535,3.133,St-Georges-de-Commiers,Jarrie-Vizille
87747568,87747576,1.0,St-Georges-de-Commiers,Vif
87747576,87747568,1.0,Vif,St-Georges-de-Commiers
87747576,87747592,11.944,Vif,Monestier-de-Clermont
87747592,87747576,11.944,Monestier-de-Clermont,Vif
87747592,87747626,7.907,Monestier-de-Clermont,Clelles-Mens
87747626,87747592,7.907,Clelles-Mens,Monestier-de-Clermont
87747626,87747667,13.251,Clelles-Mens,Lus-la-Croix-Haute
87747667,87747626,13.251,Lus-la-Croix-Haute,Clelles-Mens
87747667,87763250,11.786,Lus-la-Croix-Haute,Aspres-sur-Buëch
87747691,87747329,1.0,Moirans-la-Galifette,Moirans
87747691,87761759,3.475,Moirans-la-Galifette,Tullins-Fures
87748822,87271460,19.899,Roissy-CDGX 2,Roissy-Aéroport-Charles-de-Gaulle 1
87751008,87580340,1.256,Marseille-St-Charles,Arenc-Euroméditerranée
87751008,87751081,1.736,Marseille-St-Charles,Marseille-Blancarde
87751008,87751842,56.008,Marseille-St-Charles,Ste-Marthe-en-Provence
87751008,87757724,1.0,Marseille-St-Charles,Grasse
87751008,87759290,45.0,Marseille-St-Charles,Picon-Busserine
87751081,87580340,53.786,Marseille-Blancarde,Arenc-Euroméditerranée
87751081,87751008,1.736,Marseille-Blancarde,Marseille-St-Charles
87751081,87751719,1.625,Marseille-Blancarde,La Pomme
87751081,87757724,34.843,Marseille-Blancarde,Grasse
87751206,87751230,8.931,Sisteron,Château-Arnoux-St-Auban
87751206,87763755,10.353,Sisteron,Laragne
87751230,87751206,8.931,Château-Arnoux-St-Auban,Sisteron
87751230,87751271,10.07,Château-Arnoux-St-Auban,La Brillanne-Oraison
87751271,87751230,10.07,La Brillanne-Oraison,Château-Arnoux-St-Auban
87751271,87751321,7.912,La Brillanne-Oraison,Manosque-Gréoux-les-Bains
87751321,87751271,7.912,Manosque-Gréoux-les-Bains,La Brillanne-Oraison
87751321,87751362,19.378,Manosque-Gréoux-les-Bains,Pertuis
87751362,87751321,19.378,Pertuis,Manosque-Gréoux-les-Bains
87751362,87751370,3.608,Pertuis,Meyrargues
87751370,87751362,3.608,Meyrargues,Pertuis
87751370,87751404,14.305,Meyrargues,Aix-en-Provence
87751404,87751370,14.305,Aix-en-Provence,Meyrargues
87751404,87751420,6.047,Aix-en-Provence,Gardanne
87751420,87751404,6.047,Gardanne,Aix-en-Provence
87751420,87751438,2.129,Gardanne,Simiane
87751438,87751420,2.129,Simiane,Gardanne
87751438,87751800,3.799,Simiane,Septèmes
87751529,87520299,1.313,L'Ariane,Nice-Pont-Michel
87751529,87756767,1.0,L'Ariane,La Trinité-Victor
87751602,87580340,4.109,L'Estaque,Arenc-Euroméditerranée
87751602,87751636,1.0,L'Estaque,Séon-St-Henry
87751602,87751826,45.376,L'Estaque,St-Antoine (MR)
87751602,87753285,4.395,L'Estaque,Pas-des-Lanciers
87751602,87753582,3.374,L'Estaque,Niolon
87751636,87751602,1.0,Séon-St-Henry,L'Estaque
87751636,87751826,25.691,Séon-St-Henry,St-Antoine (MR)
87751636,87759316,44.942,Séon-St-Henry,St-Joseph-Le Castellas
87751701,87635581,1.0,St-Marcel,La Barasse
87751701,87751719,1.187,St-Marcel,La Pomme
87751719,87635581,51.624,La Pomme,La Barasse
87751719,87751081,1.625,La Pomme,Marseille-Blancarde
87751719,87751701,1.187,La Pomme,St-Marcel
87751743,87635581,1.431,La Penne-sur-Huveaune,La Barasse
87751743,87751750,2.453,La Penne-sur-Huveaune,Aubagne
87751750,87751743,2.453,Aubagne,La Penne-sur-Huveaune
87751750,87751776,5.402,Aubagne,Cassis
87751776,87751750,5.402,Cassis,Aubagne
87751776,87751784,5.274,Cassis,La Ciotat
87751784,87751776,5.274,La Ciotat,Cassis
87751784,87755215,3.621,La Ciotat,St-Cyr-les-Lècques-La Cadière
87751800,87751438,3.799,Septèmes,Simiane
87751800,87751826,2.515,Septèmes,St-Antoine (MR)
87751826,87751602,45.376,St-Antoine (MR),L'Estaque
87751826,87751636,25.691,St-Antoine (MR),Séon-St-Henry
87751826,87751800,2.515,St-Antoine (MR),Septèmes
87751826,87759316,1.452,St-Antoine (MR),St-Joseph-Le Castellas
87751842,87580340,51.195,Ste-Marthe-en-Provence,Arenc-Euroméditerranée
87751842,87751008,56.008,Ste-Marthe-en-Provence,Marseille-St-Charles
87751842,87759290,1.0,Ste-Marthe-en-Provence,Picon-Busserine
87751842,87759316,1.022,Ste-Marthe-en-Provence,St-Joseph-Le Castellas
87752899,87747006,3.428,Pont-de-Claix - L'Etoile,Grenoble
87752899,87747519,1.0,Pont-de-Claix - L'Etoile,Pont-de-Claix
87753004,87753202,2.765,Miramas,St-Chamas
87753004,87753418,6.26,Miramas,Istres
87753004,87753681,9.166,Miramas,St-Martin-de-Crau
87753004,87753764,6.806,Miramas,Salon
87753202,87753004,2.765,St-Chamas,Miramas
87753202,87753251,10.0,St-Chamas,Rognac
87753251,87439554,2.78,Rognac,Vitrolles-Aéroport-Marseille-Provence
87753251,87753202,10.0,Rognac,St-Chamas
87753285,87439554,1.981,Pas-des-Lanciers,Vitrolles-Aéroport-Marseille-Provence
87753285,87751602,4.395,Pas-des-Lanciers,L'Estaque
87753418,87753004,6.26,Istres,Miramas
87753418,87753426,1.184,Istres,Rassuen
87753426,87753418,1.184,Rassuen,Istres
87753426,87753442,4.745,Rassuen,Fos-sur-Mer
87753442,87753426,4.745,Fos-sur-Mer,Rassuen
87753442,87753459,1.512,Fos-sur-Mer,Port-de-Bouc
87753459,87753442,1.512,Port-de-Bouc,Fos-sur-Mer
87753459,87753491,1.598,Port-de-Bouc,Croix-Sainte
87753491,87753459,1.598,Croix-Sainte,Port-de-Bouc
87753491,87753509,1.073,Croix-Sainte,Martigues
87753509,87753491,1.073,Martigues,Croix-Sainte
87753509,87753541,3.727,Martigues,La Couronne-Carro
87753541,87753509,3.727,La Couronne-Carro,Martigues
87753541,87753558,2.748,La Couronne-Carro,Sausset-les-Pins
87753558,87753541,2.748,Sausset-les-Pins,La Couronne-Carro
87753558,87753566,1.954,Sausset-les-Pins,Carry-le-Rouet
87753566,87753558,1.954,Carry-le-Rouet,Sausset-les-Pins
87753566,87753574,2.158,Carry-le-Rouet,La Redonne-Ensuès
87753574,87753566,2.158,La Redonne-Ensuès,Carry-le-Rouet
87753574,87753582,2.829,La Redonne-Ensuès,Niolon
87753582,87751602,3.374,Niolon,L'Estaque
87753582,87753574,2.829,Niolon,La Redonne-Ensuès
87753657,87753681,8.0,Arles,St-Martin-de-Crau
87753657,87765008,17.0,Arles,Avignon-Centre
87753681,87753004,9.166,St-Martin-de-Crau,Miramas
87753681,87753657,8.0,St-Martin-de-Crau,Arles
87753707,87753715,2.989,Orgon,Sénas
87753707,87765503,3.126,Orgon,Cavaillon
87753715,87753707,2.989,Sénas,Orgon
87753715,87753731,2.654,Sénas,Lamanon
87753731,87753715,2.654,Lamanon,Sénas
87753731,87753764,3.87,Lamanon,Salon
87753764,87753004,6.806,Salon,Miramas
87753764,87753731,3.87,Salon,Lamanon
87755009,87742262,2.009,Toulon,Ste-Musse
87755009,87755264,2.821,Toulon,La Seyne-Six-Fours
87755215,87751784,3.621,St-Cyr-les-Lècques-La Cadière,La Ciotat
87755215,87755223,4.064,St-Cyr-les-Lècques-La Cadière,Bandol
87755223,87755215,4.0,Bandol,St-Cyr-les-Lècques-La Cadière
87755223,87755231,3.745,Bandol,Ollioules-Sanary-sur-Mer
87755231,87755223,3.745,Ollioules-Sanary-sur-Mer,Bandol
87755231,87755264,2.366,Ollioules-Sanary-sur-Mer,La Seyne-Six-Fours
87755264,87755009,2.821,La Seyne-Six-Fours,Toulon
87755264,87755231,2.366,La Seyne-Six-Fours,Ollioules-Sanary-sur-Mer
87755306,87742262,1.984,La Garde,Ste-Musse
87755306,87755314,1.539,La Garde,La Pauline-Hyères
87755314,87755306,1.539,La Pauline-Hyères,La Garde
87755314,87755330,3.645,La Pauline-Hyères,Solliès-Pont
87755330,87755314,3.645,Solliès-Pont,La Pauline-Hyères
87755330,87755355,3.344,Solliès-Pont,Cuers-Pierrefeu
87755355,87755330,3.344,Cuers-Pierrefeu,Solliès-Pont
87755355,87755363,3.961,Cuers-Pierrefeu,Puget-Ville
87755363,87755355,3.961,Puget-Ville,Cuers-Pierrefeu
87755363,87755371,2.332,Puget-Ville,Carnoules
87755371,87755363,2.332,Carnoules,Puget-Ville
87755371,87755389,1.747,Carnoules,Pignans
87755389,87755371,1.747,Pignans,Carnoules
87755389,87755397,2.842,Pignans,Gonfaron
87755397,87755389,2.842,Gonfaron,Pignans
87755397,87755405,5.0,Gonfaron,Le Luc-et-Le Cannet
87755405,87755397,5.62,Le Luc-et-Le Cannet,Gonfaron
87755405,87755421,5.0,Le Luc-et-Le Cannet,Vidauban
87755421,87755405,5.288,Vidauban,Le Luc-et-Le Cannet
87755421,87755447,3.082,Vidauban,Les Arcs-Draguignan
87755447,87755421,3.082,Les Arcs-Draguignan,Vidauban
87755447,87757500,11.0,Les Arcs-Draguignan,Fréjus
87755611,87755629,3.7,La Crau,Hyères
87755629,87755611,3.7,Hyères,La Crau
87756007,87520299,1.0,Nice-St-Roch,Nice-Pont-Michel
87756007,87756056,35.329,Nice-St-Roch,Nice-Ville
87756007,87756353,19.925,Nice-St-Roch,Nice-Riquier
87756056,87520299,45.31,Nice-Ville,Nice-Pont-Michel
87756056,87756007,35.329,Nice-Ville,Nice-St-Roch
87756056,87756254,3.226,Nice-Ville,Nice-St-Augustin
87756056,87756353,1.443,Nice-Ville,Nice-Riquier
87756254,87756056,3.226,Nice-St-Augustin,Nice-Ville
87756254,87756346,1.0,Nice-St-Augustin,St-Laurent-du-Var
87756304,87756320,1.9,Villeneuve-Loubet-Plage,Cagnes-sur-Mer
87756304,87757690,1.182,Villeneuve-Loubet-Plage,Biot
87756320,87756304,1.9,Cagnes-sur-Mer,Villeneuve-Loubet-Plage
87756320,87756338,1.0,Cagnes-sur-Mer,Cros-de-Cagnes
87756338,87756320,1.0,Cros-de-Cagnes,Cagnes-sur-Mer
87756338,87756346,1.307,Cros-de-Cagnes,St-Laurent-du-Var
87756346,87756254,1.0,St-Laurent-du-Var,Nice-St-Augustin
87756346,87756338,1.307,St-Laurent-du-Var,Cros-de-Cagnes
87756353,87520299,29.06,Nice-Riquier,Nice-Pont-Michel
87756353,87756007,19.925,Nice-Riquier,Nice-St-Roch
87756353,87756056,1.443,Nice-Riquier,Nice-Ville
87756353,87756361,1.075,Nice-Riquier,Villefranche-sur-Mer
87756361,87756353,1.075,Villefranche-sur-Mer,Nice-Riquier
87756361,87756379,1.086,Villefranche-sur-Mer,Beaulieu-sur-Mer
87756379,87756361,1.086,Beaulieu-sur-Mer,Villefranche-sur-Mer
87756379,87756387,1.535,Beaulieu-sur-Mer,Èze
87756387,87756379,1.535,Èze,Beaulieu-sur-Mer
87756387,87756395,1.85,Èze,Cap-d'Ail
87756395,87338590,3.574,Cap-d'Ail,Monte-Carlo-Country-Club
87756395,87756387,1.85,Cap-d'Ail,Èze
87756460,87338590,1.0,Cap-Martin-Roquebrune,Monte-Carlo-Country-Club
87756460,87756478,1.312,Cap-Martin-Roquebrune,Carnolès
87756478,87338590,41.321,Carnolès,Monte-Carlo-Country-Club
87756478,87756460,1.312,Carnolès,Cap-Martin-Roquebrune
87756478,87756486,1.0,Carnolès,Menton
87756486,87756478,1.0,Menton,Carnolès
87756486,87756494,1.284,Menton,Menton-Garavan
87756494,87756486,1.284,Menton-Garavan,Menton
87756767,87751529,1.0,La Trinité-Victor,L'Ariane
87756767,87756775,1.156,La Trinité-Victor,Drap-Cantaron
87756775,87561143,1.118,Drap-Cantaron,Halte de Fontanil-Lycée de Drap
87756775,87756767,1.156,Drap-Cantaron,La Trinité-Victor
87756783,87561143,1.3,Peillon-Ste-Thècle,Halte de Fontanil-Lycée de Drap
87756783,87756791,1.794,Peillon-Ste-Thècle,Peille
87756791,87756783,1.794,Peille,Peillon-Ste-Thècle
87756791,87756809,3.637,Peille,L'Escarène
87756809,87756791,3.637,L'Escarène,Peille
87756809,87756817,1.0,L'Escarène,Touët-de-l'Escarène
87756817,87756809,1.0,Touët-de-l'Escarène,L'Escarène
87756817,87756825,4.665,Touët-de-l'Escarène,Sospel
87756825,87756817,4.665,Sospel,Touët-de-l'Escarène
87756825,87756833,5.781,Sospel,Breil-sur-Roya
87756833,87756825,5.781,Breil-sur-Roya,Sospel
87756833,87756858,3.759,Breil-sur-Roya,Fontan-Saorge
87756858,87756833,3.759,Fontan-Saorge,Breil-sur-Roya
87756858,87756866,6.926,Fontan-Saorge,St-Dalmas-de-Tende
87756866,87756858,6.926,St-Dalmas-de-Tende,Fontan-Saorge
87756866,87756874,1.988,St-Dalmas-de-Tende,La Brigue
87756866,87756882,55.332,St-Dalmas-de-Tende,Tende
87756874,87756866,1.988,La Brigue,St-Dalmas-de-Tende
87756874,87756882,2.204,La Brigue,Tende
87756882,87756866,55.332,Tende,St-Dalmas-de-Tende
87756882,87756874,2.204,Tende,La Brigue
87756882,87756890,4.462,Tende,Viévola
87756890,87756882,4.462,Viévola,Tende
87757500,87755447,12.0,Fréjus,Les Arcs-Draguignan
87757500,87757526,1.711,Fréjus,St-Raphaël-Valescure
87757526,87757500,1.711,St-Raphaël-Valescure,Fréjus
87757526,87757534,2.005,St-Raphaël-Valescure,Boulouris-sur-Mer
87757534,87757526,2.005,Boulouris-sur-Mer,St-Raphaël-Valescure
87757534,87757542,1.671,Boulouris-sur-Mer,Le Dramont
87757542,87757534,1.671,Le Dramont,Boulouris-sur-Mer
87757542,87757559,1.14,Le Dramont,Agay
87757559,87757542,1.14,Agay,Le Dramont
87757559,87757567,2.082,Agay,Anthéor-Cap-Roux
87757567,87757559,2.082,Anthéor-Cap-Roux,Agay
87757567,87757575,3.161,Anthéor-Cap-Roux,Le Trayas
87757575,87757567,3.161,Le Trayas,Anthéor-Cap-Roux
87757575,87757583,2.541,Le Trayas,Théoule-sur-Mer
87757583,87757575,2.541,Théoule-sur-Mer,Le Trayas
87757583,87757591,1.0,Théoule-sur-Mer,Mandelieu-la-Napoule
87757591,87757583,1.0,Mandelieu-la-Napoule,Théoule-sur-Mer
87757591,87757617,2.673,Mandelieu-la-Napoule,Cannes-la-Bocca
87757617,87757591,2.673,Cannes-la-Bocca,Mandelieu-la-Napoule
87757617,87757625,1.489,Cannes-la-Bocca,Cannes
87757625,87757617,1.489,Cannes,Cannes-la-Bocca
87757625,87757641,3.293,Cannes,Golfe-Juan-Vallauris
87757641,87757625,3.293,Golfe-Juan-Vallauris,Cannes
87757641,87757666,1.721,Golfe-Juan-Vallauris,Juan-les-Pins
87757666,87757641,1.721,Juan-les-Pins,Golfe-Juan-Vallauris
87757666,87757674,1.0,Juan-les-Pins,Antibes
87757674,87757666,1.0,Antibes,Juan-les-Pins
87757674,87757690,1.588,Antibes,Biot
87757690,87756304,1.182,Biot,Villeneuve-Loubet-Plage
87757690,87757674,1.588,Biot,Antibes
87757724,87580340,25.418,Grasse,Arenc-Euroméditerranée
87757724,87751008,1.0,Grasse,Marseille-St-Charles
87757724,87751081,34.843,Grasse,Marseille-Blancarde
87757724,87759290,49.673,Grasse,Picon-Busserine
87759290,87580340,43.901,Picon-Busserine,Arenc-Euroméditerranée
87759290,87751008,45.0,Picon-Busserine,Marseille-St-Charles
87759290,87751842,1.0,Picon-Busserine,Ste-Marthe-en-Provence
87759290,87757724,49.673,Picon-Busserine,Grasse
87759290,87759316,39.94,Picon-Busserine,St-Joseph-Le Castellas
87759316,87751636,44.942,St-Joseph-Le Castellas,Séon-St-Henry
87759316,87751826,1.452,St-Joseph-Le Castellas,St-Antoine (MR)
87759316,87751842,1.022,St-Joseph-Le Castellas,Ste-Marthe-en-Provence
87759316,87759290,39.94,St-Joseph-Le Castellas,Picon-Busserine
87761007,87761163,9.839,Valence,Tain-l'Hermitage-Tournon
87761007,87761247,9.0,Valence,Livron
87761106,87722678,4.531,St-Rambert-d'Albon,Le Péage-de-Roussillon
87761106,87761130,7.0,St-Rambert-d'Albon,St-Vallier-sur-Rhône
87761130,87761106,7.0,St-Vallier-sur-Rhône,St-Rambert-d'Albon
87761130,87761163,7.0,St-Vallier-sur-Rhône,Tain-l'Hermitage-Tournon
87761163,87761007,9.839,Tain-l'Hermitage-Tournon,Valence
87761163,87761130,7.791,Tain-l'Hermitage-Tournon,St-Vallier-sur-Rhône
87761239,87723395,3.204,L'Isle-d'Abeau,La Verpillière
87761239,87723429,2.916,L'Isle-d'Abeau,Bourgoin-Jallieu
87761247,87761007,9.0,Livron,Valence
87761247,87761262,1.633,Livron,Loriol
87761262,87761247,1.633,Loriol,Livron
87761262,87764001,11.0,Loriol,Montélimar
87761494,87764472,27.053,St-Péray,Le Teil
87761650,87761684,9.207,Romans-Bourg-de-Péage,St-Hilaire-St-Nazaire
87761650,87763029,4.928,Romans-Bourg-de-Péage,Valence-TGV
87761684,87761650,9.207,St-Hilaire-St-Nazaire,Romans-Bourg-de-Péage
87761684,87761718,6.326,St-Hilaire-St-Nazaire,St-Marcellin
87761718,87761684,6.326,St-Marcellin,St-Hilaire-St-Nazaire
87761718,87761726,5.443,St-Marcellin,Vinay
87761726,87761718,5.443,Vinay,St-Marcellin
87761726,87761742,4.661,Vinay,Poliénas
87761742,87761726,4.661,Poliénas,Vinay
87761742,87761759,2.87,Poliénas,Tullins-Fures
87761759,87747691,3.475,Tullins-Fures,Moirans-la-Galifette
87761759,87761742,2.87,Tullins-Fures,Poliénas
87761783,87761817,8.589,Crest,Saillans
87761817,87761783,8.589,Saillans,Crest
87761817,87761841,11.491,Saillans,Die
87761841,87761817,11.491,Die,Saillans
87761841,87761874,10.778,Die,Luc-en-Diois
87761874,87761841,10.778,Luc-en-Diois,Die
87761874,87763250,19.461,Luc-en-Diois,Aspres-sur-Buëch
87762906,87725705,41.312,Lyon-St-Exupéry-TGV,Mâcon-Loché-TGV
87762906,87763029,22.0,Lyon-St-Exupéry-TGV,Valence-TGV
87763003,87763300,14.333,Gap,Veynes-Dévoluy
87763003,87763425,8.798,Gap,Chorges
87763029,87318964,30.0,Valence-TGV,Avignon-TGV
87763029,87761650,4.928,Valence-TGV,Romans-Bourg-de-Péage
87763029,87762906,22.0,Valence-TGV,Lyon-St-Exupéry-TGV
87763250,87747667,11.786,Aspres-sur-Buëch,Lus-la-Croix-Haute
87763250,87761874,19.461,Aspres-sur-Buëch,Luc-en-Diois
87763250,87763300,3.619,Aspres-sur-Buëch,Veynes-Dévoluy
87763300,87763003,14.333,Veynes-Dévoluy,Gap
87763300,87763250,3.619,Veynes-Dévoluy,Aspres-sur-Buëch
87763300,87763722,8.769,Veynes-Dévoluy,Serres
87763425,87763003,8.798,Chorges,Gap
87763425,87763466,12.02,Chorges,Embrun
87763466,87763425,12.02,Embrun,Chorges
87763466,87763508,9.111,Embrun,Montdauphin-Guillestre
87763508,87763466,9.111,Montdauphin-Guillestre,Embrun
87763508,87763557,7.775,Montdauphin-Guillestre,L'Argentière-les-Écrins
87763557,87763508,7.775,L'Argentière-les-Écrins,Montdauphin-Guillestre
87763557,87763607,7.327,L'Argentière-les-Écrins,Briançon
87763607,87763557,7.327,Briançon,L'Argentière-les-Écrins
87763722,87763300,8.769,Serres,Veynes-Dévoluy
87763722,87763755,8.434,Serres,Laragne
87763755,87751206,10.353,Laragne,Sisteron
87763755,87763722,8.434,Laragne,Serres
87764001,87761262,11.0,Montélimar,Loriol
87764001,87764290,7.0,Montélimar,Donzère
87764290,87764001,7.0,Donzère,Montélimar
87764290,87764308,4.0,Donzère,Pierrelatte
87764308,87764290,4.0,Pierrelatte,Donzère
87764308,87764357,6.0,Pierrelatte,Bollène-la-Croisière
87764357,87764308,6.0,Bollène-la-Croisière,Pierrelatte
87764357,87765107,9.0,Bollène-la-Croisière,Orange
87764472,87761494,27.053,Le Teil,St-Péray
87764472,87764555,20.123,Le Teil,Pont-St-Esprit
87764555,87764472,20.123,Pont-St-Esprit,Le Teil
87764555,87764571,6.571,Pont-St-Esprit,Bagnols
87764571,87764555,6.571,Bagnols,Pont-St-Esprit
87765008,87318964,40.135,Avignon-Centre,Avignon-TGV
87765008,87753657,15.0,Avignon-Centre,Arles
87765008,87765206,5.416,Avignon-Centre,Sorgues-Châteauneuf-du-Pape
87765107,87764357,10.0,Orange,Bollène-la-Croisière
87765107,87765180,4.603,Orange,Courthézon
87765107,87765735,11.96,Orange,Carpentras
87765180,87765107,4.603,Courthézon,Orange
87765180,87765198,3.0,Courthézon,Bédarrides
87765198,87765180,3.004,Bédarrides,Courthézon
87765198,87765206,2.3,Bédarrides,Sorgues-Châteauneuf-du-Pape
87765206,87765008,5.416,Sorgues-Châteauneuf-du-Pape,Avignon-Centre
87765206,87765198,2.3,Sorgues-Châteauneuf-du-Pape,Bédarrides
87765206,87765826,2.364,Sorgues-Châteauneuf-du-Pape,Entraigues-sur-la-Sorgue
87765354,87775023,1.0,Tarascon,Beaucaire
87765412,87765420,1.768,Montfavet,Morières-lès-Avignon
87765420,87765412,1.768,Morières-lès-Avignon,Montfavet
87765420,87765438,1.747,Morières-lès-Avignon,St-Saturnin-d'Avignon
87765438,87765420,1.747,St-Saturnin-d'Avignon,Morières-lès-Avignon
87765438,87765446,1.763,St-Saturnin-d'Avignon,Gadagne
87765446,87765438,1.763,Gadagne,St-Saturnin-d'Avignon
87765446,87765453,1.891,Gadagne,Le Thor
87765453,87765446,1.891,Le Thor,Gadagne
87765453,87765479,2.381,Le Thor,L'Isle-Fontaine-de-Vaucluse
87765479,87765453,2.381,L'Isle-Fontaine-de-Vaucluse,Le Thor
87765479,87765503,5.262,L'Isle-Fontaine-de-Vaucluse,Cavaillon
87765503,87753707,3.126,Cavaillon,Orgon
87765503,87765479,5.262,Cavaillon,L'Isle-Fontaine-de-Vaucluse
87765735,87765107,11.96,Carpentras,Orange
87765735,87765818,2.853,Carpentras,Monteux
87765818,87765735,2.853,Monteux,Carpentras
87765818,87765826,3.781,Monteux,Entraigues-sur-la-Sorgue
87765826,87765206,2.364,Entraigues-sur-la-Sorgue,Sorgues-Châteauneuf-du-Pape
87765826,87765818,3.781,Entraigues-sur-la-Sorgue,Monteux
87773002,87773465,4.677,Montpellier-St-Roch,St-Aunès
87773002,87773515,4.0,Montpellier-St-Roch,Villeneuve-lès-Maguelone
87773200,87773556,3.728,Sète,Frontignan
87773408,87773424,1.68,Lunel,Lunel-Viel
87773408,87775130,2.935,Lunel,Gallargues
87773424,87773408,1.68,Lunel-Viel,Lunel
87773424,87773432,1.559,Lunel-Viel,Valergues-Lansargues
87773432,87773424,1.559,Valergues-Lansargues,Lunel-Viel
87773432,87773457,2.639,Valergues-Lansargues,Baillargues
87773457,87773432,2.639,Baillargues,Valergues-Lansargues
87773457,87773465,2.253,Baillargues,St-Aunès
87773465,87773002,4.677,St-Aunès,Montpellier-St-Roch
87773465,87773457,2.253,St-Aunès,Baillargues
87773515,87773002,4.0,Villeneuve-lès-Maguelone,Montpellier-St-Roch
87773515,87773531,3.449,Villeneuve-lès-Maguelone,Vic-Mireval
87773531,87773515,3.449,Vic-Mireval,Villeneuve-lès-Maguelone
87773531,87773556,3.851,Vic-Mireval,Frontignan
87773556,87773200,3.728,Frontignan,Sète
87773556,87773531,3.851,Frontignan,Vic-Mireval
87775007,87775064,5.638,Nîmes,Manduel-Redessan
87775007,87775072,2.056,Nîmes,St-Césaire
87775023,87703975,7.0,Beaucaire,Nîmes-Pont du Gard
87775023,87765354,1.0,Beaucaire,Tarascon
87775064,87703975,1.376,Manduel-Redessan,Nîmes-Pont du Gard
87775064,87775007,5.638,Manduel-Redessan,Nîmes
87775072,87775007,2.056,St-Césaire,Nîmes
87775072,87775098,1.873,St-Césaire,Milhaud
87775098,87775072,1.873,Milhaud,St-Césaire
87775098,87775106,2.465,Milhaud,Uchaud
87775106,87775098,2.465,Uchaud,Milhaud
87775106,87775114,2.482,Uchaud,Vergèze-Codognan
87775114,87775106,2.482,Vergèze-Codognan,Uchaud
87775114,87775130,2.55,Vergèze-Codognan,Gallargues
87775130,87773408,2.935,Gallargues,Lunel
87775130,87775114,2.55,Gallargues,Vergèze-Codognan
87775148,87775171,4.771,Chasseradès,La Bastide-St-Laurent-les-Bains
87775148,87783670,5.146,Chasseradès,Belvezet
87775171,87734368,4.011,La Bastide-St-Laurent-les-Bains,Luc
87775171,87775148,4.771,La Bastide-St-Laurent-les-Bains,Chasseradès
87775171,87775197,11.013,La Bastide-St-Laurent-les-Bains,Villefort
87775197,87775171,11.013,Villefort,La Bastide-St-Laurent-les-Bains
87775197,87775213,7.073,Villefort,Génolhac
87775213,87775197,7.073,Génolhac,Villefort
87775213,87775221,3.978,Génolhac,Chamborigaud
87775221,87775213,3.978,Chamborigaud,Génolhac
87775221,87775239,2.996,Chamborigaud,Ste-Cécile-d'Andorge
87775239,87775221,2.996,Ste-Cécile-d'Andorge,Chamborigaud
87775239,87775247,2.758,Ste-Cécile-d'Andorge,La Levade
87775247,87775239,2.758,La Levade,Ste-Cécile-d'Andorge
87775247,87775254,1.636,La Levade,Grand'Combe-La Pise
87775254,87775247,1.636,Grand'Combe-La Pise,La Levade
87775254,87775288,7.38,Grand'Combe-La Pise,Alès
87775288,87775254,7.38,Alès,Grand'Combe-La Pise
87775288,87775346,10.371,Alès,Boucoiran
87775346,87775288,10.371,Boucoiran,Alès
87775346,87775353,1.344,Boucoiran,Nozières-Brignon
87775353,87775346,1.344,Nozières-Brignon,Boucoiran
87775353,87775361,1.749,Nozières-Brignon,St-Geniès-de-Malgoirès
87775361,87775353,1.749,St-Geniès-de-Malgoirès,Nozières-Brignon
87775361,87775379,2.691,St-Geniès-de-Malgoirès,Fons-St-Mamert
87775379,87775361,2.691,Fons-St-Mamert,St-Geniès-de-Malgoirès
87775791,87775809,1.144,Générac,Beauvoisin
87775809,87775791,1.144,Beauvoisin,Générac
87775809,87775817,2.943,Beauvoisin,Vauvert
87775817,87775809,2.943,Vauvert,Beauvoisin
87775817,87775825,1.858,Vauvert,Le Cailar
87775825,87775817,1.858,Le Cailar,Vauvert
87775825,87775833,1.181,Le Cailar,Aimargues
87775833,87775825,1.181,Aimargues,Le Cailar
87775833,87775841,2.695,Aimargues,St-Laurent-d'Aigouze
87775841,87775833,2.695,St-Laurent-d'Aigouze,Aimargues
87775841,87775858,4.281,St-Laurent-d'Aigouze,Aigues-Mortes
87775858,87775841,4.281,Aigues-Mortes,St-Laurent-d'Aigouze
87775858,87775866,3.141,Aigues-Mortes,Le Grau-du-Roi
87775866,87775858,3.141,Le Grau-du-Roi,Aigues-Mortes
87781005,87781161,10.0,Béziers,Coursan
87781005,87781260,9.413,Béziers,Vias
87781062,87781088,5.583,Port-la-Nouvelle,Leucate-la-Franqui
87781088,87781062,5.583,Leucate-la-Franqui,Port-la-Nouvelle
87781088,87784157,7.967,Leucate-la-Franqui,Salses
87781104,87615112,12.0,Narbonne,Lézignan (Aude)
87781104,87781161,3.247,Narbonne,Coursan
87781161,87781005,10.0,Coursan,Béziers
87781161,87781104,3.247,Coursan,Narbonne
87781260,87781005,9.413,Vias,Béziers
87781260,87781278,1.825,Vias,Agde
87781278,87781260,1.825,Agde,Vias
87781278,87781294,3.297,Agde,Marseillan-Plage
87781294,87781278,3.297,Marseillan-Plage,Agde
87781534,87781542,4.232,Montpaon,Ceilhes-Roqueredonde
87781534,87783456,9.017,Montpaon,Tournemire-Roquefort
87781542,87781534,4.232,Ceilhes-Roqueredonde,Montpaon
87781542,87781559,2.718,Ceilhes-Roqueredonde,Les Cabrils
87781559,87781542,2.718,Les Cabrils,Ceilhes-Roqueredonde
87781559,87781575,4.615,Les Cabrils,Lunas
87781575,87781559,4.615,Lunas,Les Cabrils
87781575,87781583,1.766,Lunas,Le Bousquet-d'Orb
87781583,87781575,1.766,Le Bousquet-d'Orb,Lunas
87781583,87781609,4.991,Le Bousquet-d'Orb,Bédarieux
87781609,87781583,4.991,Bédarieux,Le Bousquet-d'Orb
87781609,87781666,13.263,Bédarieux,Magalas
87781666,87781609,13.263,Magalas,Bédarieux
87782607,87396895,50.213,Clermont-La Pardieu,Clermont-La Rotonde
87782607,87734004,1.97,Clermont-La Pardieu,Clermont-Ferrand
87782607,87734152,2.314,Clermont-La Pardieu,Sarliève-Cournon
87783001,87783365,16.467,Millau,Sévérac-le-Château
87783001,87783423,6.077,Millau,St-Georges-de-Luzençon
87783175,87645507,10.265,St-Flour-Chaudes-Aigues,Neussargues
87783175,87783241,20.032,St-Flour-Chaudes-Aigues,St-Chély-d'Apcher
87783241,87783175,20.032,St-Chély-d'Apcher,St-Flour-Chaudes-Aigues
87783241,87783266,6.002,St-Chély-d'Apcher,Aumont-Aubrac
87783266,87783241,6.002,Aumont-Aubrac,St-Chély-d'Apcher
87783266,87783282,11.786,Aumont-Aubrac,Marvejols
87783282,87783266,11.786,Marvejols,Aumont-Aubrac
87783282,87783290,1.555,Marvejols,Chirac
87783290,87783282,1.555,Chirac,Marvejols
87783290,87783308,1.243,Chirac,Le Monastier
87783308,87783290,1.243,Le Monastier,Chirac
87783308,87783324,5.236,Le Monastier,Banassac-La Canourgue
87783308,87783514,2.422,Le Monastier,Les Salelles
87783324,87783308,5.236,Banassac-La Canourgue,Le Monastier
87783324,87783340,6.766,Banassac-La Canourgue,Campagnac-St-Geniez
87783340,87783324,6.766,Campagnac-St-Geniez,Banassac-La Canourgue
87783340,87783365,7.417,Campagnac-St-Geniez,Sévérac-le-Château
87783365,87783001,16.467,Sévérac-le-Château,Millau
87783365,87783340,7.417,Sévérac-le-Château,Campagnac-St-Geniez
87783365,87783761,11.729,Sévérac-le-Château,Laissac
87783423,87783001,6.077,St-Georges-de-Luzençon,Millau
87783423,87783431,3.547,St-Georges-de-Luzençon,St-Rome-de-Cernon
87783431,87783423,3.547,St-Rome-de-Cernon,St-Georges-de-Luzençon
87783431,87783456,3.895,St-Rome-de-Cernon,Tournemire-Roquefort
87783456,87781534,9.017,Tournemire-Roquefort,Montpaon
87783456,87783431,3.895,Tournemire-Roquefort,St-Rome-de-Cernon
87783514,87783308,2.422,Les Salelles,Le Monastier
87783514,87783530,3.321,Les Salelles,Chanac
87783530,87783514,3.321,Chanac,Les Salelles
87783530,87783548,1.0,Chanac,Le Bruel
87783548,87783530,1.0,Le Bruel,Chanac
87783548,87783563,2.876,Le Bruel,Barjac
87783563,87111864,2.804,Barjac,Balsièges-Bourg
87783563,87783548,2.876,Barjac,Le Bruel
87783605,87111864,3.987,Mende,Balsièges-Bourg
87783605,87783647,7.748,Mende,Bagnols-Chadenet
87783647,87783605,7.748,Bagnols-Chadenet,Mende
87783647,87783654,2.009,Bagnols-Chadenet,Allenc
87783654,87783647,2.009,Allenc,Bagnols-Chadenet
87783654,87783670,6.386,Allenc,Belvezet
87783670,87775148,5.146,Belvezet,Chasseradès
87783670,87783654,6.386,Belvezet,Allenc
87783761,87613422,12.663,Laissac,Rodez
87783761,87783365,11.729,Laissac,Sévérac-le-Château
87784009,87784173,4.473,Perpignan,Rivesaltes
87784009,87784207,7.465,Perpignan,Elne
87784157,87781088,7.967,Salses,Leucate-la-Franqui
87784157,87784173,5.098,Salses,Rivesaltes
87784173,87784009,4.473,Rivesaltes,Perpignan
87784173,87784157,5.0,Rivesaltes,Salses
87784207,87784009,7.465,Elne,Perpignan
87784207,87784231,4.509,Elne,Argelès-sur-Mer
87784231,87784207,4.509,Argelès-sur-Mer,Elne
87784231,87784256,2.839,Argelès-sur-Mer,Collioure
87784256,87784231,2.839,Collioure,Argelès-sur-Mer
87784256,87784264,1.413,Collioure,Port-Vendres
87784264,87784256,1.413,Port-Vendres,Collioure
87784264,87784298,2.657,Port-Vendres,Banyuls-sur-Mer
87784298,87784264,2.657,Banyuls-sur-Mer,Port-Vendres
87784298,87785006,3.575,Banyuls-sur-Mer,Cerbère
87784512,87784520,2.601,Le Soler,St-Féliu-d'Avall
87784520,87784512,2.601,St-Féliu-d'Avall,Le Soler
87784520,87784546,2.11,St-Féliu-d'Avall,Millas
87784546,87784520,2.11,Millas,St-Féliu-d'Avall
87784546,87784561,3.385,Millas,Ille-sur-Têt
87784561,87784546,3.385,Ille-sur-Têt,Millas
87784561,87784611,4.809,Ille-sur-Têt,Vinça
87784611,87784561,4.809,Vinça,Ille-sur-Têt
87784611,87784629,1.953,Vinça,Marquixanes
87784629,87784611,1.953,Marquixanes,Vinça
87784629,87784637,2.996,Marquixanes,Prades-Molitg-les-Bains
87784637,87784629,2.996,Prades-Molitg-les-Bains,Marquixanes
87784637,87784660,1.975,Prades-Molitg-les-Bains,Ria
87784660,87784637,1.975,Ria,Prades-Molitg-les-Bains
87784660,87784686,1.205,Ria,Villefranche-Vernet-les-Bains
87784686,87784660,1.205,Villefranche-Vernet-les-Bains,Ria
87784686,87784702,2.722,Villefranche-Vernet-les-Bains,Serdinya
87784702,87784686,2.722,Serdinya,Villefranche-Vernet-les-Bains
87784702,87784710,1.0,Serdinya,Joncet
87784710,87784702,1.0,Joncet,Serdinya
87784710,87784728,1.904,Joncet,Olette-Canaveilles-les-Bains
87784728,87784710,1.904,Olette-Canaveilles-les-Bains,Joncet
87784728,87784736,1.033,Olette-Canaveilles-les-Bains,Nyers
87784736,87784728,1.033,Nyers,Olette-Canaveilles-les-Bains
87784736,87784744,1.226,Nyers,Thuès-les-Bains
87784744,87784736,1.226,Thuès-les-Bains,Nyers
87784744,87784751,1.316,Thuès-les-Bains,Thuès
87784751,87784744,1.316,Thuès,Thuès-les-Bains
87784751,87784769,1.871,Thuès,Fontpédrouse-St-Thomas-les-Bains
87784769,87784751,1.871,Fontpédrouse-St-Thomas-les-Bains,Thuès
87784769,87784777,1.649,Fontpédrouse-St-Thomas-les-Bains,Sauto
87784777,87784769,1.649,Sauto,Fontpédrouse-St-Thomas-les-Bains
87784777,87784785,1.361,Sauto,Planès
87784785,87784777,1.361,Planès,Sauto
87784785,87784793,1.445,Planès,Mont-Louis-La Cabanasse
87784793,87784785,1.445,Mont-Louis-La Cabanasse,Planès
87784793,87784801,1.278,Mont-Louis-La Cabanasse,Bolquère-Eyne
87784801,87784793,1.278,Bolquère-Eyne,Mont-Louis-La Cabanasse
87784801,87784819,2.57,Bolquère-Eyne,Font-Romeu-Odeillo-Via
87784819,87784801,2.57,Font-Romeu-Odeillo-Via,Bolquère-Eyne
87784819,87784827,4.112,Font-Romeu-Odeillo-Via,Estavar
87784827,87784819,4.112,Estavar,Font-Romeu-Odeillo-Via
87784827,87784835,1.204,Estavar,Saillagouse
87784835,87784827,1.204,Saillagouse,Estavar
87784835,87784843,1.06,Saillagouse,Err
87784843,87784835,1.06,Err,Saillagouse
87784843,87784850,1.0,Err,Ste-Léocadie
87784850,87784843,1.0,Ste-Léocadie,Err
87784850,87784868,2.425,Ste-Léocadie,Osséja
87784868,87784850,2.425,Osséja,Ste-Léocadie
87784868,87784876,1.557,Osséja,Bourg-Madame
87784876,87784868,1.557,Bourg-Madame,Osséja
87784876,87784884,1.648,Bourg-Madame,Ur-les-Escaldes
87784884,87784876,1.648,Ur-les-Escaldes,Bourg-Madame
87784884,87784892,1.438,Ur-les-Escaldes,Béna-Fanes
87784892,87611483,1.0,Béna-Fanes,Latour-de-Carol-Enveitg
87784892,87784884,1.438,Béna-Fanes,Ur-les-Escaldes
87785006,87784298,3.575,Cerbère,Banyuls-sur-Mer
