source_uic,target_uic,weight_minutes,source_name,target_name
71043075,71793000,14.0,FIGUERES-VILAFANT,GIRONA
71043075,87784009,23.0,FIGUERES-VILAFANT,Perpignan
71718010,71793000,41.0,Barcelone-Sants,GIRONA
71793000,71043075,15.0,GIRONA,FIGUERES-VILAFANT
71793000,71718010,42.0,GIRONA,Barcelone-Sants
71793150,87785006,6.0,Portbou,Cerbère
80021402,80203471,26.0,Augsburg Hbf,Munich
80021402,80291039,42.0,Augsburg Hbf,Ulm Hbf
80077990,80659698,4.0,Berlin-Gesundbrunnen,Berlin Hbf-Lehrter Bahnhof Nord
80110650,80140087,44.0,Frankfurt (Main) Sued,Mannheim Hbf
80110650,80160432,126.0,Frankfurt (Main) Sued,Erfurt Hbf
80110684,80140087,37.0,Francfort sur le Main,Mannheim Hbf
80110684,80142281,78.0,Francfort sur le Main,Karlsruhe Hbf
80110684,80160432,126.0,Francfort sur le Main,Erfurt Hbf
80140087,80110650,36.0,Mannheim Hbf,Frankfurt (Main) Sued
80140087,80110684,36.0,Mannheim Hbf,Francfort sur le Main
80140087,80142281,23.0,Mannheim Hbf,Karlsruhe Hbf
80140087,80196980,37.0,Mannheim Hbf,Kaiserslautern Hbf
80140087,80253914,93.0,Mannheim Hbf,Sarrebruck
80140087,80290346,40.0,Mannheim Hbf,Stuttgart Hbf
80142281,80110684,72.0,Karlsruhe Hbf,Francfort sur le Main
80142281,80140087,23.0,Karlsruhe Hbf,Mannheim Hbf
80142281,80142778,22.0,Karlsruhe Hbf,Baden-Baden
80142281,80290346,36.0,Karlsruhe Hbf,Stuttgart Hbf
80142281,80290551,44.0,Karlsruhe Hbf,Esslingen (Neckar)
80142281,80297796,26.0,Karlsruhe Hbf,Vaihingen (Enz)
80142281,87113001,147.0,Karlsruhe Hbf,Paris Est
80142281,87212027,40.0,Karlsruhe Hbf,Strasbourg
80142778,80142281,18.0,Baden-Baden,Karlsruhe Hbf
80142778,87212027,30.0,Baden-Baden,Strasbourg
80142893,80142901,3.0,Appenweier,Legelshurst
80142893,80143099,6.0,Appenweier,Offenburg
80142901,80142893,3.0,Legelshurst,Appenweier
80142901,80142919,2.0,Legelshurst,Kork
80142919,80142901,3.0,Kork,Legelshurst
80142919,80142927,2.0,Kork,Kehl
80142927,80142919,3.0,Kehl,Kork
80142927,87212027,25.0,Kehl,Strasbourg
80142927,87338525,4.0,Kehl,Krimmeri Meinau
80143099,80142893,4.0,Offenburg,Appenweier
80143099,80143198,10.0,Offenburg,Lahr (Schwarzw)
80143099,87212027,21.0,Offenburg,Strasbourg
80143198,80143099,11.0,Lahr (Schwarzw),Offenburg
80143198,80143255,7.0,Lahr (Schwarzw),Ringsheim
80143255,80143099,16.0,Ringsheim,Offenburg
80143255,80143198,7.0,Ringsheim,Lahr (Schwarzw)
80143255,80143503,19.0,Ringsheim,Freiburg (Breisgau) Hbf
80143503,80143255,19.0,Freiburg (Breisgau) Hbf,Ringsheim
80143503,80144139,19.0,Freiburg (Breisgau) Hbf,Muellheim (Baden)
80144139,80143503,21.0,Muellheim (Baden),Freiburg (Breisgau) Hbf
80144139,80144154,3.0,Muellheim (Baden),Neuenburg (Baden)
80144154,80144139,4.0,Neuenburg (Baden),Muellheim (Baden)
80144154,87182840,6.0,Neuenburg (Baden),Bantzenheim
80160432,80110650,122.0,Erfurt Hbf,Frankfurt (Main) Sued
80160432,80110684,126.0,Erfurt Hbf,Francfort sur le Main
80160432,80230029,31.0,Erfurt Hbf,Halle (Saale) Hbf
80190512,80190603,12.0,Mainz Hbf,Nierstein
80190603,80190512,17.0,Nierstein,Mainz Hbf
80190603,80190686,17.0,Nierstein,Worms Hbf
80190686,80190603,22.0,Worms Hbf,Nierstein
80190686,80190736,12.0,Worms Hbf,Frankenthal Hbf
80190736,80190686,18.0,Frankenthal Hbf,Worms Hbf
80190736,80190827,10.0,Frankenthal Hbf,Ludwigshafen (Rhein) Hbf
80190827,80190736,7.0,Ludwigshafen (Rhein) Hbf,Frankenthal Hbf
80190827,80194043,22.0,Ludwigshafen (Rhein) Hbf,Neustadt (Weinstr) Hbf
80191031,80646133,1.0,Woerth (Rhein),Maximiliansau Im Ruesten
80191031,87212464,11.0,Woerth (Rhein),Lauterbourg
80191049,80191031,4.0,Hagenbach,Woerth (Rhein)
80191049,80646133,2.0,Hagenbach,Maximiliansau Im Ruesten
80191049,80646141,2.0,Hagenbach,Neuburg (Rhein)
80191064,80646141,2.0,Berg (Pfalz),Neuburg (Rhein)
80191064,87212464,4.0,Berg (Pfalz),Lauterbourg
80194043,80190827,15.0,Neustadt (Weinstr) Hbf,Ludwigshafen (Rhein) Hbf
80194043,80194217,5.0,Neustadt (Weinstr) Hbf,Edenkoben
80194043,80920793,2.0,Neustadt (Weinstr) Hbf,Neustadt (Weinstraße) Süd
80194209,80194043,5.0,Maikammer-Kirrweiler,Neustadt (Weinstr) Hbf
80194209,80194217,2.0,Maikammer-Kirrweiler,Edenkoben
80194209,80920793,3.0,Maikammer-Kirrweiler,Neustadt (Weinstraße) Süd
80194217,80194209,2.0,Edenkoben,Maikammer-Kirrweiler
80194217,80194225,2.0,Edenkoben,Edesheim (Pfalz)
80194217,80194266,6.0,Edenkoben,Landau (Pfalz) Hbf
80194225,80194217,2.0,Edesheim (Pfalz),Edenkoben
80194225,80194233,2.0,Edesheim (Pfalz),Knöringen-Essingen
80194233,80194225,2.0,Knöringen-Essingen,Edesheim (Pfalz)
80194233,80194266,5.0,Knöringen-Essingen,Landau (Pfalz) Hbf
80194266,80194043,11.0,Landau (Pfalz) Hbf,Neustadt (Weinstr) Hbf
80194266,80194233,3.0,Landau (Pfalz) Hbf,Knöringen-Essingen
80194266,80194324,9.0,Landau (Pfalz) Hbf,Winden (Pfalz)
80194308,80194266,4.0,Insheim,Landau (Pfalz) Hbf
80194316,80194308,2.0,Rohrbach (Pfalz),Insheim
80194324,80194266,7.0,Winden (Pfalz),Landau (Pfalz) Hbf
80194324,80194308,5.0,Winden (Pfalz),Insheim
80194324,80194316,5.0,Winden (Pfalz),Rohrbach (Pfalz)
80194324,80194332,4.0,Winden (Pfalz),Schaidt (Pfalz)
80194324,87213470,16.0,Winden (Pfalz),Wissembourg
80194332,80194324,5.0,Schaidt (Pfalz),Winden (Pfalz)
80194332,80359331,2.0,Schaidt (Pfalz),Steinfeld (Pfalz)
80196980,80110684,86.0,Kaiserslautern Hbf,Francfort sur le Main
80196980,80140087,36.0,Kaiserslautern Hbf,Mannheim Hbf
80196980,80253914,35.0,Kaiserslautern Hbf,Sarrebruck
80197871,80359331,1.0,Kapsweyer,Steinfeld (Pfalz)
80197871,80359349,2.0,Kapsweyer,Schweighofen
80203471,80021402,27.0,Munich,Augsburg Hbf
80230029,80160432,30.0,Halle (Saale) Hbf,Erfurt Hbf
80230029,80659714,63.0,Halle (Saale) Hbf,Berlin Suedkreuz
80251819,80251850,6.0,Trèves,Konz Mitte
80251850,80251819,7.0,Konz Mitte,Trèves
80251850,80251967,29.0,Konz Mitte,Perl
80251967,80251850,24.0,Perl,Konz Mitte
80251967,87191643,8.0,Perl,Apach
80253914,80140087,83.0,Sarrebruck,Mannheim Hbf
80253914,80196980,36.0,Sarrebruck,Kaiserslautern Hbf
80253914,87113001,110.0,Sarrebruck,Paris Est
80253914,87193003,9.0,Sarrebruck,Forbach
80253914,87193615,19.0,Sarrebruck,Sarreguemines
80253914,87212027,121.0,Sarrebruck,Strasbourg
80290346,80021402,100.0,Stuttgart Hbf,Augsburg Hbf
80290346,80140087,40.0,Stuttgart Hbf,Mannheim Hbf
80290346,80142281,39.0,Stuttgart Hbf,Karlsruhe Hbf
80290346,80291039,55.0,Stuttgart Hbf,Ulm Hbf
80290346,80297796,16.0,Stuttgart Hbf,Vaihingen (Enz)
80290551,80142281,52.0,Esslingen (Neckar),Karlsruhe Hbf
80290551,80291039,49.0,Esslingen (Neckar),Ulm Hbf
80291039,80021402,41.0,Ulm Hbf,Augsburg Hbf
80291039,80290346,57.0,Ulm Hbf,Stuttgart Hbf
80291039,80290551,54.0,Ulm Hbf,Esslingen (Neckar)
80297796,80142281,27.0,Vaihingen (Enz),Karlsruhe Hbf
80297796,80290346,25.0,Vaihingen (Enz),Stuttgart Hbf
80359331,80194332,2.0,Steinfeld (Pfalz),Schaidt (Pfalz)
80359331,80197871,1.0,Steinfeld (Pfalz),Kapsweyer
80359349,80197871,2.0,Schweighofen,Kapsweyer
80359349,87213470,4.0,Schweighofen,Wissembourg
80646133,80191031,2.0,Maximiliansau Im Ruesten,Woerth (Rhein)
80646133,80191049,2.0,Maximiliansau Im Ruesten,Hagenbach
80646141,80191049,2.0,Neuburg (Rhein),Hagenbach
80646141,80191064,2.0,Neuburg (Rhein),Berg (Pfalz)
80659698,80077990,4.0,Berlin Hbf-Lehrter Bahnhof Nord,Berlin-Gesundbrunnen
80659698,80659714,4.0,Berlin Hbf-Lehrter Bahnhof Nord,Berlin Suedkreuz
80659714,80230029,63.0,Berlin Suedkreuz,Halle (Saale) Hbf
80659714,80659698,6.0,Berlin Suedkreuz,Berlin Hbf-Lehrter Bahnhof Nord
80920793,80194043,3.0,Neustadt (Weinstraße) Süd,Neustadt (Weinstr) Hbf
80920793,80194209,3.0,Neustadt (Weinstraße) Süd,Maikammer-Kirrweiler
82001000,82002501,3.0,Luxembourg,Howald
82001000,82006030,9.0,Luxembourg,Bettembourg
82001000,82007104,2.0,Luxembourg,Luxembourg secteur Hollerich
82001000,87191007,21.0,Luxembourg,Thionville
82001000,87192039,42.0,Luxembourg,Metz
82002501,82001000,4.0,Howald,Luxembourg
82002501,82006030,6.0,Howald,Bettembourg
82002501,82260018,14.0,Howald,Bettembourg Gare
82002501,82916015,6.0,Howald,Luxembourg Gare
82006030,82001000,10.0,Bettembourg,Luxembourg
82006030,82002501,7.0,Bettembourg,Howald
82006030,87191007,12.0,Bettembourg,Thionville
82006030,87191163,7.0,Bettembourg,Hettange-Grande
82007104,82001000,3.0,Luxembourg secteur Hollerich,Luxembourg
82007104,82007146,7.0,Luxembourg secteur Hollerich,Dippach secteur Reckange
82007146,82007104,7.0,Dippach secteur Reckange,Luxembourg secteur Hollerich
82007146,82007187,4.0,Dippach secteur Reckange,Bascharage secteur Sanem
82007187,82007146,4.0,Bascharage secteur Sanem,Dippach secteur Reckange
82007187,82009300,3.0,Bascharage secteur Sanem,Petange
82009300,82007187,3.0,Petange,Bascharage secteur Sanem
82009300,82009407,4.0,Petange,Rodange
82009407,82009300,3.0,Rodange,Petange
82009407,87194001,7.0,Rodange,Longwy
82260018,82002501,12.0,Bettembourg Gare,Howald
82260018,82916015,15.0,Bettembourg Gare,Luxembourg Gare
82916015,82002501,6.0,Luxembourg Gare,Howald
82916015,82260018,24.0,Luxembourg Gare,Bettembourg Gare
83000356,83002048,51.0,Turin Porta Susa,OULX CESANA CLAVIERE SESTRIERE
83000356,83016451,88.0,Turin Porta Susa,MILANO PORTA GARIBALDI
83002048,83000356,52.0,OULX CESANA CLAVIERE SESTRIERE,Turin Porta Susa
83002048,83002196,62.0,OULX CESANA CLAVIERE SESTRIERE,TORINO PORTA NUOVA
83002048,87742007,29.0,OULX CESANA CLAVIERE SESTRIERE,Modane
83002196,83002048,57.0,TORINO PORTA NUOVA,OULX CESANA CLAVIERE SESTRIERE
83002196,83016451,150.0,TORINO PORTA NUOVA,MILANO PORTA GARIBALDI
83016451,83000356,89.0,MILANO PORTA GARIBALDI,Turin Porta Susa
83016451,83002196,145.0,MILANO PORTA GARIBALDI,TORINO PORTA NUOVA
83045013,87756403,45.0,VENTIMIGLIA,Monaco-Monte-Carlo
83045013,87756494,12.0,VENTIMIGLIA,Menton Garavan
85000109,85030007,53.0,Basel SBB,Zuerich HB
85000109,87182063,19.0,Basel SBB,Mulhouse
85000109,87182139,7.0,Basel SBB,Saint-Louis
85000109,87187930,4.0,Basel SBB,Bâle Saint-Jean
85010009,85010033,2.0,Zimeysa,Satigny
85010009,85010066,2.0,Zimeysa,Meyrin
85010017,85010025,3.0,La Plaine (Suisse),Russin
85010017,87745380,6.0,La Plaine (Suisse),Pougny - Chancy
85010025,85010017,3.0,Russin,La Plaine (Suisse)
85010025,85010033,4.0,Russin,Satigny
85010025,87745380,8.0,Russin,Pougny - Chancy
85010033,85010009,2.0,Satigny,Zimeysa
85010033,85010025,3.0,Satigny,Russin
85010066,85010009,2.0,Meyrin,Zimeysa
85010066,85010074,2.0,Meyrin,Vernier
85010074,85010066,1.0,Vernier,Meyrin
85010074,85010082,5.0,Vernier,Genève Cornavin
85010074,85161554,5.0,Vernier,Lancy-Pont-Rouge
85010082,85010074,3.0,Genève Cornavin,Vernier
85010082,85011205,38.0,Genève Cornavin,Lausanne
85010082,85161554,4.0,Genève Cornavin,Lancy-Pont-Rouge
85010082,85162834,2.0,Genève Cornavin,Genève-Sécheron
85010082,87745000,27.0,Genève Cornavin,Bellegarde
85010116,85010207,1.0,Les Tuileries,Chambésy
85010116,85010215,2.0,Les Tuileries,Genthod-Bellevue
85010124,85010215,2.0,Creux-de-Genthod,Genthod-Bellevue
85010124,85010223,2.0,Creux-de-Genthod,Versoix
85010132,85010140,2.0,Pont-Céard,Mies
85010132,85010223,2.0,Pont-Céard,Versoix
85010140,85010132,2.0,Mies,Pont-Céard
85010140,85010157,2.0,Mies,Tannay
85010157,85010140,1.0,Tannay,Mies
85010157,85010231,2.0,Tannay,Coppet
85010207,85010116,1.0,Chambésy,Les Tuileries
85010207,85162834,1.0,Chambésy,Genève-Sécheron
85010215,85010116,2.0,Genthod-Bellevue,Les Tuileries
85010215,85010124,2.0,Genthod-Bellevue,Creux-de-Genthod
85010223,85010124,2.0,Versoix,Creux-de-Genthod
85010223,85010132,1.0,Versoix,Pont-Céard
85010231,85010157,1.0,Coppet,Tannay
85010264,85161554,6.0,Geneve-Aeroport,Lancy-Pont-Rouge
85011031,85011205,36.0,Vallorbe,Lausanne
85011031,87685784,10.0,Vallorbe,Les Tavins
85011031,87715136,14.0,Vallorbe,Frasne
85011031,87715219,9.0,Vallorbe,Labergement-Sainte-Marie
85011031,87715524,15.0,Vallorbe,Jougne
85011205,85010082,39.0,Lausanne,Genève Cornavin
85011205,85011031,35.0,Lausanne,Vallorbe
85015008,85303032,1.0,Martigny,Les Fumeaux
85015610,85015628,10.0,Vernayaz MC,Salvan
85015610,85303032,3.0,Vernayaz MC,Les Fumeaux
85015628,85015610,14.0,Salvan,Vernayaz MC
85015628,85015636,4.0,Salvan,Les Marécottes
85015636,85015628,4.0,Les Marécottes,Salvan
85015636,85303347,1.0,Les Marécottes,La Médettaz
85015644,85015651,8.0,Le Trétien,Finhaut
85015644,85303347,3.0,Le Trétien,La Médettaz
85015651,85015644,8.0,Finhaut,Le Trétien
85015651,85015669,7.0,Finhaut,Le Chatelard VS
85015669,85015651,8.0,Le Chatelard VS,Finhaut
85015669,85015685,3.0,Le Chatelard VS,Le Châtelard Frontière
85015685,85015669,2.0,Le Châtelard Frontière,Le Chatelard VS
85015685,87746875,6.0,Le Châtelard Frontière,Vallorcine
85030007,85000109,51.0,Zuerich HB,Basel SBB
85042150,85042218,25.0,Travers,Neuchatel
85042150,87715003,26.0,Travers,Pontarlier
85042218,85042150,22.0,Neuchatel,Travers
85042218,85070003,34.0,Neuchatel,Bern
85043141,85043158,4.0,La Chaux-de-Fonds,Le Crêt-du-Locle
85043141,85043166,7.0,La Chaux-de-Fonds,Le Locle
85043141,85043216,2.0,La Chaux-de-Fonds,La Chaux-de-Fonds Les Forges
85043158,85043166,4.0,Le Crêt-du-Locle,Le Locle
85043158,85043216,3.0,Le Crêt-du-Locle,La Chaux-de-Fonds Les Forges
85043166,85043158,4.0,Le Locle,Le Crêt-du-Locle
85043166,87598219,4.0,Le Locle,Le Locle Col des Roches
85043166,87718619,14.0,Le Locle,Morteau
85043216,85043141,3.0,La Chaux-de-Fonds Les Forges,La Chaux-de-Fonds
85043216,85043158,3.0,La Chaux-de-Fonds Les Forges,Le Crêt-du-Locle
85070003,85042218,41.0,Bern,Neuchatel
85161554,85010074,4.0,Lancy-Pont-Rouge,Vernier
85161554,85010082,4.0,Lancy-Pont-Rouge,Genève Cornavin
85161554,85010264,7.0,Lancy-Pont-Rouge,Geneve-Aeroport
85161554,85171421,2.0,Lancy-Pont-Rouge,Lancy-Bachet
85162727,85162735,1.0,Genève-Champel,Genève-Eaux-Vives
85162727,85171421,4.0,Genève-Champel,Lancy-Bachet
85162735,85162727,1.0,Genève-Eaux-Vives,Genève-Champel
85162735,85162743,2.0,Genève-Eaux-Vives,Chêne-Bourg
85162743,85162735,2.0,Chêne-Bourg,Genève-Eaux-Vives
85162743,87745497,4.0,Chêne-Bourg,Annemasse
85162834,85010082,3.0,Genève-Sécheron,Genève Cornavin
85162834,85010207,2.0,Genève-Sécheron,Chambésy
85171421,85161554,1.0,Lancy-Bachet,Lancy-Pont-Rouge
85171421,85162727,3.0,Lancy-Bachet,Genève-Champel
85303032,85015008,4.0,Les Fumeaux,Martigny
85303032,85015610,3.0,Les Fumeaux,Vernayaz MC
85303347,85015636,1.0,La Médettaz,Les Marécottes
85303347,85015644,3.0,La Médettaz,Le Trétien
85927137,85928291,10.0,Chêne-Bourg Place Favre,Genève Eaux-Vives Gare
85927137,87745497,15.0,Chêne-Bourg Place Favre,Annemasse
85928291,85927137,10.0,Genève Eaux-Vives Gare,Chêne-Bourg Place Favre
87009696,87571000,32.0,La Douzillère,Tours
87009696,87571406,7.0,La Douzillère,Montbazon
87009696,87571885,3.0,La Douzillère,Joué-lès-Tours
87024380,87589598,1.0,Le Puy-en-Velay Lafayette,Le Puy En Velay Hôpital E.Roux
87024380,87734699,5.0,Le Puy-en-Velay Lafayette,Le Puy-en-Velay
87107409,87142240,9.0,Vignory Centre,Froncles
87107409,87279869,4.0,Vignory Centre,Vouécourt
87107417,87107425,9.0,Chaumont Hôpital,Bologne Salle des Fêtes
87107417,87142000,6.0,Chaumont Hôpital,Chaumont
87107425,87107417,9.0,Bologne Salle des Fêtes,Chaumont Hôpital
87107425,87142000,15.0,Bologne Salle des Fêtes,Chaumont
87107425,87142240,12.0,Bologne Salle des Fêtes,Froncles
87107425,87326462,2.0,Bologne Salle des Fêtes,Roôcourt-la-Côte
87107433,87142240,9.0,Soncourt,Froncles
87107433,87143024,3.0,Soncourt,Vraincourt
87107433,87279869,3.0,Soncourt,Vouécourt
87107458,87107490,8.0,Gudmont-Centre,Fronville Lotissement
87107458,87142240,9.0,Gudmont-Centre,Froncles
87107458,87142273,5.0,Gudmont-Centre,Donjeux
87107458,87338194,4.0,Gudmont-Centre,Rouvroy-sur-Marne
87107466,87107508,6.0,Eurville Mairie,Marnaval Église
87107466,87175000,18.0,Eurville Mairie,Saint-Dizier
87107466,87175117,22.0,Eurville Mairie,Chevillon
87107466,87402826,2.0,Eurville Mairie,Bienville
87107474,87107508,5.0,Saint-Dizier Godard-Jeanson,Marnaval Église
87107474,87175000,5.0,Saint-Dizier Godard-Jeanson,Saint-Dizier
87107474,87338145,3.0,Saint-Dizier Godard-Jeanson,Saint-Dizier Saint-Amand
87107482,87175109,1.0,Chatonrupt,Curel
87107482,87338178,3.0,Chatonrupt,Vecqueville
87107490,87107458,11.0,Fronville Lotissement,Gudmont-Centre
87107490,87142273,4.0,Fronville Lotissement,Donjeux
87107490,87338186,3.0,Fronville Lotissement,Rupt
87107490,87338194,6.0,Fronville Lotissement,Rouvroy-sur-Marne
87107508,87107466,6.0,Marnaval Église,Eurville Mairie
87107508,87107474,6.0,Marnaval Église,Saint-Dizier Godard-Jeanson
87107508,87338145,3.0,Marnaval Église,Saint-Dizier Saint-Amand
87108829,87172254,4.0,Sedan Place Calonne,Sedan
87109306,87286005,8.0,Lille Centre Hospitalier Régional,Lille Flandres
87109306,87286112,1.0,Lille Centre Hospitalier Régional,Loos lez Lille
87109306,87286419,6.0,Lille Centre Hospitalier Régional,Wavrin
87109306,87286435,8.0,Lille Centre Hospitalier Régional,Don - Sainghin
87109306,87287250,2.0,Lille Centre Hospitalier Régional,Lille Porte de Douai
87109306,87342436,14.0,Lille Centre Hospitalier Régional,La Bassée
87110346,87118414,2.0,Ervy-le-Châtel Halles,Ervy-le-Châtel Gare
87110346,87690396,7.0,Ervy-le-Châtel Halles,Montfey
87110361,87139907,2.0,Villeneuve-au-Chemin,Coursan-en-Othe RN
87110361,87690396,4.0,Villeneuve-au-Chemin,Montfey
87110379,87117929,2.0,Fays-la-Chapelle,Jeugny Église
87110379,87117960,2.0,Fays-la-Chapelle,Saint-Phal Monument aux Morts
87111849,87171926,29.0,Marne-la-Vallée Chessy,Champagne-Ardenne TGV
87111849,87212027,99.0,Marne-la-Vallée Chessy,Strasbourg
87111849,87271494,10.0,Marne-la-Vallée Chessy,Aéroport Charles de Gaulle 2 TGV
87111849,87318964,151.0,Marne-la-Vallée Chessy,Avignon TGV
87111849,87319012,166.0,Marne-la-Vallée Chessy,Aix-en-Provence TGV
87111849,87393702,27.0,Marne-la-Vallée Chessy,Massy TGV
87111849,87396002,170.0,Marne-la-Vallée Chessy,Le Mans
87111849,87571240,118.0,Marne-la-Vallée Chessy,Saint-Pierre-des-Corps
87111849,87694109,71.0,Marne-la-Vallée Chessy,Le Creusot-TGV
87111849,87713040,82.0,Marne-la-Vallée Chessy,Dijon
87111849,87722025,121.0,Marne-la-Vallée Chessy,Lyon Perrache
87111849,87723197,104.0,Marne-la-Vallée Chessy,Lyon Part Dieu
87111849,87725705,84.0,Marne-la-Vallée Chessy,Mâcon - Loché TGV
87111849,87741009,170.0,Marne-la-Vallée Chessy,Chambéry - Challes-les-Eaux
87111849,87743005,103.0,Marne-la-Vallée Chessy,Bourg-en-Bresse
87111849,87751008,174.0,Marne-la-Vallée Chessy,Marseille Saint-Charles
87111849,87762906,99.0,Marne-la-Vallée Chessy,Lyon Saint-Exupéry TGV
87111849,87763029,126.0,Marne-la-Vallée Chessy,Valence TGV Rhône-Alpes Sud
87111864,87783563,6.0,Balsièges Bourg,Barjac
87111864,87783605,9.0,Balsièges Bourg,Mende
87112326,87112334,2.0,Carignan Rue de la Paix,Wé
87112326,87172353,2.0,Carignan Rue de la Paix,Carignan
87112334,87112326,2.0,Wé,Carignan Rue de la Paix
87112334,87172346,2.0,Wé,Sachy
87112342,87172395,6.0,Fromy,Linay
87112342,87172411,4.0,Fromy,Margut - Fromy
87112714,87172411,1.0,Margut Place Trouslard,Margut - Fromy
87112714,87173401,4.0,Margut Place Trouslard,La Ferté-sur-Chiers
87112771,87216127,5.0,Saint-Hilaire-sous-Romilly,Romilly-sur-Seine Hôpital
87112771,87216184,2.0,Saint-Hilaire-sous-Romilly,Crancey Route Nationale
87113001,80253914,108.0,Paris Est,Sarrebruck
87113001,87116137,46.0,Paris Est,Longueville
87113001,87116517,36.0,Paris Est,La Ferté-sous-Jouarre
87113001,87116582,45.0,Paris Est,Château-Thierry
87113001,87118190,54.0,Paris Est,Nogent-sur-Seine
87113001,87141002,88.0,Paris Est,Nancy
87113001,87142109,74.0,Paris Est,Lorraine TGV
87113001,87147322,59.0,Paris Est,Meuse TGV
87113001,87171009,44.0,Paris Est,Reims
87113001,87171512,130.0,Paris Est,Dormans
87113001,87171926,39.0,Paris Est,Champagne-Ardenne TGV
87113001,87174003,82.0,Paris Est,Châlons-en-Champagne
87113001,87182063,161.0,Paris Est,Mulhouse
87113001,87192039,82.0,Paris Est,Metz
87113001,87193003,99.0,Paris Est,Forbach
87113001,87212027,103.0,Paris Est,Strasbourg
87116137,87113001,47.0,Longueville,Paris Est
87116137,87118190,11.0,Longueville,Nogent-sur-Seine
87116517,87113001,37.0,La Ferté-sous-Jouarre,Paris Est
87116517,87116582,15.0,La Ferté-sous-Jouarre,Château-Thierry
87116582,87113001,46.0,Château-Thierry,Paris Est
87116582,87116517,15.0,Château-Thierry,La Ferté-sous-Jouarre
87116582,87171512,11.0,Château-Thierry,Dormans
87117119,87117937,7.0,Auxon Église,Montigny-les-Monts Mairie
87117119,87118414,7.0,Auxon Église,Ervy-le-Châtel Gare
87117440,87117457,4.0,Martigny-Les-Gerbonvaux Centre,Autreville Centre
87117440,87141259,5.0,Martigny-Les-Gerbonvaux Centre,Soulosse Route Nationale
87117457,87117440,6.0,Autreville Centre,Martigny-Les-Gerbonvaux Centre
87117457,87744011,6.0,Autreville Centre,Colombey-les-Belles Mairie
87117465,87141754,3.0,Allamps E.S.A.T,Barisey-la-Côte Gare
87117499,87191387,4.0,Hestroff Eglise,Anzeling
87117499,87406751,4.0,Hestroff Eglise,Ebersviller Centre
87117507,87191411,3.0,Vaudreching Bernanos,Remelfang Giratoire
87117507,87193177,3.0,Vaudreching Bernanos,Bouzonville
87117507,87735522,2.0,Vaudreching Bernanos,Bouzonville Institut Providenc
87117515,87193169,2.0,Alzing Rue de Brettnach,Brettnach Centre
87117515,87406728,3.0,Alzing Rue de Brettnach,Bouzonville Rue d'Alzing
87117523,87193144,2.0,Hargarten-aux-Mines Rue Principale,Falck Gare
87117523,87193151,5.0,Hargarten-aux-Mines Rue Principale,Teterchen Rue Jeanne D'Arc
87117598,87194480,2.0,Montigny-sur-Chiers Eglise,Montigny-sur-Chiers la Roche
87117598,87406660,4.0,Montigny-sur-Chiers Eglise,Cons-la-Grandville Haut Fourneau
87117606,87406678,2.0,Lexy Carrefour,Cons-la-Grandville Lotissement
87117606,87406694,1.0,Lexy Carrefour,Lexy Rue du Square
87117689,87215145,4.0,Hertzing Centre,Heming Mairie
87117689,87407403,2.0,Hertzing Centre,Gondrexange Centre
87117697,87215145,4.0,Bébing Route Nationale,Heming Mairie
87117697,87407106,6.0,Bébing Route Nationale,Sarrebourg Verreries
87117903,87117978,4.0,Bouilly Mairie,Villery
87117903,87139667,12.0,Bouilly Mairie,Troyes Lombards
87117903,87727875,10.0,Bouilly Mairie,Saint Pouange Lycée Agricole
87117911,87117937,4.0,Chamoy-Carrefour D1/D23,Montigny-les-Monts Mairie
87117911,87117960,3.0,Chamoy-Carrefour D1/D23,Saint-Phal Monument aux Morts
87117929,87110379,2.0,Jeugny Église,Fays-la-Chapelle
87117929,87139873,3.0,Jeugny Église,Machy
87117937,87117119,7.0,Montigny-les-Monts Mairie,Auxon Église
87117937,87117911,4.0,Montigny-les-Monts Mairie,Chamoy-Carrefour D1/D23
87117952,87117978,3.0,Saint-Jean-de-Bonneval Église,Villery
87117952,87139865,4.0,Saint-Jean-de-Bonneval Église,Lirey la Chapelle
87117960,87110379,2.0,Saint-Phal Monument aux Morts,Fays-la-Chapelle
87117960,87117911,3.0,Saint-Phal Monument aux Morts,Chamoy-Carrefour D1/D23
87117978,87117119,12.0,Villery,Auxon Église
87117978,87117903,4.0,Villery,Bouilly Mairie
87117978,87117952,3.0,Villery,Saint-Jean-de-Bonneval Église
87117986,87139907,5.0,Neuvy-Sautour Route Nationale,Coursan-en-Othe RN
87117986,87683334,8.0,Neuvy-Sautour Route Nationale,Saint-Florentin-Ville
87117986,87765941,8.0,Neuvy-Sautour Route Nationale,Saint-Florentin Gare routière
87117994,87683268,13.0,Brienon-sur-Armançon Mairie,Laroche - Migennes
87117994,87683334,10.0,Brienon-sur-Armançon Mairie,Saint-Florentin-Ville
87118000,87118158,17.0,Troyes,Romilly-sur-Seine
87118000,87118257,15.0,Troyes,Vendeuvre
87118000,87174003,70.0,Troyes,Châlons-en-Champagne
87118000,87216051,3.0,Troyes,Troyes Victor Hugo
87118000,87727735,3.0,Troyes,Troyes Théâtre de Champagne
87118067,87727750,1.0,Saint-Lyé Eglise,Saint-Lyé Mantenay
87118067,87727768,1.0,Saint-Lyé Eglise,Saint Lyé Gravières
87118075,87727784,1.0,Payns Mairie,Payns Église
87118075,87727792,1.0,Payns Mairie,Payns Abri Côté Savières
87118083,87727800,1.0,Savières  Impasse St-Phal,Savières Arbre de la Liberté
87118083,87727818,1.0,Savières  Impasse St-Phal,Savières Rue Saint-Gilles
87118091,87727818,2.0,Saint-Mesmin Gare SNCF,Savières Rue Saint-Gilles
87118091,87727834,1.0,Saint-Mesmin Gare SNCF,Saint-Mesmin Place du Monument
87118117,87139550,3.0,Vallant-Saint-Georges Mairie,Mesgrigny Mairie
87118117,87727842,3.0,Vallant-Saint-Georges Mairie,Saint-Mesmin Courlanges
87118133,87139568,6.0,Châtres Salle Polyvalente,Méry-sur-Seine Hôtel de Ville
87118133,87727859,4.0,Châtres Salle Polyvalente,Maizières la Grande Paroisse Pont de Clairvaux
87118141,87139584,3.0,Maizières-la-Grande-Paroisse Eglise,Maizières-la-Grande-Paroisse Tabac
87118141,87727859,3.0,Maizières-la-Grande-Paroisse Eglise,Maizières la Grande Paroisse Pont de Clairvaux
87118158,87118000,18.0,Romilly-sur-Seine,Troyes
87118158,87118190,10.0,Romilly-sur-Seine,Nogent-sur-Seine
87118158,87216119,3.0,Romilly-sur-Seine,Romilly-sur-Seine Atelier SNCF
87118158,87727867,6.0,Romilly-sur-Seine,Romilly-sur-Seine Centre Commercial
87118182,87216135,6.0,Marnay-sur-Seine,Pont-sur-Seine Fleming
87118182,87216150,6.0,Marnay-sur-Seine,Nogent-sur-Seine Avenue du Génaral de Gaulle
87118190,87113001,54.0,Nogent-sur-Seine,Paris Est
87118190,87116137,11.0,Nogent-sur-Seine,Longueville
87118190,87118158,10.0,Nogent-sur-Seine,Romilly-sur-Seine
87118190,87216168,4.0,Nogent-sur-Seine,Nogent-sur-Seine Théatre
87118257,87118000,15.0,Vendeuvre,Troyes
87118257,87118299,11.0,Vendeuvre,Bar-sur-Aube
87118257,87215939,6.0,Vendeuvre,Magny-Fouchard
87118257,87215947,2.0,Vendeuvre,Vendeuvre-sur-Barse Centre
87118299,87118257,11.0,Bar-sur-Aube,Vendeuvre
87118299,87142000,19.0,Bar-sur-Aube,Chaumont
87118299,87215616,2.0,Bar-sur-Aube,Bar-sur-Aube Piscine
87118299,87398735,3.0,Bar-sur-Aube,Bar-sur-Aube Hôtel de Ville
87118299,87727909,8.0,Bar-sur-Aube,Bar sur Aube Collége
87118414,87110346,2.0,Ervy-le-Châtel Gare,Ervy-le-Châtel Halles
87118414,87117119,7.0,Ervy-le-Châtel Gare,Auxon Église
87118414,87429761,7.0,Ervy-le-Châtel Gare,Auxon Route Nationale
87130823,87611558,8.0,Les Cabannes Centre,Luzenac - Garanou
87130823,87611566,3.0,Les Cabannes Centre,Vèbre
87130823,87611590,13.0,Les Cabannes Centre,Tarascon-sur-Ariège
87130831,87130898,11.0,Pamiers Centre,Varilhes Centre
87130849,87611517,11.0,Merens-Les-Vals,Andorre l'Hospitalet
87130880,87611343,11.0,Le Vernet,Pamiers
87130880,87611368,11.0,Le Vernet,Saverdun
87130898,87611327,3.0,Varilhes Centre,Varilhes
87130898,87611624,4.0,Varilhes Centre,Saint-Jean-de-Verges
87131961,87695973,14.0,Brion - Montréal-la-Cluse Gare,Bellignat - Lycée-Arbez-Carme
87131961,87697128,70.0,Brion - Montréal-la-Cluse Gare,Lyon-Part-Dieu Gare Routière
87131961,87743351,3.0,Brion - Montréal-la-Cluse Gare,Nurieux Gare
87131961,87743526,9.0,Brion - Montréal-la-Cluse Gare,Bellignat
87131961,87743534,20.0,Brion - Montréal-la-Cluse Gare,Oyonnax
87134387,87586370,8.0,Auch Le Seilhan,Rambert Preignan
87134387,87611749,7.0,Auch Le Seilhan,Auch
87137158,87611590,2.0,Tarascon-sur-Ariège Espace Francois Mitterrand,Tarascon-sur-Ariège
87138321,87138438,3.0,Gaillac-d'Aveyron Bourg,Gaillac-D-Aveyron Lugans
87138321,87783795,5.0,Gaillac-d'Aveyron Bourg,Severac-D-Aveyron Recoules
87138339,87783365,5.0,Severac d'Aveyron Lapanouse,Sévérac-le-Château
87138339,87783795,7.0,Severac d'Aveyron Lapanouse,Severac-D-Aveyron Recoules
87138362,87138370,2.0,Onet-le-Château la Roquette,Loubiere Canabols
87138362,87755140,5.0,Onet-le-Château la Roquette,Onet-le-Château Route de Sévérac
87138370,87138362,2.0,Loubiere Canabols,Onet-le-Château la Roquette
87138370,87146472,5.0,Loubiere Canabols,Montrozier Gages Pont
87138438,87138321,5.0,Gaillac-D-Aveyron Lugans,Gaillac-d'Aveyron Bourg
87138438,87450874,2.0,Gaillac-D-Aveyron Lugans,Grèzes Séverac-l'Eglise
87139089,87613356,21.0,Albias,Caussade
87139501,87139659,5.0,Troyes Gare Routière,Troyes Chambre de Commerce
87139501,87139667,10.0,Troyes Gare Routière,Troyes Lombards
87139501,87727735,3.0,Troyes Gare Routière,Troyes Théâtre de Champagne
87139501,87747147,5.0,Troyes Gare Routière,Troyes Hôpital Simone Veil
87139527,87139535,1.0,Barberey-Saint-Sulpice Centre Commercial,Barberey-Saint-Sulpice Route d
87139527,87727743,6.0,Barberey-Saint-Sulpice Centre Commercial,Troyes Pont Vert
87139535,87139527,1.0,Barberey-Saint-Sulpice Route d,Barberey-Saint-Sulpice Centre Commercial
87139535,87344127,2.0,Barberey-Saint-Sulpice Route d,Saint-Lyé Maisons brûlées
87139550,87118117,3.0,Mesgrigny Mairie,Vallant-Saint-Georges Mairie
87139550,87139568,5.0,Mesgrigny Mairie,Méry-sur-Seine Hôtel de Ville
87139568,87118133,6.0,Méry-sur-Seine Hôtel de Ville,Châtres Salle Polyvalente
87139568,87139550,5.0,Méry-sur-Seine Hôtel de Ville,Mesgrigny Mairie
87139584,87118141,3.0,Maizières-la-Grande-Paroisse Tabac,Maizières-la-Grande-Paroisse Eglise
87139584,87727867,2.0,Maizières-la-Grande-Paroisse Tabac,Romilly-sur-Seine Centre Commercial
87139659,87139501,5.0,Troyes Chambre de Commerce,Troyes Gare Routière
87139659,87139667,5.0,Troyes Chambre de Commerce,Troyes Lombards
87139667,87117903,12.0,Troyes Lombards,Bouilly Mairie
87139667,87139659,5.0,Troyes Lombards,Troyes Chambre de Commerce
87139667,87429761,20.0,Troyes Lombards,Auxon Route Nationale
87139667,87727875,12.0,Troyes Lombards,Saint Pouange Lycée Agricole
87139865,87117952,4.0,Lirey la Chapelle,Saint-Jean-de-Bonneval Église
87139865,87515601,3.0,Lirey la Chapelle,Longeville-sur-Mogne Mairie
87139873,87117929,3.0,Machy,Jeugny Église
87139873,87515601,4.0,Machy,Longeville-sur-Mogne Mairie
87139907,87110361,2.0,Coursan-en-Othe RN,Villeneuve-au-Chemin
87139907,87117986,5.0,Coursan-en-Othe RN,Neuvy-Sautour Route Nationale
87139907,87429761,5.0,Coursan-en-Othe RN,Auxon Route Nationale
87141002,87113001,88.0,Nancy,Paris Est
87141002,87141010,3.0,Nancy,Jarville-la-Malgrange
87141002,87141044,18.0,Nancy,Toul
87141002,87141069,9.0,Nancy,Liverdun
87141002,87141077,6.0,Nancy,Frouard
87141002,87141085,4.0,Nancy,Champigneulles
87141002,87141101,7.0,Nancy,Varangéville - Saint-Nicolas
87141002,87141119,8.0,Nancy,Dombasle-sur-Meurthe
87141002,87141135,12.0,Nancy,Blainville - Damelevières
87141002,87141150,17.0,Nancy,Lunéville
87141002,87141200,17.0,Nancy,Einvaux
87141002,87141218,38.0,Nancy,Bayon
87141002,87141523,25.0,Nancy,Pont-Saint-Vincent
87141002,87141820,15.0,Nancy,Pont-à-Mousson
87141002,87144006,40.0,Nancy,Épinal
87141002,87144014,49.0,Nancy,Saint-Dié-des-Vosges
87141002,87144055,27.0,Nancy,Charmes
87141002,87147322,33.0,Nancy,Meuse TGV
87141002,87171926,52.0,Nancy,Champagne-Ardenne TGV
87141002,87175778,108.0,Nancy,Verdun
87141002,87192666,80.0,Nancy,Conflans - Jarny
87141002,87212027,63.0,Nancy,Strasbourg
87141002,87215012,37.0,Nancy,Sarrebourg
87141002,87717090,25.0,Nancy,Ceintrey Eglise
87141002,87744011,40.0,Nancy,Colombey-les-Belles Mairie
87141002,87768960,73.0,Nancy,Contrexéville Centre
87141010,87141002,2.0,Jarville-la-Malgrange,Nancy
87141010,87141093,2.0,Jarville-la-Malgrange,Laneuveville-devant-Nancy
87141010,87141473,4.0,Jarville-la-Malgrange,Houdemont
87141036,87141044,4.0,Foug,Toul
87141036,87175828,3.0,Foug,Pagny-sur-Meuse
87141044,87141002,19.0,Toul,Nancy
87141044,87141036,4.0,Toul,Foug
87141044,87141051,5.0,Toul,Fontenoy-sur-Moselle
87141044,87141069,9.0,Toul,Liverdun
87141044,87141291,23.0,Toul,Neufchâteau
87141044,87175257,13.0,Toul,Commercy
87141044,87405753,3.0,Toul,Toul Gare Routière
87141044,87744011,16.0,Toul,Colombey-les-Belles Mairie
87141051,87141044,5.0,Fontenoy-sur-Moselle,Toul
87141051,87141069,5.0,Fontenoy-sur-Moselle,Liverdun
87141069,87141002,10.0,Liverdun,Nancy
87141069,87141044,10.0,Liverdun,Toul
87141069,87141051,5.0,Liverdun,Fontenoy-sur-Moselle
87141069,87141077,4.0,Liverdun,Frouard
87141069,87141085,6.0,Liverdun,Champigneulles
87141077,87141002,7.0,Frouard,Nancy
87141077,87141069,4.0,Frouard,Liverdun
87141077,87141085,2.0,Frouard,Champigneulles
87141077,87141788,2.0,Frouard,Pompey
87141085,87141002,5.0,Champigneulles,Nancy
87141085,87141069,6.0,Champigneulles,Liverdun
87141085,87141077,2.0,Champigneulles,Frouard
87141093,87141010,2.0,Laneuveville-devant-Nancy,Jarville-la-Malgrange
87141093,87141101,4.0,Laneuveville-devant-Nancy,Varangéville - Saint-Nicolas
87141101,87141002,8.0,Varangéville - Saint-Nicolas,Nancy
87141101,87141010,5.0,Varangéville - Saint-Nicolas,Jarville-la-Malgrange
87141101,87141093,4.0,Varangéville - Saint-Nicolas,Laneuveville-devant-Nancy
87141101,87141119,2.0,Varangéville - Saint-Nicolas,Dombasle-sur-Meurthe
87141101,87141135,6.0,Varangéville - Saint-Nicolas,Blainville - Damelevières
87141119,87141002,10.0,Dombasle-sur-Meurthe,Nancy
87141119,87141101,2.0,Dombasle-sur-Meurthe,Varangéville - Saint-Nicolas
87141119,87141127,2.0,Dombasle-sur-Meurthe,Rosières-aux-Salines
87141119,87141150,10.0,Dombasle-sur-Meurthe,Lunéville
87141127,87141119,2.0,Rosières-aux-Salines,Dombasle-sur-Meurthe
87141127,87141135,4.0,Rosières-aux-Salines,Blainville - Damelevières
87141135,87141002,14.0,Blainville - Damelevières,Nancy
87141135,87141101,6.0,Blainville - Damelevières,Varangéville - Saint-Nicolas
87141135,87141119,5.0,Blainville - Damelevières,Dombasle-sur-Meurthe
87141135,87141127,3.0,Blainville - Damelevières,Rosières-aux-Salines
87141135,87141143,3.0,Blainville - Damelevières,Mont-sur-Meurthe
87141135,87141150,7.0,Blainville - Damelevières,Lunéville
87141135,87141200,5.0,Blainville - Damelevières,Einvaux
87141135,87141218,9.0,Blainville - Damelevières,Bayon
87141135,87144006,60.0,Blainville - Damelevières,Épinal
87141135,87144055,16.0,Blainville - Damelevières,Charmes
87141143,87141135,3.0,Mont-sur-Meurthe,Blainville - Damelevières
87141143,87141150,4.0,Mont-sur-Meurthe,Lunéville
87141150,87141002,17.0,Lunéville,Nancy
87141150,87141119,9.0,Lunéville,Dombasle-sur-Meurthe
87141150,87141135,6.0,Lunéville,Blainville - Damelevières
87141150,87141143,3.0,Lunéville,Mont-sur-Meurthe
87141150,87141374,7.0,Lunéville,Saint-Clément - Laronxe
87141150,87141408,12.0,Lunéville,Azerailles
87141150,87141416,14.0,Lunéville,Baccarat
87141150,87144014,30.0,Lunéville,Saint-Dié-des-Vosges
87141150,87215012,21.0,Lunéville,Sarrebourg
87141150,87215103,12.0,Lunéville,Igney - Avricourt
87141200,87141002,19.0,Einvaux,Nancy
87141200,87141135,5.0,Einvaux,Blainville - Damelevières
87141200,87141218,5.0,Einvaux,Bayon
87141218,87141002,38.0,Bayon,Nancy
87141218,87141135,9.0,Bayon,Blainville - Damelevières
87141218,87141200,5.0,Bayon,Einvaux
87141218,87144055,6.0,Bayon,Charmes
87141259,87117440,3.0,Soulosse Route Nationale,Martigny-Les-Gerbonvaux Centre
87141259,87405746,4.0,Soulosse Route Nationale,Neufchâteau Hôpital
87141291,87141002,70.0,Neufchâteau,Nancy
87141291,87141044,23.0,Neufchâteau,Toul
87141291,87142125,45.0,Neufchâteau,Culmont - Chalindrey
87141291,87405746,5.0,Neufchâteau,Neufchâteau Hôpital
87141291,87458869,9.0,Neufchâteau,Neufchâteau Lycée Professionnel
87141291,87713040,120.0,Neufchâteau,Dijon
87141374,87141150,8.0,Saint-Clément - Laronxe,Lunéville
87141374,87141382,2.0,Saint-Clément - Laronxe,Chenevières
87141374,87141408,5.0,Saint-Clément - Laronxe,Azerailles
87141374,87141416,9.0,Saint-Clément - Laronxe,Baccarat
87141382,87141374,3.0,Chenevières,Saint-Clément - Laronxe
87141382,87141390,2.0,Chenevières,Ménil - Flin
87141382,87141408,5.0,Chenevières,Azerailles
87141390,87141374,4.0,Ménil - Flin,Saint-Clément - Laronxe
87141390,87141382,2.0,Ménil - Flin,Chenevières
87141390,87141408,3.0,Ménil - Flin,Azerailles
87141408,87141150,13.0,Azerailles,Lunéville
87141408,87141374,5.0,Azerailles,Saint-Clément - Laronxe
87141408,87141382,4.0,Azerailles,Chenevières
87141408,87141390,2.0,Azerailles,Ménil - Flin
87141408,87141416,4.0,Azerailles,Baccarat
87141416,87141150,15.0,Baccarat,Lunéville
87141416,87141374,9.0,Baccarat,Saint-Clément - Laronxe
87141416,87141408,4.0,Baccarat,Azerailles
87141416,87141424,3.0,Baccarat,Bertrichamps
87141416,87144626,6.0,Baccarat,Raon-l'Étape
87141424,87141416,3.0,Bertrichamps,Baccarat
87141424,87141432,2.0,Bertrichamps,Thiaville
87141424,87144626,3.0,Bertrichamps,Raon-l'Étape
87141432,87141416,6.0,Thiaville,Baccarat
87141432,87141424,2.0,Thiaville,Bertrichamps
87141432,87144626,3.0,Thiaville,Raon-l'Étape
87141473,87141010,4.0,Houdemont,Jarville-la-Malgrange
87141473,87141481,3.0,Houdemont,Ludres
87141481,87141473,3.0,Ludres,Houdemont
87141481,87141499,3.0,Ludres,Messein
87141499,87141481,3.0,Messein,Ludres
87141499,87141507,2.0,Messein,Neuves-Maisons
87141507,87141499,3.0,Neuves-Maisons,Messein
87141507,87141523,3.0,Neuves-Maisons,Pont-Saint-Vincent
87141523,87141507,2.0,Pont-Saint-Vincent,Neuves-Maisons
87141523,87701102,16.0,Pont-Saint-Vincent,Ceintrey Groupe Scolaire
87141721,87141739,5.0,Blénod-lès-Toul Les Naux,Bulligny Centre
87141721,87405753,12.0,Blénod-lès-Toul Les Naux,Toul Gare Routière
87141739,87141721,5.0,Bulligny Centre,Blénod-lès-Toul Les Naux
87141739,87405712,3.0,Bulligny Centre,Barisey-la-Côte Mairie
87141754,87117465,5.0,Barisey-la-Côte Gare,Allamps E.S.A.T
87141754,87405712,2.0,Barisey-la-Côte Gare,Barisey-la-Côte Mairie
87141788,87141077,2.0,Pompey,Frouard
87141788,87141796,3.0,Pompey,Marbache
87141788,87141804,4.0,Pompey,Belleville
87141788,87141812,6.0,Pompey,Dieulouard
87141796,87141788,3.0,Marbache,Pompey
87141796,87141804,2.0,Marbache,Belleville
87141796,87141812,4.0,Marbache,Dieulouard
87141804,87141788,4.0,Belleville,Pompey
87141804,87141796,2.0,Belleville,Marbache
87141804,87141812,3.0,Belleville,Dieulouard
87141812,87141796,4.0,Dieulouard,Marbache
87141812,87141804,3.0,Dieulouard,Belleville
87141812,87141820,4.0,Dieulouard,Pont-à-Mousson
87141820,87141002,16.0,Pont-à-Mousson,Nancy
87141820,87141085,13.0,Pont-à-Mousson,Champigneulles
87141820,87141812,4.0,Pont-à-Mousson,Dieulouard
87141820,87192039,54.0,Pont-à-Mousson,Metz
87141820,87192435,12.0,Pont-à-Mousson,Onville
87141820,87192468,5.0,Pont-à-Mousson,Pagny-sur-Moselle
87141820,87192476,4.0,Pont-à-Mousson,Vandières
87142000,87107417,5.0,Chaumont,Chaumont Hôpital
87142000,87107425,15.0,Chaumont,Bologne Salle des Fêtes
87142000,87118299,19.0,Chaumont,Bar-sur-Aube
87142000,87142091,18.0,Chaumont,Langres
87142000,87142224,8.0,Chaumont,Bologne
87142000,87142240,15.0,Chaumont,Froncles
87142000,87174003,72.0,Chaumont,Châlons-en-Champagne
87142000,87175000,41.0,Chaumont,Saint-Dizier
87142000,87319756,24.0,Chaumont,Viéville
87142091,87142000,18.0,Langres,Chaumont
87142091,87142125,7.0,Langres,Culmont - Chalindrey
87142109,87113001,72.0,Lorraine TGV,Paris Est
87142109,87147322,17.0,Lorraine TGV,Meuse TGV
87142109,87171926,37.0,Lorraine TGV,Champagne-Ardenne TGV
87142109,87212027,36.0,Lorraine TGV,Strasbourg
87142125,87141291,46.0,Culmont - Chalindrey,Neufchâteau
87142125,87142091,7.0,Culmont - Chalindrey,Langres
87142125,87144287,44.0,Culmont - Chalindrey,Contrexéville
87142125,87185009,36.0,Culmont - Chalindrey,Vesoul
87142125,87713040,43.0,Culmont - Chalindrey,Dijon
87142125,87713859,24.0,Culmont - Chalindrey,Is-sur-Tille
87142224,87142000,9.0,Bologne,Chaumont
87142224,87142232,5.0,Bologne,Vignory
87142232,87142224,5.0,Vignory,Bologne
87142232,87142240,3.0,Vignory,Froncles
87142240,87107409,9.0,Froncles,Vignory Centre
87142240,87107425,15.0,Froncles,Bologne Salle des Fêtes
87142240,87107433,10.0,Froncles,Soncourt
87142240,87107458,10.0,Froncles,Gudmont-Centre
87142240,87142000,16.0,Froncles,Chaumont
87142240,87142232,3.0,Froncles,Vignory
87142240,87142273,5.0,Froncles,Donjeux
87142240,87143024,13.0,Froncles,Vraincourt
87142240,87175091,11.0,Froncles,Joinville
87142273,87107458,5.0,Donjeux,Gudmont-Centre
87142273,87107490,5.0,Donjeux,Fronville Lotissement
87142273,87142240,5.0,Donjeux,Froncles
87142273,87175091,6.0,Donjeux,Joinville
87142273,87338194,2.0,Donjeux,Rouvroy-sur-Marne
87143024,87107433,4.0,Vraincourt,Soncourt
87143024,87319756,2.0,Vraincourt,Viéville
87144006,87141002,41.0,Épinal,Nancy
87144006,87144055,14.0,Épinal,Charmes
87144006,87144097,5.0,Épinal,Thaon
87144006,87144121,12.0,Épinal,Xertigny
87144006,87144410,9.0,Épinal,Arches
87144006,87144451,21.0,Épinal,Remiremont
87144014,87141002,54.0,Saint-Dié-des-Vosges,Nancy
87144014,87141150,32.0,Saint-Dié-des-Vosges,Lunéville
87144014,87144154,22.0,Saint-Dié-des-Vosges,Bruyères
87144014,87144345,10.0,Saint-Dié-des-Vosges,Provenchères-sur-Fave
87144014,87144642,7.0,Saint-Dié-des-Vosges,Étival-Clairefontaine
87144014,87144683,5.0,Saint-Dié-des-Vosges,Saint-Michel-sur-Meurthe
87144014,87214783,20.0,Saint-Dié-des-Vosges,Saales
87144014,87641332,1.0,Saint-Dié-des-Vosges,Saint-Dié Rue d'Alsace
87144014,87716449,11.0,Saint-Dié-des-Vosges,Saint-Léonard Centre
87144030,87732693,2.0,Docelles-Cheniménil Gare,Chenimenil Filature
87144030,87752394,2.0,Docelles-Cheniménil Gare,Docelles Monument
87144055,87141002,28.0,Charmes,Nancy
87144055,87141135,13.0,Charmes,Blainville - Damelevières
87144055,87141218,6.0,Charmes,Bayon
87144055,87144006,14.0,Charmes,Épinal
87144055,87144063,3.0,Charmes,Vincey
87144055,87144071,6.0,Charmes,Châtel - Nomexy
87144063,87141218,14.0,Vincey,Bayon
87144063,87144055,3.0,Vincey,Charmes
87144063,87144071,4.0,Vincey,Châtel - Nomexy
87144071,87144055,6.0,Châtel - Nomexy,Charmes
87144071,87144063,4.0,Châtel - Nomexy,Vincey
87144071,87144089,3.0,Châtel - Nomexy,Igney
87144071,87144097,4.0,Châtel - Nomexy,Thaon
87144089,87144071,3.0,Igney,Châtel - Nomexy
87144089,87144097,2.0,Igney,Thaon
87144097,87141002,50.0,Thaon,Nancy
87144097,87144006,5.0,Thaon,Épinal
87144097,87144055,25.0,Thaon,Charmes
87144097,87144071,4.0,Thaon,Châtel - Nomexy
87144097,87144089,2.0,Thaon,Igney
87144121,87144006,12.0,Xertigny,Épinal
87144121,87144147,6.0,Xertigny,Bains-les-Bains
87144147,87144121,7.0,Bains-les-Bains,Xertigny
87144147,87185629,10.0,Bains-les-Bains,Aillevillers
87144154,87144014,23.0,Bruyères,Saint-Dié-des-Vosges
87144154,87144410,16.0,Bruyères,Arches
87144154,87716456,13.0,Bruyères,Biffontaine Mairie
87144154,87716829,9.0,Bruyères,Laveline-devant-Bruyères Maison pour Tous
87144154,87752410,4.0,Bruyères,Laval-sur-Vologne Rue de la Vologne
87144212,87144279,24.0,Mirecourt,Vittel
87144212,87405993,2.0,Mirecourt,Mirecourt Lycée Agricole
87144212,87715821,4.0,Mirecourt,Mirecourt Hôpital
87144279,87144212,28.0,Vittel,Mirecourt
87144279,87144287,4.0,Vittel,Contrexéville
87144279,87700963,20.0,Vittel,Hymont Mairie
87144279,87700971,9.0,Vittel,Haréville sous Monfort Centre
87144279,87768960,10.0,Vittel,Contrexéville Centre
87144287,87142125,45.0,Contrexéville,Culmont - Chalindrey
87144287,87144279,4.0,Contrexéville,Vittel
87144295,87700997,6.0,Martigny-les-Bains Gare,Lamarche Centre
87144295,87768960,15.0,Martigny-les-Bains Gare,Contrexéville Centre
87144303,87144311,5.0,Lamarche,Rozières-sur-Mouzon
87144303,87700997,1.0,Lamarche,Lamarche Centre
87144311,87144303,5.0,Rozières-sur-Mouzon,Lamarche
87144311,87714162,8.0,Rozières-sur-Mouzon,Damblain Église
87144345,87144014,12.0,Provenchères-sur-Fave,Saint-Dié-des-Vosges
87144345,87214783,10.0,Provenchères-sur-Fave,Saales
87144410,87144006,9.0,Arches,Épinal
87144410,87144154,16.0,Arches,Bruyères
87144410,87144428,3.0,Arches,Pouxeux
87144410,87144451,20.0,Arches,Remiremont
87144410,87732693,8.0,Arches,Chenimenil Filature
87144428,87144410,3.0,Pouxeux,Arches
87144428,87144436,3.0,Pouxeux,Éloyes
87144436,87144428,3.0,Éloyes,Pouxeux
87144436,87146217,4.0,Éloyes,Saint-Nabord
87144451,87144006,21.0,Remiremont,Épinal
87144451,87144410,21.0,Remiremont,Arches
87144451,87146217,4.0,Remiremont,Saint-Nabord
87144626,87141416,5.0,Raon-l'Étape,Baccarat
87144626,87141424,3.0,Raon-l'Étape,Bertrichamps
87144626,87141432,2.0,Raon-l'Étape,Thiaville
87144626,87144642,3.0,Raon-l'Étape,Étival-Clairefontaine
87144642,87144014,7.0,Étival-Clairefontaine,Saint-Dié-des-Vosges
87144642,87144626,4.0,Étival-Clairefontaine,Raon-l'Étape
87144642,87144683,3.0,Étival-Clairefontaine,Saint-Michel-sur-Meurthe
87144683,87144014,6.0,Saint-Michel-sur-Meurthe,Saint-Dié-des-Vosges
87144683,87144642,3.0,Saint-Michel-sur-Meurthe,Étival-Clairefontaine
87146217,87144436,4.0,Saint-Nabord,Éloyes
87146217,87144451,4.0,Saint-Nabord,Remiremont
87146472,87138370,3.0,Montrozier Gages Pont,Loubiere Canabols
87146472,87783753,5.0,Montrozier Gages Pont,Bertholène Centre
87147322,87113001,59.0,Meuse TGV,Paris Est
87147322,87141002,34.0,Meuse TGV,Nancy
87147322,87142109,17.0,Meuse TGV,Lorraine TGV
87147322,87171926,23.0,Meuse TGV,Champagne-Ardenne TGV
87147322,87212027,51.0,Meuse TGV,Strasbourg
87152413,87417881,3.0,Maussac Place de la Poste,Maussac le Poteau
87152413,87450064,7.0,Maussac Place de la Poste,Meymac Bourg
87158006,87641001,35.0,Gouzon Champ de Foire,Montluçon
87158006,87694257,9.0,Gouzon Champ de Foire,Parsac Centre
87159947,87471003,7.0,Ker Lann,Rennes
87159947,87471037,2.0,Ker Lann,Bruz
87159947,87471052,3.0,Ker Lann,Saint-Jacques-de-la-Lande
87159947,87471144,5.0,Ker Lann,Laillé
87159947,87471151,20.0,Ker Lann,Guichen - Bourg-des-Comptes
87165852,87615344,15.0,Montastruc-la-Conseillère RN 88,Saint-Sulpice
87171009,87113001,45.0,Reims,Paris Est
87171009,87171298,8.0,Reims,Muizon
87171009,87171462,9.0,Reims,Bazancourt
87171009,87171553,20.0,Reims,Épernay
87171009,87171595,24.0,Reims,Rilly-la-Montagne
87171009,87171629,11.0,Reims,Prunay
87171009,87171710,7.0,Reims,Courcy - Brimont
87171009,87171728,9.0,Reims,Loivre
87171009,87172007,80.0,Reims,Charleville-Mézières
87171009,87172270,20.0,Reims,Rethel
87171009,87174409,17.0,Reims,Mourmelon-le-Petit
87171009,87417444,2.0,Reims,Franchet d'Esperey
87171009,87747378,5.0,Reims,Reims Saint-Symphorien
87171272,87171595,6.0,Reims Maison Blanche,Rilly-la-Montagne
87171272,87171926,5.0,Reims Maison Blanche,Champagne-Ardenne TGV
87171272,87417444,1.0,Reims Maison Blanche,Franchet d'Esperey
87171298,87171009,9.0,Muizon,Reims
87171298,87171314,4.0,Muizon,Jonchery-sur-Vesle
87171314,87171298,4.0,Jonchery-sur-Vesle,Muizon
87171314,87171322,4.0,Jonchery-sur-Vesle,Breuil - Romain
87171322,87171314,3.0,Breuil - Romain,Jonchery-sur-Vesle
87171322,87400986,2.0,Breuil - Romain,Magneux - Courlandon
87171330,87400986,4.0,Fismes,Magneux - Courlandon
87171462,87171009,11.0,Bazancourt,Reims
87171462,87172270,11.0,Bazancourt,Rethel
87171512,87113001,130.0,Dormans,Paris Est
87171512,87116582,11.0,Dormans,Château-Thierry
87171512,87171553,12.0,Dormans,Épernay
87171553,87171009,20.0,Épernay,Reims
87171553,87171512,12.0,Épernay,Dormans
87171553,87171561,4.0,Épernay,Ay-Champagne
87171553,87174003,14.0,Épernay,Châlons-en-Champagne
87171561,87171553,6.0,Ay-Champagne,Épernay
87171561,87171579,4.0,Ay-Champagne,Avenay
87171579,87171561,3.0,Avenay,Ay-Champagne
87171579,87171587,5.0,Avenay,Germaine
87171579,87171595,9.0,Avenay,Rilly-la-Montagne
87171587,87171579,6.0,Germaine,Avenay
87171587,87171595,3.0,Germaine,Rilly-la-Montagne
87171595,87171009,24.0,Rilly-la-Montagne,Reims
87171595,87171272,5.0,Rilly-la-Montagne,Reims Maison Blanche
87171595,87171579,9.0,Rilly-la-Montagne,Avenay
87171595,87171587,3.0,Rilly-la-Montagne,Germaine
87171611,87171629,3.0,Val-de-Vesle,Prunay
87171611,87171645,3.0,Val-de-Vesle,Sept-Saulx
87171629,87171009,12.0,Prunay,Reims
87171629,87171611,3.0,Prunay,Val-de-Vesle
87171645,87171611,3.0,Sept-Saulx,Val-de-Vesle
87171645,87174409,4.0,Sept-Saulx,Mourmelon-le-Petit
87171702,87171728,5.0,Aguilcourt - Variscourt,Loivre
87171702,87171736,3.0,Aguilcourt - Variscourt,Guignicourt
87171710,87171009,8.0,Courcy - Brimont,Reims
87171710,87171728,3.0,Courcy - Brimont,Loivre
87171728,87171009,9.0,Loivre,Reims
87171728,87171702,5.0,Loivre,Aguilcourt - Variscourt
87171728,87171710,3.0,Loivre,Courcy - Brimont
87171728,87171736,7.0,Loivre,Guignicourt
87171736,87171702,3.0,Guignicourt,Aguilcourt - Variscourt
87171736,87171728,6.0,Guignicourt,Loivre
87171736,87171744,5.0,Guignicourt,Amifontaine
87171736,87171751,8.0,Guignicourt,Saint-Erme
87171744,87171736,4.0,Amifontaine,Guignicourt
87171744,87171751,5.0,Amifontaine,Saint-Erme
87171751,87171736,8.0,Saint-Erme,Guignicourt
87171751,87171744,4.0,Saint-Erme,Amifontaine
87171751,87171769,5.0,Saint-Erme,Coucy-lès-Eppes
87171751,87296012,12.0,Saint-Erme,Laon
87171769,87171751,5.0,Coucy-lès-Eppes,Saint-Erme
87171769,87296012,8.0,Coucy-lès-Eppes,Laon
87171926,87111849,29.0,Champagne-Ardenne TGV,Marne-la-Vallée Chessy
87171926,87113001,40.0,Champagne-Ardenne TGV,Paris Est
87171926,87141002,55.0,Champagne-Ardenne TGV,Nancy
87171926,87142109,37.0,Champagne-Ardenne TGV,Lorraine TGV
87171926,87147322,24.0,Champagne-Ardenne TGV,Meuse TGV
87171926,87171009,8.0,Champagne-Ardenne TGV,Reims
87171926,87171272,4.0,Champagne-Ardenne TGV,Reims Maison Blanche
87171926,87174003,21.0,Champagne-Ardenne TGV,Châlons-en-Champagne
87171926,87192039,47.0,Champagne-Ardenne TGV,Metz
87171926,87212027,70.0,Champagne-Ardenne TGV,Strasbourg
87171926,87271494,31.0,Champagne-Ardenne TGV,Aéroport Charles de Gaulle 2 TGV
87172007,87172023,6.0,Charleville-Mézières,Nouzonville
87172007,87172049,25.0,Charleville-Mézières,Bogny-sur-Meuse
87172007,87172155,2.0,Charleville-Mézières,Mohon
87172007,87172171,10.0,Charleville-Mézières,Poix-Terron
87172007,87172213,8.0,Charleville-Mézières,Nouvion-sur-Meuse
87172007,87172254,14.0,Charleville-Mézières,Sedan
87172007,87172262,22.0,Charleville-Mézières,Amagne - Lucquy
87172007,87172270,27.0,Charleville-Mézières,Rethel
87172007,87295063,37.0,Charleville-Mézières,Hirson
87172007,87754549,35.0,Charleville-Mézières,Mon Idée
87172023,87172007,7.0,Nouzonville,Charleville-Mézières
87172023,87172031,3.0,Nouzonville,Joigny-sur-Meuse
87172023,87172049,6.0,Nouzonville,Bogny-sur-Meuse
87172031,87172023,3.0,Joigny-sur-Meuse,Nouzonville
87172031,87172049,3.0,Joigny-sur-Meuse,Bogny-sur-Meuse
87172049,87172007,25.0,Bogny-sur-Meuse,Charleville-Mézières
87172049,87172023,6.0,Bogny-sur-Meuse,Nouzonville
87172049,87172031,3.0,Bogny-sur-Meuse,Joigny-sur-Meuse
87172049,87172056,2.0,Bogny-sur-Meuse,Monthermé
87172056,87172049,2.0,Monthermé,Bogny-sur-Meuse
87172056,87172064,3.0,Monthermé,Deville
87172064,87172056,3.0,Deville,Monthermé
87172064,87172072,3.0,Deville,Laifour
87172064,87172080,9.0,Deville,Revin
87172072,87172064,3.0,Laifour,Deville
87172072,87172858,3.0,Laifour,Anchamps
87172080,87172064,8.0,Revin,Deville
87172080,87172098,6.0,Revin,Fumay
87172080,87172858,3.0,Revin,Anchamps
87172098,87172080,5.0,Fumay,Revin
87172098,87172106,3.0,Fumay,Haybes
87172106,87172098,3.0,Haybes,Fumay
87172106,87172114,7.0,Haybes,Vireux-Molhain
87172106,87172874,2.0,Haybes,Fépin
87172114,87172106,7.0,Vireux-Molhain,Haybes
87172114,87172122,3.0,Vireux-Molhain,Aubrives
87172114,87172130,8.0,Vireux-Molhain,Givet
87172114,87172874,5.0,Vireux-Molhain,Fépin
87172122,87172114,3.0,Aubrives,Vireux-Molhain
87172122,87172130,5.0,Aubrives,Givet
87172130,87172114,8.0,Givet,Vireux-Molhain
87172130,87172122,5.0,Givet,Aubrives
87172155,87172007,3.0,Mohon,Charleville-Mézières
87172155,87172189,3.0,Mohon,Lumes
87172171,87172007,11.0,Poix-Terron,Charleville-Mézières
87172171,87172262,13.0,Poix-Terron,Amagne - Lucquy
87172189,87172155,3.0,Lumes,Mohon
87172189,87172213,3.0,Lumes,Nouvion-sur-Meuse
87172213,87172007,8.0,Nouvion-sur-Meuse,Charleville-Mézières
87172213,87172189,3.0,Nouvion-sur-Meuse,Lumes
87172213,87172221,3.0,Nouvion-sur-Meuse,Vrigne-Meuse
87172213,87172239,4.0,Nouvion-sur-Meuse,Donchery
87172221,87172213,3.0,Vrigne-Meuse,Nouvion-sur-Meuse
87172221,87172239,2.0,Vrigne-Meuse,Donchery
87172239,87172213,4.0,Donchery,Nouvion-sur-Meuse
87172239,87172221,2.0,Donchery,Vrigne-Meuse
87172239,87172254,4.0,Donchery,Sedan
87172254,87108829,4.0,Sedan,Sedan Place Calonne
87172254,87172007,14.0,Sedan,Charleville-Mézières
87172254,87172239,3.0,Sedan,Donchery
87172254,87172353,13.0,Sedan,Carignan
87172254,87173302,4.0,Sedan,Wadelincourt
87172262,87172171,13.0,Amagne - Lucquy,Poix-Terron
87172262,87172270,5.0,Amagne - Lucquy,Rethel
87172270,87171009,21.0,Rethel,Reims
87172270,87171462,11.0,Rethel,Bazancourt
87172270,87172007,28.0,Rethel,Charleville-Mézières
87172270,87172262,5.0,Rethel,Amagne - Lucquy
87172304,87172700,3.0,Noyers-Pont-Maugis,Remilly-Aillicourt
87172304,87173302,2.0,Noyers-Pont-Maugis,Wadelincourt
87172312,87172320,4.0,Bazeilles,Douzy
87172312,87172700,4.0,Bazeilles,Remilly-Aillicourt
87172320,87172312,4.0,Douzy,Bazeilles
87172320,87172338,4.0,Douzy,Pouru-Saint-Remy
87172338,87172320,4.0,Pouru-Saint-Remy,Douzy
87172338,87172346,4.0,Pouru-Saint-Remy,Sachy
87172346,87112334,2.0,Sachy,Wé
87172346,87172338,4.0,Sachy,Pouru-Saint-Remy
87172353,87112326,2.0,Carignan,Carignan Rue de la Paix
87172353,87172254,13.0,Carignan,Sedan
87172353,87172387,5.0,Carignan,Blagny
87172353,87194209,16.0,Carignan,Montmédy
87172387,87172353,5.0,Blagny,Carignan
87172387,87172395,4.0,Blagny,Linay
87172395,87112342,4.0,Linay,Fromy
87172395,87172387,2.0,Linay,Blagny
87172411,87112342,4.0,Margut - Fromy,Fromy
87172411,87112714,3.0,Margut - Fromy,Margut Place Trouslard
87172700,87172304,5.0,Remilly-Aillicourt,Noyers-Pont-Maugis
87172700,87172312,4.0,Remilly-Aillicourt,Bazeilles
87172858,87172072,3.0,Anchamps,Laifour
87172858,87172080,3.0,Anchamps,Revin
87172874,87172106,2.0,Fépin,Haybes
87172874,87172114,5.0,Fépin,Vireux-Molhain
87173302,87172254,4.0,Wadelincourt,Sedan
87173302,87172304,2.0,Wadelincourt,Noyers-Pont-Maugis
87173401,87112714,4.0,La Ferté-sur-Chiers,Margut Place Trouslard
87174003,87113001,86.0,Châlons-en-Champagne,Paris Est
87174003,87118000,70.0,Châlons-en-Champagne,Troyes
87174003,87142000,71.0,Châlons-en-Champagne,Chaumont
87174003,87171553,14.0,Châlons-en-Champagne,Épernay
87174003,87171926,19.0,Châlons-en-Champagne,Champagne-Ardenne TGV
87174003,87174276,15.0,Châlons-en-Champagne,Vitry-le-François
87174003,87174409,14.0,Châlons-en-Champagne,Mourmelon-le-Petit
87174003,87742221,3.0,Châlons-en-Champagne,Châlons-en-Champagne Marne
87174003,87747170,58.0,Châlons-en-Champagne,Pont-Sainte-Marie Arcis Magasins
87174003,87747295,17.0,Châlons-en-Champagne,Vatry Rue Principale
87174003,87747303,5.0,Châlons-en-Champagne,Châlons-en-Champagne Tissier
87174276,87174003,15.0,Vitry-le-François,Châlons-en-Champagne
87174276,87175000,17.0,Vitry-le-François,Saint-Dizier
87174276,87175018,15.0,Vitry-le-François,Revigny
87174276,87175042,23.0,Vitry-le-François,Bar-le-Duc
87174409,87171009,18.0,Mourmelon-le-Petit,Reims
87174409,87171645,4.0,Mourmelon-le-Petit,Sept-Saulx
87174409,87174003,15.0,Mourmelon-le-Petit,Châlons-en-Champagne
87175000,87107466,7.0,Saint-Dizier,Eurville Mairie
87175000,87107474,5.0,Saint-Dizier,Saint-Dizier Godard-Jeanson
87175000,87113001,136.0,Saint-Dizier,Paris Est
87175000,87174276,17.0,Saint-Dizier,Vitry-le-François
87175000,87175091,17.0,Saint-Dizier,Joinville
87175000,87175117,11.0,Saint-Dizier,Chevillon
87175018,87174276,14.0,Revigny,Vitry-le-François
87175018,87175042,8.0,Revigny,Bar-le-Duc
87175042,87174276,22.0,Bar-le-Duc,Vitry-le-François
87175042,87175018,8.0,Bar-le-Duc,Revigny
87175042,87175067,6.0,Bar-le-Duc,Nançois - Tronville
87175042,87175240,17.0,Bar-le-Duc,Lérouville
87175042,87175257,19.0,Bar-le-Duc,Commercy
87175042,87212225,120.0,Bar-le-Duc,Saverne
87175067,87175042,6.0,Nançois - Tronville,Bar-le-Duc
87175067,87175240,12.0,Nançois - Tronville,Lérouville
87175091,87107490,6.0,Joinville,Fronville Lotissement
87175091,87142240,10.0,Joinville,Froncles
87175091,87142273,6.0,Joinville,Donjeux
87175091,87175000,17.0,Joinville,Saint-Dizier
87175091,87175117,6.0,Joinville,Chevillon
87175091,87338178,4.0,Joinville,Vecqueville
87175091,87338186,4.0,Joinville,Rupt
87175109,87107482,1.0,Curel,Chatonrupt
87175109,87175117,6.0,Curel,Chevillon
87175117,87175000,12.0,Chevillon,Saint-Dizier
87175117,87175091,6.0,Chevillon,Joinville
87175117,87175109,6.0,Chevillon,Curel
87175117,87338152,9.0,Chevillon,Gourzon
87175117,87338160,5.0,Chevillon,Rachecourt-sur-Marne
87175240,87175042,17.0,Lérouville,Bar-le-Duc
87175240,87175067,11.0,Lérouville,Nançois - Tronville
87175240,87175257,3.0,Lérouville,Commercy
87175240,87192435,22.0,Lérouville,Onville
87175257,87141044,13.0,Commercy,Toul
87175257,87175042,19.0,Commercy,Bar-le-Duc
87175257,87175240,3.0,Commercy,Lérouville
87175257,87175828,7.0,Commercy,Pagny-sur-Meuse
87175778,87175794,17.0,Verdun,Étain
87175778,87458836,5.0,Verdun,Verdun la Tour du Champ
87175778,87635870,27.0,Verdun,Clermont-en-Argonne Centre
87175794,87175778,18.0,Étain,Verdun
87175794,87192666,15.0,Étain,Conflans - Jarny
87175794,87458810,7.0,Étain,Buzy Rue d'Etain
87175794,87458828,3.0,Étain,Étain Centre
87175828,87141036,3.0,Pagny-sur-Meuse,Foug
87175828,87175257,7.0,Pagny-sur-Meuse,Commercy
87177170,87450874,3.0,Laissac Place du Foiral,Grèzes Séverac-l'Eglise
87177170,87783753,5.0,Laissac Place du Foiral,Bertholène Centre
87177360,87698449,2.0,Communay,Communay La Guicharde
87177576,87698761,1.0,Ternay Barbières,Ternay Chassagne Grandes Combes
87181016,87182113,3.0,Saint-Louis la Chaussée,Bartenheim
87181016,87182139,3.0,Saint-Louis la Chaussée,Saint-Louis
87181040,87182063,5.0,Flaxlanden,Mulhouse
87181040,87182196,1.0,Flaxlanden,Zillisheim
87181065,87182204,3.0,Walheim,Illfurth
87181065,87182238,2.0,Walheim,Altkirch
87181131,87182055,6.0,Graffenwald,Mulhouse Dornach
87181131,87182410,4.0,Graffenwald,Cernay
87181131,87182667,4.0,Graffenwald,Lutterbach
87181131,87534347,4.0,Graffenwald,Lutterbach Tram-train
87181222,87182014,2.0,Colmar Saint-Joseph,Colmar
87181222,87182345,2.0,Colmar Saint-Joseph,Logelbach
87181222,87402297,1.0,Colmar Saint-Joseph,Colmar Mésanges
87181289,87182410,2.0,Vieux-Thann Zone Industrielle,Cernay
87181289,87182550,1.0,Vieux-Thann Zone Industrielle,Vieux-Thann
87181552,87182352,2.0,Saint-Gilles Lycée Haut-Rhin,Turckheim
87181552,87182360,3.0,Saint-Gilles Lycée Haut-Rhin,Walbach - La Forge
87181552,87182378,4.0,Saint-Gilles Lycée Haut-Rhin,Wihr-au-Val - Soultzbach
87181552,87665380,4.0,Saint-Gilles Lycée Haut-Rhin,Turckheim Place de la République
87181552,87665455,3.0,Saint-Gilles Lycée Haut-Rhin,Walbach La Forge Abri D 417
87181552,87665463,5.0,Saint-Gilles Lycée Haut-Rhin,Wihr-au-Val - Soultzbach  D417
87182014,87181222,1.0,Colmar,Colmar Saint-Joseph
87182014,87182063,19.0,Colmar,Mulhouse
87182014,87182329,5.0,Colmar,Herrlisheim-près-Colmar
87182014,87182337,7.0,Colmar,Rouffach
87182014,87182352,8.0,Colmar,Turckheim
87182014,87182709,11.0,Colmar,Bollwiller
87182014,87212027,27.0,Colmar,Strasbourg
87182014,87214056,10.0,Colmar,Sélestat
87182014,87665240,4.0,Colmar,Colmar St-Joseph Rue du Val St-Grégoire
87182014,87665380,16.0,Colmar,Turckheim Place de la République
87182055,87182063,4.0,Mulhouse Dornach,Mulhouse
87182055,87182667,2.0,Mulhouse Dornach,Lutterbach
87182055,87182691,7.0,Mulhouse Dornach,Staffelfelden
87182055,87182709,7.0,Mulhouse Dornach,Bollwiller
87182063,85000109,19.0,Mulhouse,Basel SBB
87182063,87113001,170.0,Mulhouse,Paris Est
87182063,87181040,4.0,Mulhouse,Flaxlanden
87182063,87182014,19.0,Mulhouse,Colmar
87182063,87182055,3.0,Mulhouse,Mulhouse Dornach
87182063,87182071,4.0,Mulhouse,Rixheim
87182063,87182139,14.0,Mulhouse,Saint-Louis
87182063,87182196,5.0,Mulhouse,Zillisheim
87182063,87182204,6.0,Mulhouse,Illfurth
87182063,87182238,9.0,Mulhouse,Altkirch
87182063,87182709,9.0,Mulhouse,Bollwiller
87182063,87182840,11.0,Mulhouse,Bantzenheim
87182063,87212027,49.0,Mulhouse,Strasbourg
87182063,87300822,21.0,Mulhouse,Belfort - Montbéliard TGV
87182063,87654574,13.0,Mulhouse,Zillisheim Auberge Mohn
87182063,87659854,12.0,Mulhouse,Rixheim Arrêt Soléa Barrières
87182063,87659862,23.0,Mulhouse,Sierentz Centre
87182063,87659995,9.0,Mulhouse,Dornach Gare Dmc
87182063,87686006,169.0,Mulhouse,Paris Gare de Lyon Hall 1 - 2
87182063,87713040,62.0,Mulhouse,Dijon
87182071,87182063,4.0,Rixheim,Mulhouse
87182071,87182089,2.0,Rixheim,Habsheim
87182089,87182071,1.0,Habsheim,Rixheim
87182089,87182105,6.0,Habsheim,Sierentz
87182089,87659854,3.0,Habsheim,Rixheim Arrêt Soléa Barrières
87182089,87659862,13.0,Habsheim,Sierentz Centre
87182105,87182089,5.0,Sierentz,Habsheim
87182105,87182113,3.0,Sierentz,Bartenheim
87182113,87181016,3.0,Bartenheim,Saint-Louis la Chaussée
87182113,87182105,2.0,Bartenheim,Sierentz
87182139,85000109,7.0,Saint-Louis,Basel SBB
87182139,87181016,2.0,Saint-Louis,Saint-Louis la Chaussée
87182139,87182063,13.0,Saint-Louis,Mulhouse
87182139,87187930,3.0,Saint-Louis,Bâle Saint-Jean
87182139,87659870,11.0,Saint-Louis,Bartenheim Pharmacie
87182196,87181040,1.0,Zillisheim,Flaxlanden
87182196,87182063,5.0,Zillisheim,Mulhouse
87182196,87182204,2.0,Zillisheim,Illfurth
87182204,87181065,3.0,Illfurth,Walheim
87182204,87182063,6.0,Illfurth,Mulhouse
87182204,87182196,2.0,Illfurth,Zillisheim
87182204,87182238,4.0,Illfurth,Altkirch
87182238,87181065,2.0,Altkirch,Walheim
87182238,87182063,9.0,Altkirch,Mulhouse
87182238,87182204,4.0,Altkirch,Illfurth
87182238,87182253,5.0,Altkirch,Dannemarie
87182238,87184002,15.0,Altkirch,Belfort-Ville
87182238,87654558,8.0,Altkirch,Illfurth Croisement Gare-CD68
87182253,87182238,5.0,Dannemarie,Altkirch
87182253,87184275,5.0,Dannemarie,Montreux-Vieux
87182329,87182014,6.0,Herrlisheim-près-Colmar,Colmar
87182329,87182337,4.0,Herrlisheim-près-Colmar,Rouffach
87182337,87182014,7.0,Rouffach,Colmar
87182337,87182329,4.0,Rouffach,Herrlisheim-près-Colmar
87182337,87182709,6.0,Rouffach,Bollwiller
87182337,87182725,3.0,Rouffach,Merxheim
87182337,87654475,5.0,Rouffach,Rouffach CHS
87182345,87181222,2.0,Logelbach,Colmar Saint-Joseph
87182345,87182014,4.0,Logelbach,Colmar
87182345,87182352,3.0,Logelbach,Turckheim
87182345,87303875,2.0,Logelbach,Ingersheim Cité Scolaire
87182345,87402297,1.0,Logelbach,Colmar Mésanges
87182352,87181222,5.0,Turckheim,Colmar Saint-Joseph
87182352,87181552,2.0,Turckheim,Saint-Gilles Lycée Haut-Rhin
87182352,87182345,3.0,Turckheim,Logelbach
87182352,87182360,4.0,Turckheim,Walbach - La Forge
87182352,87182378,5.0,Turckheim,Wihr-au-Val - Soultzbach
87182352,87182394,10.0,Turckheim,Munster
87182352,87303875,2.0,Turckheim,Ingersheim Cité Scolaire
87182360,87181552,3.0,Walbach - La Forge,Saint-Gilles Lycée Haut-Rhin
87182360,87182352,4.0,Walbach - La Forge,Turckheim
87182360,87182378,2.0,Walbach - La Forge,Wihr-au-Val - Soultzbach
87182378,87181552,4.0,Wihr-au-Val - Soultzbach,Saint-Gilles Lycée Haut-Rhin
87182378,87182352,5.0,Wihr-au-Val - Soultzbach,Turckheim
87182378,87182360,2.0,Wihr-au-Val - Soultzbach,Walbach - La Forge
87182378,87182386,2.0,Wihr-au-Val - Soultzbach,Gunsbach - Griesbach
87182378,87182394,5.0,Wihr-au-Val - Soultzbach,Munster
87182386,87182378,2.0,Gunsbach - Griesbach,Wihr-au-Val - Soultzbach
87182386,87182394,3.0,Gunsbach - Griesbach,Munster
87182386,87386540,2.0,Gunsbach - Griesbach,Munster Badischhof
87182394,87182378,4.0,Munster,Wihr-au-Val - Soultzbach
87182394,87182386,3.0,Munster,Gunsbach - Griesbach
87182394,87182543,2.0,Munster,Luttenbach-près-Munster
87182394,87182659,3.0,Munster,Breitenbach
87182394,87386540,1.0,Munster,Munster Badischhof
87182394,87665463,9.0,Munster,Wihr-au-Val - Soultzbach  D417
87182394,87665489,4.0,Munster,Munster Inter. D417-Badischhof
87182394,87665505,3.0,Munster,Luttenbach Abri Route Principale
87182402,87182600,2.0,Ranspach,Saint-Amarin
87182402,87182618,2.0,Ranspach,Wesserling
87182410,87181131,3.0,Cernay,Graffenwald
87182410,87181289,2.0,Cernay,Vieux-Thann Zone Industrielle
87182410,87182055,8.0,Cernay,Mulhouse Dornach
87182410,87182550,4.0,Cernay,Vieux-Thann
87182410,87182667,7.0,Cernay,Lutterbach
87182410,87659979,10.0,Cernay,Vieux-Thann Parking de la Gare
87182410,87659987,4.0,Cernay,Cernay Église
87182543,87182394,1.0,Luttenbach-près-Munster,Munster
87182543,87182659,2.0,Luttenbach-près-Munster,Breitenbach
87182550,87181289,1.0,Vieux-Thann,Vieux-Thann Zone Industrielle
87182550,87182410,3.0,Vieux-Thann,Cernay
87182550,87182568,1.0,Vieux-Thann,Thann
87182568,87182550,1.0,Thann,Vieux-Thann
87182568,87182881,2.0,Thann,Thann Saint-Jacques
87182568,87472605,0.0,Thann,Thann Centre
87182576,87182584,2.0,Bitschwiller-lès-Thann,Willer-sur-Thur
87182576,87182881,2.0,Bitschwiller-lès-Thann,Thann Saint-Jacques
87182584,87182576,2.0,Willer-sur-Thur,Bitschwiller-lès-Thann
87182584,87182592,2.0,Willer-sur-Thur,Moosch
87182584,87182642,12.0,Willer-sur-Thur,Kruth
87182592,87182584,2.0,Moosch,Willer-sur-Thur
87182592,87182600,2.0,Moosch,Saint-Amarin
87182600,87182402,2.0,Saint-Amarin,Ranspach
87182600,87182584,5.0,Saint-Amarin,Willer-sur-Thur
87182600,87182592,2.0,Saint-Amarin,Moosch
87182600,87182618,3.0,Saint-Amarin,Wesserling
87182618,87182402,2.0,Wesserling,Ranspach
87182618,87182600,3.0,Wesserling,Saint-Amarin
87182618,87182626,1.0,Wesserling,Fellering
87182618,87182642,5.0,Wesserling,Kruth
87182618,87182881,11.0,Wesserling,Thann Saint-Jacques
87182618,87659896,2.0,Wesserling,Fellering Église
87182618,87659904,1.0,Wesserling,Ranspach Ancienne Fonderie
87182626,87182618,1.0,Fellering,Wesserling
87182626,87182634,2.0,Fellering,Oderen
87182634,87182626,2.0,Oderen,Fellering
87182634,87182642,2.0,Oderen,Kruth
87182642,87182618,5.0,Kruth,Wesserling
87182642,87182634,2.0,Kruth,Oderen
87182642,87659888,3.0,Kruth,Oderen La Poste
87182659,87182394,3.0,Breitenbach,Munster
87182659,87182543,2.0,Breitenbach,Luttenbach-près-Munster
87182659,87182733,2.0,Breitenbach,Muhlbach-sur-Munster
87182667,87181131,4.0,Lutterbach,Graffenwald
87182667,87182055,2.0,Lutterbach,Mulhouse Dornach
87182667,87182063,6.0,Lutterbach,Mulhouse
87182667,87182410,11.0,Lutterbach,Cernay
87182667,87659995,6.0,Lutterbach,Dornach Gare Dmc
87182691,87182055,6.0,Staffelfelden,Mulhouse Dornach
87182691,87182709,3.0,Staffelfelden,Bollwiller
87182709,87182055,7.0,Bollwiller,Mulhouse Dornach
87182709,87182063,10.0,Bollwiller,Mulhouse
87182709,87182337,6.0,Bollwiller,Rouffach
87182709,87182691,2.0,Bollwiller,Staffelfelden
87182709,87182717,3.0,Bollwiller,Raedersheim
87182717,87182709,3.0,Raedersheim,Bollwiller
87182717,87182725,3.0,Raedersheim,Merxheim
87182725,87182337,4.0,Merxheim,Rouffach
87182725,87182717,2.0,Merxheim,Raedersheim
87182725,87654541,2.0,Merxheim,Merxheim Pl. Général de Gaulle
87182733,87182659,1.0,Muhlbach-sur-Munster,Breitenbach
87182733,87182816,3.0,Muhlbach-sur-Munster,Metzeral
87182816,87182733,2.0,Metzeral,Muhlbach-sur-Munster
87182816,87665620,2.0,Metzeral,Muhlbach-sur-Munster Mairie
87182840,80144154,8.0,Bantzenheim,Neuenburg (Baden)
87182840,87182063,12.0,Bantzenheim,Mulhouse
87182881,87182576,2.0,Thann Saint-Jacques,Bitschwiller-lès-Thann
87182881,87182584,4.0,Thann Saint-Jacques,Willer-sur-Thur
87182881,87182592,6.0,Thann Saint-Jacques,Moosch
87182881,87472605,1.0,Thann Saint-Jacques,Thann Centre
87182881,87659953,4.0,Thann Saint-Jacques,Bitschwiller-lès-Thann Mairie
87182881,87659961,3.0,Thann Saint-Jacques,Thann La Poste
87184002,87182238,15.0,Belfort-Ville,Altkirch
87184002,87184242,2.0,Belfort-Ville,Trois Chênes
87184002,87184267,6.0,Belfort-Ville,Petit-Croix
87184002,87184275,7.0,Belfort-Ville,Montreux-Vieux
87184002,87184507,6.0,Belfort-Ville,Héricourt
87184002,87185249,16.0,Belfort-Ville,Lure
87184002,87700146,2.0,Belfort-Ville,Danjoutin
87184200,87184242,3.0,Bas Évette,Trois Chênes
87184200,87185348,5.0,Bas Évette,Champagney
87184242,87184002,2.0,Trois Chênes,Belfort-Ville
87184242,87184200,4.0,Trois Chênes,Bas Évette
87184267,87184002,8.0,Petit-Croix,Belfort-Ville
87184267,87184275,2.0,Petit-Croix,Montreux-Vieux
87184275,87182253,5.0,Montreux-Vieux,Dannemarie
87184275,87184002,9.0,Montreux-Vieux,Belfort-Ville
87184275,87184267,2.0,Montreux-Vieux,Petit-Croix
87184408,87184424,5.0,Méroux,Morvillars
87184408,87700146,5.0,Méroux,Danjoutin
87184424,87184408,5.0,Morvillars,Méroux
87184424,87184432,3.0,Morvillars,Grandvillars
87184432,87184424,3.0,Grandvillars,Morvillars
87184432,87700153,2.0,Grandvillars,Joncherey
87184440,87700153,2.0,Delle,Joncherey
87184507,87184002,8.0,Héricourt,Belfort-Ville
87184507,87184523,5.0,Héricourt,Montbéliard
87184523,87184507,5.0,Montbéliard,Héricourt
87184523,87184531,3.0,Montbéliard,Voujeaucourt
87184523,87184572,12.0,Montbéliard,L'Isle-sur-le-Doubs
87184531,87184523,4.0,Voujeaucourt,Montbéliard
87184531,87184556,5.0,Voujeaucourt,Colombier-Fontaine
87184556,87184531,5.0,Colombier-Fontaine,Voujeaucourt
87184556,87184572,6.0,Colombier-Fontaine,L'Isle-sur-le-Doubs
87184572,87184523,13.0,L'Isle-sur-le-Doubs,Montbéliard
87184572,87184556,6.0,L'Isle-sur-le-Doubs,Colombier-Fontaine
87184572,87184622,6.0,L'Isle-sur-le-Doubs,Clerval
87184622,87184572,6.0,Clerval,L'Isle-sur-le-Doubs
87184622,87718460,11.0,Clerval,Baume-les-Dames
87185009,87142125,36.0,Vesoul,Culmont - Chalindrey
87185009,87185249,16.0,Vesoul,Lure
87185249,87184002,17.0,Lure,Belfort-Ville
87185249,87185009,16.0,Lure,Vesoul
87185249,87185314,6.0,Lure,Ronchamp
87185249,87185595,19.0,Lure,Luxeuil-les-Bains
87185314,87185249,6.0,Ronchamp,Lure
87185314,87185348,4.0,Ronchamp,Champagney
87185330,87185595,17.0,Saint-Loup-sur-Semouse,Luxeuil-les-Bains
87185348,87184002,27.0,Champagney,Belfort-Ville
87185348,87184200,6.0,Champagney,Bas Évette
87185348,87185314,4.0,Champagney,Ronchamp
87185595,87185249,20.0,Luxeuil-les-Bains,Lure
87185595,87185629,11.0,Luxeuil-les-Bains,Aillevillers
87185629,87144147,16.0,Aillevillers,Bains-les-Bains
87185629,87185330,10.0,Aillevillers,Saint-Loup-sur-Semouse
87185629,87185595,11.0,Aillevillers,Luxeuil-les-Bains
87187930,85000109,5.0,Bâle Saint-Jean,Basel SBB
87187930,87182139,2.0,Bâle Saint-Jean,Saint-Louis
87190801,87193524,3.0,Loupershouse centre,Farschviller
87190801,87406892,3.0,Loupershouse centre,Farschviller Centre
87191007,82001000,21.0,Thionville,Luxembourg
87191007,82006030,12.0,Thionville,Bettembourg
87191007,82260018,36.0,Thionville,Bettembourg Gare
87191007,87191130,4.0,Thionville,Uckange
87191007,87191163,5.0,Thionville,Hettange-Grande
87191007,87191239,7.0,Thionville,Hayange
87191007,87191601,5.0,Thionville,Basse-Ham
87191007,87192039,18.0,Thionville,Metz
87191007,87406744,11.0,Thionville,Distroff Église
87191007,87406827,11.0,Thionville,Kuntzig Place de la Liberté
87191007,87476937,6.0,Thionville,Yutz Saint-Vitus
87191007,87703769,12.0,Thionville,Basse-Ham Stade
87191098,87191106,1.0,Walygator parc,Maizières-lès-Metz
87191098,87191114,2.0,Walygator parc,Hagondange
87191098,87192039,10.0,Walygator parc,Metz
87191106,87191098,1.0,Maizières-lès-Metz,Walygator parc
87191106,87191114,3.0,Maizières-lès-Metz,Hagondange
87191106,87192088,4.0,Maizières-lès-Metz,Woippy
87191114,87191098,2.0,Hagondange,Walygator parc
87191114,87191106,3.0,Hagondange,Maizières-lès-Metz
87191114,87191130,4.0,Hagondange,Uckange
87191114,87191734,5.0,Hagondange,Rombas - Clouange
87191114,87191742,3.0,Hagondange,Gandrange - Amnéville
87191114,87192039,11.0,Hagondange,Metz
87191130,87191007,5.0,Uckange,Thionville
87191130,87191114,4.0,Uckange,Hagondange
87191163,82006030,8.0,Hettange-Grande,Bettembourg
87191163,82260018,24.0,Hettange-Grande,Bettembourg Gare
87191163,87191007,5.0,Hettange-Grande,Thionville
87191239,87191007,8.0,Hayange,Thionville
87191239,87194357,11.0,Hayange,Audun-le-Roman
87191296,87191346,4.0,Metzeresche Fontaine,Kédange Gare
87191296,87406835,4.0,Metzeresche Fontaine,Metzervisse Centre
87191304,87406827,4.0,Yutz Poitiers,Kuntzig Place de la Liberté
87191304,87476937,2.0,Yutz Poitiers,Yutz Saint-Vitus
87191346,87191296,4.0,Kédange Gare,Metzeresche Fontaine
87191346,87406801,2.0,Kédange Gare,Kédange Église
87191346,87406835,4.0,Kédange Gare,Metzervisse Centre
87191387,87117499,4.0,Anzeling,Hestroff Eglise
87191387,87405571,1.0,Anzeling,Anzeling Carrefour
87191395,87191411,2.0,Freistroff Passage À Niveau,Remelfang Giratoire
87191395,87405571,3.0,Freistroff Passage À Niveau,Anzeling Carrefour
87191403,87406751,6.0,Aboncourt Mairie,Ebersviller Centre
87191403,87407247,3.0,Aboncourt Mairie,Budange Rue D'Aboncourt
87191411,87117507,2.0,Remelfang Giratoire,Vaudreching Bernanos
87191411,87191395,3.0,Remelfang Giratoire,Freistroff Passage À Niveau
87191601,87191007,5.0,Basse-Ham,Thionville
87191601,87191619,3.0,Basse-Ham,Koenigsmacker
87191619,87191601,3.0,Koenigsmacker,Basse-Ham
87191619,87191627,3.0,Koenigsmacker,Malling
87191627,87191619,3.0,Malling,Koenigsmacker
87191627,87191635,5.0,Malling,Sierck-les-Bains
87191635,87191627,5.0,Sierck-les-Bains,Malling
87191635,87191643,3.0,Sierck-les-Bains,Apach
87191643,80251967,6.0,Apach,Perl
87191643,87191635,3.0,Apach,Sierck-les-Bains
87191684,87191692,2.0,Auboué,Homécourt
87191684,87192732,2.0,Auboué,Valleroy - Moineville
87191692,87191684,2.0,Homécourt,Auboué
87191692,87191700,2.0,Homécourt,Joeuf
87191692,87192666,10.0,Homécourt,Conflans - Jarny
87191692,87192724,7.0,Homécourt,Hatrize
87191692,87742247,5.0,Homécourt,Auboué Centre
87191692,87742254,15.0,Homécourt,Hatrize Centre
87191700,87191692,2.0,Joeuf,Homécourt
87191700,87191718,4.0,Joeuf,Moyeuvre-Grande
87191718,87191700,4.0,Moyeuvre-Grande,Joeuf
87191718,87191734,4.0,Moyeuvre-Grande,Rombas - Clouange
87191734,87191114,6.0,Rombas - Clouange,Hagondange
87191734,87191718,4.0,Rombas - Clouange,Moyeuvre-Grande
87191734,87191742,3.0,Rombas - Clouange,Gandrange - Amnéville
87191742,87191114,3.0,Gandrange - Amnéville,Hagondange
87191742,87191734,3.0,Gandrange - Amnéville,Rombas - Clouange
87192039,82001000,43.0,Metz,Luxembourg
87192039,87113001,82.0,Metz,Paris Est
87192039,87147322,27.0,Metz,Meuse TGV
87192039,87171926,47.0,Metz,Champagne-Ardenne TGV
87192039,87191007,16.0,Metz,Thionville
87192039,87191098,9.0,Metz,Walygator parc
87192039,87191114,10.0,Metz,Hagondange
87192039,87192070,3.0,Metz,Metz Nord
87192039,87192088,11.0,Metz,Woippy
87192039,87192203,5.0,Metz,Peltre
87192039,87192237,12.0,Metz,Rémilly
87192039,87192286,23.0,Metz,Morhange
87192039,87192401,6.0,Metz,Ars-sur-Moselle
87192039,87192435,12.0,Metz,Onville
87192039,87192468,11.0,Metz,Pagny-sur-Moselle
87192039,87192666,40.0,Metz,Conflans - Jarny
87192039,87193359,21.0,Metz,Faulquemont
87192039,87194001,55.0,Metz,Longwy
87192039,87212027,48.0,Metz,Strasbourg
87192039,87215012,48.0,Metz,Sarrebourg
87192039,87714378,12.0,Metz,Ars-sur-Moselle TIM République
87192070,87192039,4.0,Metz Nord,Metz
87192070,87192088,1.0,Metz Nord,Woippy
87192088,87191106,4.0,Woippy,Maizières-lès-Metz
87192088,87192039,12.0,Woippy,Metz
87192088,87192070,1.0,Woippy,Metz Nord
87192104,87193136,1.0,Aubecourt Rue Principale,Han-sur-Nied Rue Principale
87192104,87476853,4.0,Aubecourt Rue Principale,Remilly Place du 11 Novembre
87192120,87192138,5.0,Lucy Rue des Tilleuls,Chenois Rue Principale
87192120,87192245,3.0,Lucy Rue des Tilleuls,Baudrecourt Centre
87192138,87192120,5.0,Chenois Rue Principale,Lucy Rue des Tilleuls
87192138,87192252,2.0,Chenois Rue Principale,Lesse Centre
87192146,87192153,2.0,Holacourt Rue Principale,Arraincourt Rue Principale
87192146,87192252,3.0,Holacourt Rue Principale,Lesse Centre
87192153,87192146,2.0,Arraincourt Rue Principale,Holacourt Rue Principale
87192153,87192260,2.0,Arraincourt Rue Principale,Brulange Rue de Metz
87192179,87192187,5.0,Racrange Rue de Morhange,Bermering Eglise
87192179,87407171,2.0,Racrange Rue de Morhange,Morhange Jeanne d'Arc
87192187,87192179,3.0,Bermering Eglise,Racrange Rue de Morhange
87192187,87407114,5.0,Bermering Eglise,Bénestroff Centre
87192195,87215293,6.0,Marimont-lès-Bénestroff Eglise,Bassing Croisement
87192195,87215301,3.0,Marimont-lès-Bénestroff Eglise,Nebing Rue Robert Schumann
87192203,87192039,6.0,Peltre,Metz
87192203,87192211,4.0,Peltre,Courcelles-sur-Nied
87192211,87192203,4.0,Courcelles-sur-Nied,Peltre
87192211,87192229,2.0,Courcelles-sur-Nied,Sanry-sur-Nied
87192229,87192211,2.0,Sanry-sur-Nied,Courcelles-sur-Nied
87192229,87192237,4.0,Sanry-sur-Nied,Rémilly
87192229,87193359,13.0,Sanry-sur-Nied,Faulquemont
87192237,87192039,13.0,Rémilly,Metz
87192237,87192229,3.0,Rémilly,Sanry-sur-Nied
87192237,87192286,12.0,Rémilly,Morhange
87192237,87193359,9.0,Rémilly,Faulquemont
87192237,87193383,5.0,Rémilly,Herny
87192237,87476853,1.0,Rémilly,Remilly Place du 11 Novembre
87192245,87192120,3.0,Baudrecourt Centre,Lucy Rue des Tilleuls
87192245,87476929,4.0,Baudrecourt Centre,Vatimont Mairie
87192252,87192138,2.0,Lesse Centre,Chenois Rue Principale
87192252,87192146,3.0,Lesse Centre,Holacourt Rue Principale
87192260,87192153,2.0,Brulange Rue de Metz,Arraincourt Rue Principale
87192260,87199620,4.0,Brulange Rue de Metz,Destry Centre
87192286,87192039,23.0,Morhange,Metz
87192286,87192237,11.0,Morhange,Rémilly
87192286,87192302,4.0,Morhange,Bénestroff
87192286,87215079,21.0,Morhange,Réding
87192286,87407155,4.0,Morhange,Morhange Place de la République
87192286,87407171,3.0,Morhange,Morhange Jeanne d'Arc
87192302,87192286,4.0,Bénestroff,Morhange
87192302,87215335,11.0,Bénestroff,Berthelming
87192401,87192039,7.0,Ars-sur-Moselle,Metz
87192401,87192419,2.0,Ars-sur-Moselle,Ancy-sur-Moselle
87192401,87192427,5.0,Ars-sur-Moselle,Novéant-sur-Moselle
87192419,87192401,2.0,Ancy-sur-Moselle,Ars-sur-Moselle
87192419,87192427,2.0,Ancy-sur-Moselle,Novéant-sur-Moselle
87192427,87192401,4.0,Novéant-sur-Moselle,Ars-sur-Moselle
87192427,87192419,2.0,Novéant-sur-Moselle,Ancy-sur-Moselle
87192427,87192468,4.0,Novéant-sur-Moselle,Pagny-sur-Moselle
87192435,87141820,10.0,Onville,Pont-à-Mousson
87192435,87175240,23.0,Onville,Lérouville
87192435,87192039,13.0,Onville,Metz
87192435,87192666,16.0,Onville,Conflans - Jarny
87192468,87141820,5.0,Pagny-sur-Moselle,Pont-à-Mousson
87192468,87192039,12.0,Pagny-sur-Moselle,Metz
87192468,87192427,3.0,Pagny-sur-Moselle,Novéant-sur-Moselle
87192468,87192476,3.0,Pagny-sur-Moselle,Vandières
87192476,87141820,4.0,Vandières,Pont-à-Mousson
87192476,87192468,3.0,Vandières,Pagny-sur-Moselle
87192658,87192666,11.0,Baroncourt,Conflans - Jarny
87192658,87194274,15.0,Baroncourt,Longuyon
87192666,87175794,15.0,Conflans - Jarny,Étain
87192666,87191692,10.0,Conflans - Jarny,Homécourt
87192666,87191734,19.0,Conflans - Jarny,Rombas - Clouange
87192666,87192039,40.0,Conflans - Jarny,Metz
87192666,87192435,16.0,Conflans - Jarny,Onville
87192666,87192658,12.0,Conflans - Jarny,Baroncourt
87192666,87192724,4.0,Conflans - Jarny,Hatrize
87192666,87192732,6.0,Conflans - Jarny,Valleroy - Moineville
87192666,87742254,7.0,Conflans - Jarny,Hatrize Centre
87192724,87191692,7.0,Hatrize,Homécourt
87192724,87192666,5.0,Hatrize,Conflans - Jarny
87192724,87192732,3.0,Hatrize,Valleroy - Moineville
87192732,87191684,3.0,Valleroy - Moineville,Auboué
87192732,87192666,7.0,Valleroy - Moineville,Conflans - Jarny
87192732,87192724,2.0,Valleroy - Moineville,Hatrize
87192732,87742247,7.0,Valleroy - Moineville,Auboué Centre
87192732,87742254,5.0,Valleroy - Moineville,Hatrize Centre
87192880,87406660,5.0,Ugny Mairie,Cons-la-Grandville Haut Fourneau
87192880,87406678,5.0,Ugny Mairie,Cons-la-Grandville Lotissement
87193003,80253914,8.0,Forbach,Sarrebruck
87193003,87113001,98.0,Forbach,Paris Est
87193003,87193250,5.0,Forbach,Béning-lès-Saint-Avold
87193110,87199620,4.0,Baronville Mairie,Destry Centre
87193110,87407155,4.0,Baronville Mairie,Morhange Place de la République
87193128,87215301,6.0,Vahl-lès-Bénestroff Mairie,Nebing Rue Robert Schumann
87193128,87407114,3.0,Vahl-lès-Bénestroff Mairie,Bénestroff Centre
87193136,87192104,1.0,Han-sur-Nied Rue Principale,Aubecourt Rue Principale
87193136,87476929,3.0,Han-sur-Nied Rue Principale,Vatimont Mairie
87193144,87117523,2.0,Falck Gare,Hargarten-aux-Mines Rue Principale
87193144,87406769,3.0,Falck Gare,Falck Rue Principale
87193151,87117523,5.0,Teterchen Rue Jeanne D'Arc,Hargarten-aux-Mines Rue Principale
87193151,87193169,5.0,Teterchen Rue Jeanne D'Arc,Brettnach Centre
87193169,87117515,2.0,Brettnach Centre,Alzing Rue de Brettnach
87193169,87193151,5.0,Brettnach Centre,Teterchen Rue Jeanne D'Arc
87193177,87117507,2.0,Bouzonville,Vaudreching Bernanos
87193177,87406728,2.0,Bouzonville,Bouzonville Rue d'Alzing
87193219,87406736,11.0,Merten Centre,Creutzwald Gare Routière
87193219,87477158,2.0,Merten Centre,Merten République
87193250,87193003,5.0,Béning-lès-Saint-Avold,Forbach
87193250,87193276,3.0,Béning-lès-Saint-Avold,Hombourg-Haut
87193250,87193318,6.0,Béning-lès-Saint-Avold,Saint-Avold
87193250,87193516,4.0,Béning-lès-Saint-Avold,Farébersviller
87193250,87193524,8.0,Béning-lès-Saint-Avold,Farschviller
87193250,87406850,1.0,Béning-lès-Saint-Avold,Cocheren Village
87193276,87193250,3.0,Hombourg-Haut,Béning-lès-Saint-Avold
87193276,87193318,4.0,Hombourg-Haut,Saint-Avold
87193318,87193250,6.0,Saint-Avold,Béning-lès-Saint-Avold
87193318,87193276,4.0,Saint-Avold,Hombourg-Haut
87193318,87193342,4.0,Saint-Avold,Teting-sur-Nied
87193318,87193359,6.0,Saint-Avold,Faulquemont
87193342,87193318,4.0,Teting-sur-Nied,Saint-Avold
87193342,87193359,3.0,Teting-sur-Nied,Faulquemont
87193359,87192039,22.0,Faulquemont,Metz
87193359,87192237,9.0,Faulquemont,Rémilly
87193359,87193318,6.0,Faulquemont,Saint-Avold
87193359,87193342,3.0,Faulquemont,Teting-sur-Nied
87193359,87193383,6.0,Faulquemont,Herny
87193383,87192237,4.0,Herny,Rémilly
87193383,87193359,6.0,Herny,Faulquemont
87193508,87194019,2.0,Theding Allée de la Forêt,Ebring Croisement
87193508,87406868,2.0,Theding Allée de la Forêt,Farébersviller Cité
87193516,87193250,5.0,Farébersviller,Béning-lès-Saint-Avold
87193516,87193524,5.0,Farébersviller,Farschviller
87193524,87190801,1.0,Farschviller,Loupershouse centre
87193524,87193250,8.0,Farschviller,Béning-lès-Saint-Avold
87193524,87193516,4.0,Farschviller,Farébersviller
87193524,87193540,4.0,Farschviller,Hundling Hôtel de Ville
87193524,87193615,10.0,Farschviller,Sarreguemines
87193524,87737734,1.0,Farschviller,Farschviller Croisement Gare
87193532,87193557,2.0,Diebling Centre,Metzing Centre
87193532,87476861,1.0,Diebling Centre,Diebling Maison Forestière
87193532,87737718,8.0,Diebling Centre,Hundling Stade
87193540,87193524,5.0,Hundling Hôtel de Ville,Farschviller
87193540,87193615,7.0,Hundling Hôtel de Ville,Sarreguemines
87193557,87193532,2.0,Metzing Centre,Diebling Centre
87193557,87194019,9.0,Metzing Centre,Ebring Croisement
87193557,87737718,4.0,Metzing Centre,Hundling Stade
87193557,87748376,3.0,Metzing Centre,Hundling Hôtel de Ville
87193565,87477141,4.0,Ippling Rue de Sarreguemines,Welferding Rue de France
87193565,87737593,12.0,Ippling Rue de Sarreguemines,Sarreguemines Lycée Technique
87193565,87737676,8.0,Ippling Rue de Sarreguemines,Sarreguemines Collège Himmelsberg
87193565,87737700,8.0,Ippling Rue de Sarreguemines,Sarreguemines Utzschneider
87193565,87737718,3.0,Ippling Rue de Sarreguemines,Hundling Stade
87193565,87748376,3.0,Ippling Rue de Sarreguemines,Hundling Hôtel de Ville
87193607,87193565,3.0,Welferding Cimetière,Ippling Rue de Sarreguemines
87193615,80253914,16.0,Sarreguemines,Sarrebruck
87193615,87193524,9.0,Sarreguemines,Farschviller
87193615,87193540,6.0,Sarreguemines,Hundling Hôtel de Ville
87193615,87193607,7.0,Sarreguemines,Welferding Cimetière
87193615,87193664,10.0,Sarreguemines,Kalhausen Gare
87193615,87193771,12.0,Sarreguemines,Woelfling-lès-Sarreguemines
87193615,87215632,19.0,Sarreguemines,Oermingen
87193615,87642801,37.0,Sarreguemines,Bitche Quartier Driant
87193615,87703421,5.0,Sarreguemines,Rémelfing Centre
87193615,87717769,23.0,Sarreguemines,Herbitzheim Msp
87193615,87728592,12.0,Sarreguemines,Herbitzheim Rue de Hambach
87193664,87193615,11.0,Kalhausen Gare,Sarreguemines
87193664,87215632,3.0,Kalhausen Gare,Oermingen
87193664,87703454,3.0,Kalhausen Gare,Wittring Pont
87193664,87717751,7.0,Kalhausen Gare,Herbitzheim Mairie
87193771,87193615,14.0,Woelfling-lès-Sarreguemines,Sarreguemines
87193771,87199604,3.0,Woelfling-lès-Sarreguemines,Gros-Réderching
87193789,87199604,3.0,Rohrbach-lès-Bitche,Gros-Réderching
87193789,87406967,2.0,Rohrbach-lès-Bitche,Rohrbach-les-Bitche Carrefour
87193797,87406959,5.0,Petit-Réderching,Enchenberg Mairie
87193797,87406967,4.0,Petit-Réderching,Rohrbach-les-Bitche Carrefour
87193821,87406934,1.0,Bitche Ancienne Gare,Bitche Rue de la Paix
87193821,87642801,5.0,Bitche Ancienne Gare,Bitche Quartier Driant
87193821,87668152,8.0,Bitche Ancienne Gare,Éguelshardt Abri
87193839,87642801,3.0,Bitche Camp,Bitche Quartier Driant
87194001,82009407,8.0,Longwy,Rodange
87194001,87192039,55.0,Longwy,Metz
87194001,87194274,12.0,Longwy,Longuyon
87194001,87477588,2.0,Longwy,Longwy Route de Metz
87194019,87193508,2.0,Ebring Croisement,Theding Allée de la Forêt
87194019,87193557,8.0,Ebring Croisement,Metzing Centre
87194019,87406892,4.0,Ebring Croisement,Farschviller Centre
87194019,87476861,1.0,Ebring Croisement,Diebling Maison Forestière
87194209,87172353,15.0,Montmédy,Carignan
87194209,87194274,13.0,Montmédy,Longuyon
87194274,87192658,15.0,Longuyon,Baroncourt
87194274,87194001,12.0,Longuyon,Longwy
87194274,87194209,12.0,Longuyon,Montmédy
87194274,87194357,17.0,Longuyon,Audun-le-Roman
87194274,87406611,2.0,Longuyon,Longuyon Pont des Deux Eaux
87194357,87191239,12.0,Audun-le-Roman,Hayange
87194357,87194274,18.0,Audun-le-Roman,Longuyon
87194449,87477570,2.0,Réhon La Chapelle,Rehon Poste
87194449,87477588,2.0,Réhon La Chapelle,Longwy Route de Metz
87194456,87192880,5.0,Cons-la-Grandville Centre,Ugny Mairie
87194456,87406660,1.0,Cons-la-Grandville Centre,Cons-la-Grandville Haut Fourneau
87194456,87406678,1.0,Cons-la-Grandville Centre,Cons-la-Grandville Lotissement
87194480,87117598,2.0,Montigny-sur-Chiers la Roche,Montigny-sur-Chiers Eglise
87194480,87194498,3.0,Montigny-sur-Chiers la Roche,Viviers-sur-Chiers Mairie
87194498,87194480,3.0,Viviers-sur-Chiers Mairie,Montigny-sur-Chiers la Roche
87194498,87406702,3.0,Viviers-sur-Chiers Mairie,Longuyon La Machine
87199604,87193771,3.0,Gros-Réderching,Woelfling-lès-Sarreguemines
87199604,87193789,4.0,Gros-Réderching,Rohrbach-lès-Bitche
87199612,87406934,4.0,Reyersviller Schwangerbach,Bitche Rue de la Paix
87199612,87686360,5.0,Reyersviller Schwangerbach,Lemberg Grand-Rue
87199620,87192260,4.0,Destry Centre,Brulange Rue de Metz
87199620,87193110,4.0,Destry Centre,Baronville Mairie
87208553,87698316,4.0,Casino Lacroix Laval,La Tour-de-Salvagny Hippodrome
87208553,87721530,2.0,Casino Lacroix Laval,Charbonnières-les-Bains
87208553,87721548,2.0,Casino Lacroix Laval,La Tour-de-Salvagny
87212027,80142281,39.0,Strasbourg,Karlsruhe Hbf
87212027,80142778,35.0,Strasbourg,Baden-Baden
87212027,80142927,25.0,Strasbourg,Kehl
87212027,80143099,21.0,Strasbourg,Offenburg
87212027,80196980,158.0,Strasbourg,Kaiserslautern Hbf
87212027,87111849,92.0,Strasbourg,Marne-la-Vallée Chessy
87212027,87113001,103.0,Strasbourg,Paris Est
87212027,87141002,62.0,Strasbourg,Nancy
87212027,87142109,34.0,Strasbourg,Lorraine TGV
87212027,87147322,49.0,Strasbourg,Meuse TGV
87212027,87171926,68.0,Strasbourg,Champagne-Ardenne TGV
87212027,87182014,25.0,Strasbourg,Colmar
87212027,87182063,49.0,Strasbourg,Mulhouse
87212027,87192039,47.0,Strasbourg,Metz
87212027,87212100,5.0,Strasbourg,Mundolsheim
87212027,87212118,7.0,Strasbourg,Vendenheim
87212027,87212134,9.0,Strasbourg,Brumath
87212027,87212142,13.0,Strasbourg,Mommenheim
87212027,87212191,4.0,Strasbourg,Strasbourg Roethig
87212027,87212225,21.0,Strasbourg,Saverne
87212027,87212241,5.0,Strasbourg,Graffenstaden
87212027,87212258,6.0,Strasbourg,Geispolsheim
87212027,87212266,15.0,Strasbourg,Fegersheim - Lipsheim
87212027,87212274,10.0,Strasbourg,Limersheim
87212027,87212308,3.0,Strasbourg,Bischheim
87212027,87213058,38.0,Strasbourg,Haguenau
87212027,87213611,14.0,Strasbourg,Bischwiller
87212027,87214056,18.0,Strasbourg,Sélestat
87212027,87214148,10.0,Strasbourg,Erstein
87212027,87214528,7.0,Strasbourg,Entzheim Aéroport
87212027,87214577,13.0,Strasbourg,Molsheim
87212027,87338517,5.0,Strasbourg,Hoenheim Tram
87212027,87338525,4.0,Strasbourg,Krimmeri Meinau
87212027,87654590,15.0,Strasbourg,Stephansfeld Hôpital
87212027,87658849,35.0,Strasbourg,Pfaffenhoffen Mairie
87212027,87658930,9.0,Strasbourg,Bischheim Arrêt CTS R. Gare
87212027,87658948,22.0,Strasbourg,Kilstett 13 Route Nationale
87212027,87659755,16.0,Strasbourg,Hoerdt Maison de Retraite
87212100,87212027,6.0,Mundolsheim,Strasbourg
87212100,87212118,2.0,Mundolsheim,Vendenheim
87212118,87212027,8.0,Vendenheim,Strasbourg
87212118,87212100,2.0,Vendenheim,Mundolsheim
87212118,87212126,3.0,Vendenheim,Stephansfeld
87212118,87213686,5.0,Vendenheim,Hoerdt
87212118,87659763,13.0,Vendenheim,Hoerdt Mairie
87212126,87212118,4.0,Stephansfeld,Vendenheim
87212126,87212134,1.0,Stephansfeld,Brumath
87212134,87212027,11.0,Brumath,Strasbourg
87212134,87212126,1.0,Brumath,Stephansfeld
87212134,87212142,3.0,Brumath,Mommenheim
87212134,87212225,13.0,Brumath,Saverne
87212142,87212027,14.0,Mommenheim,Strasbourg
87212142,87212134,3.0,Mommenheim,Brumath
87212142,87212159,2.0,Mommenheim,Schwindratzheim
87212142,87213165,9.0,Mommenheim,Obermodern
87212142,87639922,7.0,Mommenheim,Minversheim Rue Principale
87212142,87658716,5.0,Mommenheim,Schwindratzheim Général Leclerc
87212159,87212142,2.0,Schwindratzheim,Mommenheim
87212159,87212167,2.0,Schwindratzheim,Hochfelden
87212167,87212159,2.0,Hochfelden,Schwindratzheim
87212167,87212175,3.0,Hochfelden,Wilwisheim
87212167,87658740,6.0,Hochfelden,Wilwisheim Haute-Montée
87212175,87212167,3.0,Wilwisheim,Hochfelden
87212175,87212183,2.0,Wilwisheim,Dettwiller
87212183,87212175,2.0,Dettwiller,Wilwisheim
87212183,87212209,3.0,Dettwiller,Steinbourg
87212191,87212027,4.0,Strasbourg Roethig,Strasbourg
87212191,87214502,1.0,Strasbourg Roethig,Lingolsheim
87212209,87212183,2.0,Steinbourg,Dettwiller
87212209,87212225,4.0,Steinbourg,Saverne
87212225,87175042,106.0,Saverne,Bar-le-Duc
87212225,87212027,23.0,Saverne,Strasbourg
87212225,87212134,12.0,Saverne,Brumath
87212225,87212209,3.0,Saverne,Steinbourg
87212225,87213785,29.0,Saverne,Ingwiller
87212225,87215012,15.0,Saverne,Sarrebourg
87212225,87215079,13.0,Saverne,Réding
87212225,87215160,6.0,Saverne,Lutzelbourg
87212225,87642223,8.0,Saverne,Saverne Lycée Verne
87212225,87678466,21.0,Saverne,Uttwiller Croisement
87212225,87754192,11.0,Saverne,Dossenheim-sur-Zinsel Pressoir
87212241,87212027,6.0,Graffenstaden,Strasbourg
87212241,87212258,1.0,Graffenstaden,Geispolsheim
87212241,87212274,5.0,Graffenstaden,Limersheim
87212258,87212027,7.0,Geispolsheim,Strasbourg
87212258,87212241,1.0,Geispolsheim,Graffenstaden
87212258,87212266,2.0,Geispolsheim,Fegersheim - Lipsheim
87212266,87212027,15.0,Fegersheim - Lipsheim,Strasbourg
87212266,87212258,3.0,Fegersheim - Lipsheim,Geispolsheim
87212266,87212274,2.0,Fegersheim - Lipsheim,Limersheim
87212266,87214148,5.0,Fegersheim - Lipsheim,Erstein
87212274,87212266,2.0,Limersheim,Fegersheim - Lipsheim
87212274,87214148,3.0,Limersheim,Erstein
87212308,87212027,4.0,Bischheim,Strasbourg
87212308,87338517,2.0,Bischheim,Hoenheim Tram
87212316,87212324,2.0,La Wantzenau,Kilstett
87212316,87212332,4.0,La Wantzenau,Gambsheim
87212316,87338517,5.0,La Wantzenau,Hoenheim Tram
87212324,87212316,2.0,Kilstett,La Wantzenau
87212324,87212332,2.0,Kilstett,Gambsheim
87212332,87212316,4.0,Gambsheim,La Wantzenau
87212332,87212324,2.0,Gambsheim,Kilstett
87212332,87212340,3.0,Gambsheim,Herrlisheim
87212332,87658948,6.0,Gambsheim,Kilstett 13 Route Nationale
87212332,87659730,3.0,Gambsheim,Gambsheim Garage Peugeot
87212340,87212332,3.0,Herrlisheim,Gambsheim
87212340,87212357,4.0,Herrlisheim,Drusenheim
87212340,87212407,10.0,Herrlisheim,Roeschwoog
87212340,87338517,11.0,Herrlisheim,Hoenheim Tram
87212357,87212340,4.0,Drusenheim,Herrlisheim
87212357,87212365,4.0,Drusenheim,Sessenheim
87212357,87212407,7.0,Drusenheim,Roeschwoog
87212365,87212357,4.0,Sessenheim,Drusenheim
87212365,87212373,3.0,Sessenheim,Rountzenheim
87212373,87212365,2.0,Rountzenheim,Sessenheim
87212373,87212407,2.0,Rountzenheim,Roeschwoog
87212407,87212340,11.0,Roeschwoog,Herrlisheim
87212407,87212357,8.0,Roeschwoog,Drusenheim
87212407,87212373,2.0,Roeschwoog,Rountzenheim
87212407,87212415,3.0,Roeschwoog,Roppenheim
87212407,87212431,6.0,Roeschwoog,Seltz
87212415,87212407,3.0,Roppenheim,Roeschwoog
87212415,87212431,4.0,Roppenheim,Seltz
87212431,87212407,6.0,Seltz,Roeschwoog
87212431,87212415,4.0,Seltz,Roppenheim
87212431,87212449,4.0,Seltz,Munchhausen
87212431,87212464,8.0,Seltz,Lauterbourg
87212449,87212431,4.0,Munchhausen,Seltz
87212449,87212456,2.0,Munchhausen,Mothern
87212456,87212449,2.0,Mothern,Munchhausen
87212456,87212464,5.0,Mothern,Lauterbourg
87212464,80191064,2.0,Lauterbourg,Berg (Pfalz)
87212464,87212431,8.0,Lauterbourg,Seltz
87212464,87212456,4.0,Lauterbourg,Mothern
87213058,87213108,3.0,Haguenau,Schweighouse-sur-Moder
87213058,87213405,7.0,Haguenau,Walbourg
87213058,87213421,12.0,Haguenau,Soultz-sous-Forêts
87213058,87213603,4.0,Haguenau,Marienthal
87213058,87213611,5.0,Haguenau,Bischwiller
87213058,87407320,7.0,Haguenau,Schweighouse-sur-Moder Villa
87213058,87659797,17.0,Haguenau,Kurtzenhouse 71 Route Principale
87213058,87659847,6.0,Haguenau,Haguenau Statuette
87213108,87213058,4.0,Schweighouse-sur-Moder,Haguenau
87213108,87213207,6.0,Schweighouse-sur-Moder,Mertzwiller
87213108,87406918,9.0,Schweighouse-sur-Moder,Mertzwiller Monuments aux Morts
87213108,87407320,2.0,Schweighouse-sur-Moder,Schweighouse-sur-Moder Villa
87213165,87212142,10.0,Obermodern,Mommenheim
87213165,87213785,5.0,Obermodern,Ingwiller
87213165,87213827,7.0,Obermodern,Ettendorf
87213165,87642330,5.0,Obermodern,Menchhoffen Abri
87213165,87678730,6.0,Obermodern,Pfaffenhoffen Pl. République
87213165,87702084,6.0,Obermodern,Bouxwiller Clos Des Seigneurs
87213207,87213108,5.0,Mertzwiller,Schweighouse-sur-Moder
87213207,87213223,3.0,Mertzwiller,Gundershoffen
87213207,87406918,1.0,Mertzwiller,Mertzwiller Monuments aux Morts
87213223,87213207,4.0,Gundershoffen,Mertzwiller
87213223,87213249,3.0,Gundershoffen,Reichshoffen
87213223,87407262,1.0,Gundershoffen,Gundershoffen au Cygne
87213231,87213249,3.0,Reichshoffen Usines,Reichshoffen
87213231,87407262,3.0,Reichshoffen Usines,Gundershoffen au Cygne
87213249,87213223,3.0,Reichshoffen,Gundershoffen
87213249,87213231,3.0,Reichshoffen,Reichshoffen Usines
87213249,87213256,3.0,Reichshoffen,Niederbronn-les-Bains
87213249,87407270,4.0,Reichshoffen,Niederbronn-les-Bains Archéologie
87213256,87213249,3.0,Niederbronn-les-Bains,Reichshoffen
87213256,87407296,2.0,Niederbronn-les-Bains,Niederbronn-les-Bains Usine
87213256,87678524,2.0,Niederbronn-les-Bains,Niederbronn Hotel de Ville
87213298,87406926,5.0,Bannstein Croisement,Philippsbourg Lieschbach
87213298,87668152,3.0,Bannstein Croisement,Éguelshardt Abri
87213405,87213058,6.0,Walbourg,Haguenau
87213405,87213413,3.0,Walbourg,Hoelschloch-Surbourg
87213405,87660050,7.0,Walbourg,Surbourg Rue Saint-Arbogast
87213413,87213405,3.0,Hoelschloch-Surbourg,Walbourg
87213413,87213421,4.0,Hoelschloch-Surbourg,Soultz-sous-Forêts
87213421,87213058,12.0,Soultz-sous-Forêts,Haguenau
87213421,87213405,7.0,Soultz-sous-Forêts,Walbourg
87213421,87213413,4.0,Soultz-sous-Forêts,Hoelschloch-Surbourg
87213421,87213447,3.0,Soultz-sous-Forêts,Hoffen
87213421,87213470,13.0,Soultz-sous-Forêts,Wissembourg
87213421,87660050,6.0,Soultz-sous-Forêts,Surbourg Rue Saint-Arbogast
87213421,87660126,6.0,Soultz-sous-Forêts,Schoenenbourg Centre
87213447,87213421,3.0,Hoffen,Soultz-sous-Forêts
87213447,87213462,5.0,Hoffen,Riedseltz
87213462,87213447,6.0,Riedseltz,Hoffen
87213462,87213470,5.0,Riedseltz,Wissembourg
87213470,80359349,4.0,Wissembourg,Schweighofen
87213470,87213421,12.0,Wissembourg,Soultz-sous-Forêts
87213470,87213462,5.0,Wissembourg,Riedseltz
87213470,87660381,2.0,Wissembourg,Wissembourg Altenstadt
87213470,87747881,6.0,Wissembourg,Wissembourg Lycée Stanislas
87213603,87213058,4.0,Marienthal,Haguenau
87213603,87213611,2.0,Marienthal,Bischwiller
87213603,87659821,2.0,Marienthal,Kaltenhouse Rue de Bischwiller
87213611,87212027,15.0,Bischwiller,Strasbourg
87213611,87213058,6.0,Bischwiller,Haguenau
87213611,87213603,2.0,Bischwiller,Marienthal
87213611,87213660,3.0,Bischwiller,Kurtzenhouse
87213611,87659805,2.0,Bischwiller,Bischwiller Église Catholique
87213611,87659813,1.0,Bischwiller,Bischwiller Vestra
87213660,87213611,4.0,Kurtzenhouse,Bischwiller
87213660,87213678,3.0,Kurtzenhouse,Weyersheim
87213678,87213660,3.0,Weyersheim,Kurtzenhouse
87213678,87213686,2.0,Weyersheim,Hoerdt
87213686,87212118,5.0,Hoerdt,Vendenheim
87213686,87213678,2.0,Hoerdt,Weyersheim
87213744,87213785,6.0,Wingen-sur-Moder,Ingwiller
87213744,87215699,8.0,Wingen-sur-Moder,Tieffenbach - Struth
87213744,87642348,5.0,Wingen-sur-Moder,Wimmenau D.919 - Rue de la Gare
87213744,87642355,2.0,Wingen-sur-Moder,Wingen-sur-Moder Mairie
87213744,87642371,6.0,Wingen-sur-Moder,Col de Puberg
87213769,87654442,6.0,Wimmenau,Reipertswiller Salle Polyvalente
87213769,87654467,1.0,Wimmenau,Wimmenau Centre
87213785,87212225,25.0,Ingwiller,Saverne
87213785,87213165,5.0,Ingwiller,Obermodern
87213785,87213744,6.0,Ingwiller,Wingen-sur-Moder
87213785,87642330,6.0,Ingwiller,Menchhoffen Abri
87213785,87642348,6.0,Ingwiller,Wimmenau D.919 - Rue de la Gare
87213785,87654384,10.0,Ingwiller,Lichtenberg Église
87213785,87654467,10.0,Ingwiller,Wimmenau Centre
87213827,87639955,2.0,Ettendorf,Alteckendorf Altdorf
87213827,87639971,1.0,Ettendorf,Ettendorf  Rue du Pont
87213884,87595983,3.0,Niedermodern Pont de la Moder,La Walck Monument Aux Morts
87213884,87678714,4.0,Niedermodern Pont de la Moder,Neubourg Église
87214056,87182014,10.0,Sélestat,Colmar
87214056,87212027,19.0,Sélestat,Strasbourg
87214056,87214106,4.0,Sélestat,Ebersheim
87214056,87214122,8.0,Sélestat,Benfeld
87214056,87214205,3.0,Sélestat,Scherwiller
87214056,87214213,7.0,Sélestat,Dambach-la-Ville
87214056,87214858,28.0,Sélestat,Sainte-Marie-aux-Mines Cité Scolaire
87214056,87640375,6.0,Sélestat,Sélestat  Schweisguth
87214056,87640391,6.0,Sélestat,Sélestat Schwilgué
87214056,87640409,2.0,Sélestat,Sélestat R. Ste-Marie-a.-Mines
87214056,87643403,6.0,Sélestat,Cigoland
87214056,87678474,14.0,Sélestat,Guémar Rond-point Sony
87214056,87744235,8.0,Sélestat,Châtenois Collège
87214106,87214056,4.0,Ebersheim,Sélestat
87214106,87214114,3.0,Ebersheim,Kogenheim
87214114,87214106,3.0,Kogenheim,Ebersheim
87214114,87214122,3.0,Kogenheim,Benfeld
87214122,87214056,8.0,Benfeld,Sélestat
87214122,87214114,3.0,Benfeld,Kogenheim
87214122,87214130,3.0,Benfeld,Matzenheim
87214122,87214148,4.0,Benfeld,Erstein
87214130,87214122,3.0,Matzenheim,Benfeld
87214130,87214148,2.0,Matzenheim,Erstein
87214148,87212027,11.0,Erstein,Strasbourg
87214148,87212266,6.0,Erstein,Fegersheim - Lipsheim
87214148,87212274,3.0,Erstein,Limersheim
87214148,87214122,4.0,Erstein,Benfeld
87214148,87214130,2.0,Erstein,Matzenheim
87214205,87214056,4.0,Scherwiller,Sélestat
87214205,87214213,3.0,Scherwiller,Dambach-la-Ville
87214213,87214205,4.0,Dambach-la-Ville,Scherwiller
87214213,87214221,4.0,Dambach-la-Ville,Epfig
87214213,87711226,8.0,Dambach-la-Ville,Scherwiller Rue de la Gare
87214221,87214213,4.0,Epfig,Dambach-la-Ville
87214221,87214239,2.0,Epfig,Eichhoffen
87214239,87214221,2.0,Eichhoffen,Epfig
87214239,87214247,3.0,Eichhoffen,Barr
87214247,87214221,5.0,Barr,Epfig
87214247,87214239,3.0,Barr,Eichhoffen
87214247,87214254,2.0,Barr,Gertwiller
87214247,87214270,4.0,Barr,Goxwiller
87214247,87214288,7.0,Barr,Obernai
87214247,87660910,12.0,Barr,Obernai Freppel - Gare
87214247,87660936,7.0,Barr,Eichhoffen Carrefour Gare
87214254,87214247,2.0,Gertwiller,Barr
87214254,87214270,2.0,Gertwiller,Goxwiller
87214270,87214247,5.0,Goxwiller,Barr
87214270,87214254,2.0,Goxwiller,Gertwiller
87214270,87214288,3.0,Goxwiller,Obernai
87214288,87214247,7.0,Obernai,Barr
87214288,87214270,3.0,Obernai,Goxwiller
87214288,87214296,3.0,Obernai,Bischoffsheim
87214296,87214288,3.0,Bischoffsheim,Obernai
87214296,87214320,2.0,Bischoffsheim,Rosheim
87214320,87214296,2.0,Rosheim,Bischoffsheim
87214320,87214338,2.0,Rosheim,Dorlisheim
87214320,87214577,7.0,Rosheim,Molsheim
87214320,87660910,9.0,Rosheim,Obernai Freppel - Gare
87214338,87214320,2.0,Dorlisheim,Rosheim
87214338,87214577,2.0,Dorlisheim,Molsheim
87214502,87212191,1.0,Lingolsheim,Strasbourg Roethig
87214502,87214528,3.0,Lingolsheim,Entzheim Aéroport
87214528,87212027,7.0,Entzheim Aéroport,Strasbourg
87214528,87214502,3.0,Entzheim Aéroport,Lingolsheim
87214528,87214536,3.0,Entzheim Aéroport,Duppigheim
87214528,87214577,6.0,Entzheim Aéroport,Molsheim
87214536,87214528,2.0,Duppigheim,Entzheim Aéroport
87214536,87214544,2.0,Duppigheim,Duttlenheim
87214544,87214536,1.0,Duttlenheim,Duppigheim
87214544,87214551,2.0,Duttlenheim,Dachstein
87214551,87214544,2.0,Dachstein,Duttlenheim
87214551,87214577,2.0,Dachstein,Molsheim
87214577,87212027,17.0,Molsheim,Strasbourg
87214577,87214320,7.0,Molsheim,Rosheim
87214577,87214338,2.0,Molsheim,Dorlisheim
87214577,87214528,6.0,Molsheim,Entzheim Aéroport
87214577,87214551,2.0,Molsheim,Dachstein
87214577,87214585,3.0,Molsheim,Mutzig
87214577,87214692,30.0,Molsheim,Schirmeck - La Broque
87214577,87660548,8.0,Molsheim,Mutzig Passage à Niveau
87214585,87214577,3.0,Mutzig,Molsheim
87214585,87214593,3.0,Mutzig,Gresswiller
87214585,87214635,8.0,Mutzig,Urmatt
87214593,87214585,2.0,Gresswiller,Mutzig
87214593,87214627,3.0,Gresswiller,Heiligenberg - Mollkirch
87214593,87214635,6.0,Gresswiller,Urmatt
87214627,87214593,3.0,Heiligenberg - Mollkirch,Gresswiller
87214627,87214635,3.0,Heiligenberg - Mollkirch,Urmatt
87214635,87214585,7.0,Urmatt,Mutzig
87214635,87214593,5.0,Urmatt,Gresswiller
87214635,87214627,3.0,Urmatt,Heiligenberg - Mollkirch
87214635,87214643,2.0,Urmatt,Mullerhof
87214635,87214650,3.0,Urmatt,Lutzelhouse
87214635,87214676,5.0,Urmatt,Wisches
87214635,87214684,6.0,Urmatt,Russ-Hersbach
87214635,87660548,16.0,Urmatt,Mutzig Passage à Niveau
87214635,87660589,12.0,Urmatt,Gresswiller Abri
87214635,87660605,6.0,Urmatt,Lutzelhouse Abri Église
87214635,87660688,11.0,Urmatt,Wisches Église
87214643,87214635,2.0,Mullerhof,Urmatt
87214643,87214650,1.0,Mullerhof,Lutzelhouse
87214643,87660605,3.0,Mullerhof,Lutzelhouse Abri Église
87214650,87214635,3.0,Lutzelhouse,Urmatt
87214650,87214643,2.0,Lutzelhouse,Mullerhof
87214650,87214676,2.0,Lutzelhouse,Wisches
87214650,87214692,6.0,Lutzelhouse,Schirmeck - La Broque
87214676,87214650,2.0,Wisches,Lutzelhouse
87214676,87214684,2.0,Wisches,Russ-Hersbach
87214676,87214692,4.0,Wisches,Schirmeck - La Broque
87214684,87214635,6.0,Russ-Hersbach,Urmatt
87214684,87214676,2.0,Russ-Hersbach,Wisches
87214684,87214692,3.0,Russ-Hersbach,Schirmeck - La Broque
87214684,87660688,3.0,Russ-Hersbach,Wisches Église
87214692,87214577,30.0,Schirmeck - La Broque,Molsheim
87214692,87214650,6.0,Schirmeck - La Broque,Lutzelhouse
87214692,87214676,4.0,Schirmeck - La Broque,Wisches
87214692,87214684,3.0,Schirmeck - La Broque,Russ-Hersbach
87214692,87214726,2.0,Schirmeck - La Broque,Rothau
87214692,87660605,11.0,Schirmeck - La Broque,Lutzelhouse Abri Église
87214692,87660688,9.0,Schirmeck - La Broque,Wisches Église
87214692,87742197,5.0,Schirmeck - La Broque,Schirmeck Cité Scolaire
87214726,87214692,2.0,Rothau,Schirmeck - La Broque
87214726,87214734,4.0,Rothau,Fouday
87214726,87214742,7.0,Rothau,Saint-Blaise-la-Roche
87214726,87660795,8.0,Rothau,Devant Fouday Abri RN 420
87214734,87214726,5.0,Fouday,Rothau
87214734,87214742,3.0,Fouday,Saint-Blaise-la-Roche
87214742,87214726,7.0,Saint-Blaise-la-Roche,Rothau
87214742,87214734,3.0,Saint-Blaise-la-Roche,Fouday
87214742,87214775,6.0,Saint-Blaise-la-Roche,Bourg-Bruche
87214742,87214783,8.0,Saint-Blaise-la-Roche,Saales
87214742,87660795,3.0,Saint-Blaise-la-Roche,Devant Fouday Abri RN 420
87214742,87660886,7.0,Saint-Blaise-la-Roche,Bourg-Bruche Église
87214775,87214742,6.0,Bourg-Bruche,Saint-Blaise-la-Roche
87214775,87214783,3.0,Bourg-Bruche,Saales
87214783,87144014,20.0,Saales,Saint-Dié-des-Vosges
87214783,87144345,9.0,Saales,Provenchères-sur-Fave
87214783,87214726,16.0,Saales,Rothau
87214783,87214742,8.0,Saales,Saint-Blaise-la-Roche
87214783,87214775,3.0,Saales,Bourg-Bruche
87214783,87660886,4.0,Saales,Bourg-Bruche Église
87214858,87214056,25.0,Sainte-Marie-aux-Mines Cité Scolaire,Sélestat
87214858,87640953,5.0,Sainte-Marie-aux-Mines Cité Scolaire,Ste-Marie-aux-Mines Théâtre
87214940,87215988,4.0,Le Ménilot,Lusigny-sur-Barse Centre
87214940,87279943,2.0,Le Ménilot,Montiéramey Église
87214965,87727891,2.0,Les Forges de Clairvaux,Ville sous la Ferté Four à Chaux
87214965,87732297,6.0,Les Forges de Clairvaux,Bayel Place du G.de Gaulle
87214981,87216010,4.0,Daudes,Rouilly-Saint-Loup D21
87214981,87279968,2.0,Daudes,Montaulin Mairie
87215012,87141002,39.0,Sarrebourg,Nancy
87215012,87141150,22.0,Sarrebourg,Lunéville
87215012,87192039,46.0,Sarrebourg,Metz
87215012,87192286,24.0,Sarrebourg,Morhange
87215012,87212225,15.0,Sarrebourg,Saverne
87215012,87215079,3.0,Sarrebourg,Réding
87215012,87215103,11.0,Sarrebourg,Igney - Avricourt
87215012,87215160,9.0,Sarrebourg,Lutzelbourg
87215012,87215335,9.0,Sarrebourg,Berthelming
87215012,87407106,2.0,Sarrebourg,Sarrebourg Verreries
87215012,87407189,3.0,Sarrebourg,Sarrebourg Place Mathey
87215012,87477620,3.0,Sarrebourg,Sarrebourg Route de Phalsbourg
87215012,87477638,6.0,Sarrebourg,Sarrebourg LP Messmer
87215012,87703678,7.0,Sarrebourg,Dolving Rue de Sarrebourg
87215079,87192286,22.0,Réding,Morhange
87215079,87212225,13.0,Réding,Saverne
87215079,87215012,2.0,Réding,Sarrebourg
87215079,87215160,8.0,Réding,Lutzelbourg
87215103,87141150,12.0,Igney - Avricourt,Lunéville
87215103,87215012,11.0,Igney - Avricourt,Sarrebourg
87215103,87407049,3.0,Igney - Avricourt,Avricourt Rue Des Halles
87215103,87407064,3.0,Igney - Avricourt,Igney Mairie
87215111,87215129,3.0,Avricourt Nouvel Avricourt,Réchicourt-le-Château
87215111,87407056,1.0,Avricourt Nouvel Avricourt,Avricourt Rue de Lorraine
87215129,87215111,3.0,Réchicourt-le-Château,Avricourt Nouvel Avricourt
87215129,87407098,1.0,Réchicourt-le-Château,Réchicourt-le-Château Centre
87215137,87407098,5.0,Gondrexange Domaine Ketzing,Réchicourt-le-Château Centre
87215137,87407403,4.0,Gondrexange Domaine Ketzing,Gondrexange Centre
87215145,87117689,4.0,Heming Mairie,Hertzing Centre
87215145,87117697,4.0,Heming Mairie,Bébing Route Nationale
87215160,87212225,6.0,Lutzelbourg,Saverne
87215160,87215012,9.0,Lutzelbourg,Sarrebourg
87215160,87215079,8.0,Lutzelbourg,Réding
87215277,87215285,2.0,Cutting RD27,Domnom-lès-Dieuze Mairie
87215277,87215319,3.0,Cutting RD27,Loudrefing Rue Principale
87215285,87215277,3.0,Domnom-lès-Dieuze Mairie,Cutting RD27
87215285,87215293,2.0,Domnom-lès-Dieuze Mairie,Bassing Croisement
87215293,87192195,5.0,Bassing Croisement,Marimont-lès-Bénestroff Eglise
87215293,87215285,3.0,Bassing Croisement,Domnom-lès-Dieuze Mairie
87215301,87192195,4.0,Nebing Rue Robert Schumann,Marimont-lès-Bénestroff Eglise
87215301,87193128,4.0,Nebing Rue Robert Schumann,Vahl-lès-Bénestroff Mairie
87215319,87215277,3.0,Loudrefing Rue Principale,Cutting RD27
87215319,87407148,5.0,Loudrefing Rue Principale,Mittersheim l'Escale
87215327,87407122,6.0,Mittersheim Centre,Fénétrange Carrefour des Étangs
87215327,87407148,1.0,Mittersheim Centre,Mittersheim l'Escale
87215335,87192302,11.0,Berthelming,Bénestroff
87215335,87215012,10.0,Berthelming,Sarrebourg
87215350,87407015,1.0,Sarraltroff Gare,Sarraltroff Mairie
87215350,87407031,3.0,Sarraltroff Gare,Sarrebourg Méphisto
87215350,87477620,3.0,Sarraltroff Gare,Sarrebourg Route de Phalsbourg
87215350,87477638,7.0,Sarraltroff Gare,Sarrebourg LP Messmer
87215459,87215483,7.0,Sarre-Union,Schopperten Gare
87215459,87215491,11.0,Sarre-Union,Keskastel Gare
87215459,87406991,14.0,Sarre-Union,Sarralbe Centre
87215459,87703462,4.0,Sarre-Union,Sarrewerden Église
87215459,87728584,4.0,Sarre-Union,Sarre-Union Rue des Roses
87215483,87215459,8.0,Schopperten Gare,Sarre-Union
87215483,87215491,5.0,Schopperten Gare,Keskastel Gare
87215491,87215459,11.0,Keskastel Gare,Sarre-Union
87215491,87215483,8.0,Keskastel Gare,Schopperten Gare
87215491,87406991,5.0,Keskastel Gare,Sarralbe Centre
87215491,87730994,5.0,Keskastel Gare,Keskastel Rue de la Libération
87215608,87279901,6.0,Bar-sur-Aube Hôpital,Bayel Église
87215608,87398735,4.0,Bar-sur-Aube Hôpital,Bar-sur-Aube Hôtel de Ville
87215616,87118299,2.0,Bar-sur-Aube Piscine,Bar-sur-Aube
87215616,87215624,3.0,Bar-sur-Aube Piscine,Ailleville
87215624,87215616,2.0,Ailleville,Bar-sur-Aube Piscine
87215624,87215707,3.0,Ailleville,Arsonval
87215632,87193615,20.0,Oermingen,Sarreguemines
87215632,87193664,3.0,Oermingen,Kalhausen Gare
87215632,87215665,7.0,Oermingen,Diemeringen
87215665,87215632,7.0,Diemeringen,Oermingen
87215665,87215699,6.0,Diemeringen,Tieffenbach - Struth
87215665,87658922,7.0,Diemeringen,Adamswiller Mairie
87215665,87726091,4.0,Diemeringen,Lorentzen Rue principale
87215699,87213744,8.0,Tieffenbach - Struth,Wingen-sur-Moder
87215699,87215665,6.0,Tieffenbach - Struth,Diemeringen
87215699,87642389,3.0,Tieffenbach - Struth,Frohmuhl Lavoir
87215699,87658856,5.0,Tieffenbach - Struth,Adamswiller Lotissement la Forêt
87215707,87215624,3.0,Arsonval,Ailleville
87215707,87215756,5.0,Arsonval,Bossancourt
87215756,87215707,6.0,Bossancourt,Arsonval
87215756,87279919,4.0,Bossancourt,Jessains Église
87215939,87118257,5.0,Magny-Fouchard,Vendeuvre
87215939,87279927,3.0,Magny-Fouchard,Vauchonvilliers Mairie
87215947,87118257,2.0,Vendeuvre-sur-Barse Centre,Vendeuvre
87215947,87279935,5.0,Vendeuvre-sur-Barse Centre,La Villeneuve-au-Chêne RN19
87215988,87214940,4.0,Lusigny-sur-Barse Centre,Le Ménilot
87215988,87279950,3.0,Lusigny-sur-Barse Centre,Lusigny-sur-Barse RN19
87216010,87214981,4.0,Rouilly-Saint-Loup D21,Daudes
87216010,87280016,3.0,Rouilly-Saint-Loup D21,Rouilly-Saint-Loup la Guérade
87216028,87280016,5.0,Saint-Julien-les-Villas Mairie,Rouilly-Saint-Loup la Guérade
87216028,87312587,5.0,Saint-Julien-les-Villas Mairie,Troyes Quennedey
87216036,87216051,5.0,Troyes Boulevard du 14 juillet,Troyes Victor Hugo
87216036,87312587,3.0,Troyes Boulevard du 14 juillet,Troyes Quennedey
87216051,87118000,3.0,Troyes Victor Hugo,Troyes
87216051,87216036,5.0,Troyes Victor Hugo,Troyes Boulevard du 14 juillet
87216119,87118158,2.0,Romilly-sur-Seine Atelier SNCF,Romilly-sur-Seine
87216119,87216127,2.0,Romilly-sur-Seine Atelier SNCF,Romilly-sur-Seine Hôpital
87216127,87112771,7.0,Romilly-sur-Seine Hôpital,Saint-Hilaire-sous-Romilly
87216127,87216119,3.0,Romilly-sur-Seine Hôpital,Romilly-sur-Seine Atelier SNCF
87216135,87216143,2.0,Pont-sur-Seine Fleming,Pont-sur-Seine Place Saint-Martin
87216143,87118182,8.0,Pont-sur-Seine Place Saint-Martin,Marnay-sur-Seine
87216143,87216184,5.0,Pont-sur-Seine Place Saint-Martin,Crancey Route Nationale
87216150,87118182,10.0,Nogent-sur-Seine Avenue du Génaral de Gaulle,Marnay-sur-Seine
87216150,87216168,2.0,Nogent-sur-Seine Avenue du Génaral de Gaulle,Nogent-sur-Seine Théatre
87216168,87118190,4.0,Nogent-sur-Seine Théatre,Nogent-sur-Seine
87216168,87216150,2.0,Nogent-sur-Seine Théatre,Nogent-sur-Seine Avenue du Génaral de Gaulle
87216184,87112771,2.0,Crancey Route Nationale,Saint-Hilaire-sous-Romilly
87216184,87216135,3.0,Crancey Route Nationale,Pont-sur-Seine Fleming
87223263,87271494,50.0,Lille Europe,Aéroport Charles de Gaulle 2 TGV
87223263,87281006,30.0,Lille Europe,Dunkerque
87223263,87281071,27.0,Lille Europe,Calais - Fréthun
87223263,87313882,26.0,Lille Europe,TGV Haute Picardie
87223263,87342014,19.0,Lille Europe,Arras
87223263,87345009,18.0,Lille Europe,Douai
87223263,88140010,33.0,Lille Europe,Bruxelles Midi
87271007,87271536,21.0,Paris Gare du Nord,Dammartin - Juilly - Saint-Mard
87271007,87271593,32.0,Paris Gare du Nord,Crépy-en-Valois
87271007,87276006,24.0,Paris Gare du Nord,Creil
87271007,87276113,21.0,Paris Gare du Nord,Chantilly - Gouvieux
87271007,87276279,17.0,Paris Gare du Nord,Orry-la-Ville - Coye
87271007,87276469,26.0,Paris Gare du Nord,Persan - Beaumont
87271007,87276691,39.0,Paris Gare du Nord,Compiègne
87271007,87276725,31.0,Paris Gare du Nord,Chambly
87271007,87276733,52.0,Paris Gare du Nord,Le Meux - La Croix-Saint-Ouen
87271007,87286005,62.0,Paris Gare du Nord,Lille Flandres
87271007,87295600,108.0,Paris Gare du Nord,Aulnoye-Aymeries
87271007,87296004,79.0,Paris Gare du Nord,Saint-Quentin
87271007,87313049,57.0,Paris Gare du Nord,Longueau
87271007,87342014,48.0,Paris Gare du Nord,Arras
87271494,87111849,9.0,Aéroport Charles de Gaulle 2 TGV,Marne-la-Vallée Chessy
87271494,87171926,29.0,Aéroport Charles de Gaulle 2 TGV,Champagne-Ardenne TGV
87271494,87223263,49.0,Aéroport Charles de Gaulle 2 TGV,Lille Europe
87271494,87286005,52.0,Aéroport Charles de Gaulle 2 TGV,Lille Flandres
87271494,87286542,66.0,Aéroport Charles de Gaulle 2 TGV,Tourcoing
87271494,87313882,26.0,Aéroport Charles de Gaulle 2 TGV,TGV Haute Picardie
87271494,87318964,159.0,Aéroport Charles de Gaulle 2 TGV,Avignon TGV
87271494,87713040,88.0,Aéroport Charles de Gaulle 2 TGV,Dijon
87271494,87723197,122.0,Aéroport Charles de Gaulle 2 TGV,Lyon Part Dieu
87271494,87743005,110.0,Aéroport Charles de Gaulle 2 TGV,Bourg-en-Bresse
87271494,87751008,189.0,Aéroport Charles de Gaulle 2 TGV,Marseille Saint-Charles
87271494,87763029,144.0,Aéroport Charles de Gaulle 2 TGV,Valence TGV Rhône-Alpes Sud
87271536,87271007,20.0,Dammartin - Juilly - Saint-Mard,Paris Gare du Nord
87271536,87271551,5.0,Dammartin - Juilly - Saint-Mard,Le Plessis-Belleville
87271536,87271593,13.0,Dammartin - Juilly - Saint-Mard,Crépy-en-Valois
87271551,87271577,4.0,Le Plessis-Belleville,Nanteuil-le-Haudouin
87271577,87271593,7.0,Nanteuil-le-Haudouin,Crépy-en-Valois
87271593,87271007,38.0,Crépy-en-Valois,Paris Gare du Nord
87271593,87271536,13.0,Crépy-en-Valois,Dammartin - Juilly - Saint-Mard
87271593,87271601,5.0,Crépy-en-Valois,Vaumoise
87271593,87271734,9.0,Crépy-en-Valois,Villers-Cotterêts
87271601,87271593,6.0,Vaumoise,Crépy-en-Valois
87271601,87271734,6.0,Vaumoise,Villers-Cotterêts
87271734,87271593,9.0,Villers-Cotterêts,Crépy-en-Valois
87271734,87271601,5.0,Villers-Cotterêts,Vaumoise
87271734,87271775,7.0,Villers-Cotterêts,Longpont
87271734,87271783,9.0,Villers-Cotterêts,Vierzy
87271734,87271817,14.0,Villers-Cotterêts,Soissons
87271734,87272286,7.0,Villers-Cotterêts,Corcy
87271775,87271734,8.0,Longpont,Villers-Cotterêts
87271775,87271783,4.0,Longpont,Vierzy
87271775,87271817,9.0,Longpont,Soissons
87271775,87272286,3.0,Longpont,Corcy
87271783,87271734,10.0,Vierzy,Villers-Cotterêts
87271783,87271775,3.0,Vierzy,Longpont
87271783,87271817,7.0,Vierzy,Soissons
87271817,87271734,15.0,Soissons,Villers-Cotterêts
87271817,87271775,9.0,Soissons,Longpont
87271817,87271783,8.0,Soissons,Vierzy
87271817,87271874,4.0,Soissons,Crouy
87271817,87296566,10.0,Soissons,Anizy - Pinon
87271874,87271817,3.0,Crouy,Soissons
87271874,87271882,4.0,Crouy,Margival
87271874,87297283,6.0,Crouy,Vauxaillon
87271882,87271874,4.0,Margival,Crouy
87271882,87297283,4.0,Margival,Vauxaillon
87272013,87276691,5.0,Jaux,Compiègne
87272013,87276733,3.0,Jaux,Le Meux - La Croix-Saint-Ouen
87272096,87276717,3.0,Esches,Bornel - Belle-Église
87272096,87313668,4.0,Esches,Méru
87272195,87276691,5.0,Longueil-Annel,Compiègne
87272195,87276741,2.0,Longueil-Annel,Thourotte
87272286,87271734,7.0,Corcy,Villers-Cotterêts
87272286,87271775,2.0,Corcy,Longpont
87276006,87271007,25.0,Creil,Paris Gare du Nord
87276006,87276113,5.0,Creil,Chantilly - Gouvieux
87276006,87276204,3.0,Creil,Laigneville
87276006,87276329,6.0,Creil,Pont-Sainte-Maxence
87276006,87276352,4.0,Creil,Rieux - Angicourt
87276006,87276378,2.0,Creil,Villers-Saint-Paul
87276006,87276618,3.0,Creil,Montataire
87276006,87276691,16.0,Creil,Compiègne
87276006,87295600,81.0,Creil,Aulnoye-Aymeries
87276006,87296004,49.0,Creil,Saint-Quentin
87276006,87313049,34.0,Creil,Longueau
87276006,87313304,8.0,Creil,Clermont de l'Oise
87276113,87271007,30.0,Chantilly - Gouvieux,Paris Gare du Nord
87276113,87276006,5.0,Chantilly - Gouvieux,Creil
87276113,87276279,4.0,Chantilly - Gouvieux,Orry-la-Ville - Coye
87276204,87276006,3.0,Laigneville,Creil
87276204,87276212,3.0,Laigneville,Liancourt - Rantigny
87276212,87276204,2.0,Liancourt - Rantigny,Laigneville
87276212,87313304,4.0,Liancourt - Rantigny,Clermont de l'Oise
87276279,87271007,19.0,Orry-la-Ville - Coye,Paris Gare du Nord
87276279,87276113,3.0,Orry-la-Ville - Coye,Chantilly - Gouvieux
87276303,87276311,2.0,Longueil-Sainte-Marie,Chevrières
87276303,87276691,8.0,Longueil-Sainte-Marie,Compiègne
87276303,87276733,3.0,Longueil-Sainte-Marie,Le Meux - La Croix-Saint-Ouen
87276311,87276303,2.0,Chevrières,Longueil-Sainte-Marie
87276311,87276329,4.0,Chevrières,Pont-Sainte-Maxence
87276329,87276006,6.0,Pont-Sainte-Maxence,Creil
87276329,87276303,6.0,Pont-Sainte-Maxence,Longueil-Sainte-Marie
87276329,87276311,4.0,Pont-Sainte-Maxence,Chevrières
87276329,87276352,4.0,Pont-Sainte-Maxence,Rieux - Angicourt
87276329,87276378,9.0,Pont-Sainte-Maxence,Villers-Saint-Paul
87276329,87276691,11.0,Pont-Sainte-Maxence,Compiègne
87276352,87276006,5.0,Rieux - Angicourt,Creil
87276352,87276329,4.0,Rieux - Angicourt,Pont-Sainte-Maxence
87276352,87276378,2.0,Rieux - Angicourt,Villers-Saint-Paul
87276378,87276006,3.0,Villers-Saint-Paul,Creil
87276378,87276352,2.0,Villers-Saint-Paul,Rieux - Angicourt
87276469,87271007,28.0,Persan - Beaumont,Paris Gare du Nord
87276469,87276725,4.0,Persan - Beaumont,Chambly
87276618,87276006,4.0,Montataire,Creil
87276618,87313544,3.0,Montataire,Cramoisy
87276618,87313551,5.0,Montataire,Cires-lès-Mello
87276691,87271007,40.0,Compiègne,Paris Gare du Nord
87276691,87272013,5.0,Compiègne,Jaux
87276691,87272195,4.0,Compiègne,Longueil-Annel
87276691,87276006,18.0,Compiègne,Creil
87276691,87276329,10.0,Compiègne,Pont-Sainte-Maxence
87276691,87276733,6.0,Compiègne,Le Meux - La Croix-Saint-Ouen
87276691,87276782,11.0,Compiègne,Noyon
87276691,87296004,31.0,Compiègne,Saint-Quentin
87276691,87296442,23.0,Compiègne,Tergnier
87276691,87313387,9.0,Compiègne,Estrées-Saint-Denis
87276691,87313403,7.0,Compiègne,Rémy
87276717,87272096,3.0,Bornel - Belle-Église,Esches
87276717,87276725,3.0,Bornel - Belle-Église,Chambly
87276717,87313668,6.0,Bornel - Belle-Église,Méru
87276725,87271007,36.0,Chambly,Paris Gare du Nord
87276725,87276469,4.0,Chambly,Persan - Beaumont
87276725,87276717,3.0,Chambly,Bornel - Belle-Église
87276733,87271007,47.0,Le Meux - La Croix-Saint-Ouen,Paris Gare du Nord
87276733,87272013,3.0,Le Meux - La Croix-Saint-Ouen,Jaux
87276733,87276303,3.0,Le Meux - La Croix-Saint-Ouen,Longueil-Sainte-Marie
87276741,87272195,1.0,Thourotte,Longueil-Annel
87276741,87276766,3.0,Thourotte,Ribécourt
87276766,87276741,3.0,Ribécourt,Thourotte
87276766,87276774,3.0,Ribécourt,Ourscamps
87276766,87276782,6.0,Ribécourt,Noyon
87276774,87276766,3.0,Ourscamps,Ribécourt
87276774,87276782,4.0,Ourscamps,Noyon
87276782,87276691,11.0,Noyon,Compiègne
87276782,87276766,6.0,Noyon,Ribécourt
87276782,87276774,4.0,Noyon,Ourscamps
87276782,87296459,5.0,Noyon,Appilly
87276782,87296616,8.0,Noyon,Chauny
87278259,87581009,25.0,Mérignac Arlac,Bordeaux Saint-Jean
87278259,87581538,2.0,Mérignac Arlac,Caudéran-Mérignac
87278259,87581751,4.0,Mérignac Arlac,Pessac
87278259,87738096,7.0,Mérignac Arlac,Le Bouscat Sainte-Germaine
87278259,87748350,3.0,Mérignac Arlac,Talence-Médoquine
87279869,87107409,4.0,Vouécourt,Vignory Centre
87279869,87107433,10.0,Vouécourt,Soncourt
87279893,87727883,4.0,Clairvaux D12,Ville-sous-la-Ferté Tramway
87279893,87727891,2.0,Clairvaux D12,Ville sous la Ferté Four à Chaux
87279901,87215608,7.0,Bayel Église,Bar-sur-Aube Hôpital
87279901,87732297,1.0,Bayel Église,Bayel Place du G.de Gaulle
87279919,87215756,4.0,Jessains Église,Bossancourt
87279919,87279927,7.0,Jessains Église,Vauchonvilliers Mairie
87279927,87215939,4.0,Vauchonvilliers Mairie,Magny-Fouchard
87279927,87279919,7.0,Vauchonvilliers Mairie,Jessains Église
87279927,87727917,3.0,Vauchonvilliers Mairie,Amance la Ville au Bois Eglise
87279935,87215947,6.0,La Villeneuve-au-Chêne RN19,Vendeuvre-sur-Barse Centre
87279935,87279943,5.0,La Villeneuve-au-Chêne RN19,Montiéramey Église
87279943,87214940,3.0,Montiéramey Église,Le Ménilot
87279943,87279935,6.0,Montiéramey Église,La Villeneuve-au-Chêne RN19
87279950,87118000,24.0,Lusigny-sur-Barse RN19,Troyes
87279950,87215988,2.0,Lusigny-sur-Barse RN19,Lusigny-sur-Barse Centre
87279950,87319764,4.0,Lusigny-sur-Barse RN19,Montaulin Vallée Verte
87279968,87214981,2.0,Montaulin Mairie,Daudes
87279968,87319764,1.0,Montaulin Mairie,Montaulin Vallée Verte
87280016,87216010,3.0,Rouilly-Saint-Loup la Guérade,Rouilly-Saint-Loup D21
87280016,87216028,5.0,Rouilly-Saint-Loup la Guérade,Saint-Julien-les-Villas Mairie
87281006,87223263,30.0,Dunkerque,Lille Europe
87281006,87281105,5.0,Dunkerque,Bergues
87281006,87281246,17.0,Dunkerque,Gravelines
87281006,87281279,13.0,Dunkerque,Bourbourg
87281006,87281311,15.0,Dunkerque,Grande-Synthe
87281006,87281402,2.0,Dunkerque,Coudekerque-Branche
87281006,87286302,20.0,Dunkerque,Hazebrouck
87281006,87343103,65.0,Dunkerque,Saint-Amand-les-Eaux
87281055,87286716,2.0,Croix l'Allumette,Croix - Wasquehal
87281055,87286732,1.0,Croix l'Allumette,Roubaix
87281071,87223263,27.0,Calais - Fréthun,Lille Europe
87281071,87316679,4.0,Calais - Fréthun,Pihen
87281071,87317263,13.0,Calais - Fréthun,Calais Ville
87281071,87317305,4.0,Calais - Fréthun,Les Fontinettes
87281071,87317339,10.0,Calais - Fréthun,Marquise - Rinxent
87281071,87317586,18.0,Calais - Fréthun,Boulogne sur Mer
87281105,87281006,6.0,Bergues,Dunkerque
87281105,87281113,5.0,Bergues,Esquelbecq
87281105,87281139,12.0,Bergues,Cassel
87281105,87281402,4.0,Bergues,Coudekerque-Branche
87281105,87286302,17.0,Bergues,Hazebrouck
87281113,87281105,5.0,Esquelbecq,Bergues
87281113,87281121,4.0,Esquelbecq,Arnèke
87281121,87281113,4.0,Arnèke,Esquelbecq
87281121,87281139,4.0,Arnèke,Cassel
87281139,87281121,4.0,Cassel,Arnèke
87281139,87286302,6.0,Cassel,Hazebrouck
87281246,87281279,5.0,Gravelines,Bourbourg
87281246,87317263,16.0,Gravelines,Calais Ville
87281246,87317610,10.0,Gravelines,Beau Marais
87281279,87281006,14.0,Bourbourg,Dunkerque
87281279,87281246,5.0,Bourbourg,Gravelines
87281279,87281311,7.0,Bourbourg,Grande-Synthe
87281311,87281006,15.0,Grande-Synthe,Dunkerque
87281311,87281279,7.0,Grande-Synthe,Bourbourg
87281311,87281402,4.0,Grande-Synthe,Coudekerque-Branche
87281402,87281006,3.0,Coudekerque-Branche,Dunkerque
87281402,87281105,4.0,Coudekerque-Branche,Bergues
87281402,87281311,4.0,Coudekerque-Branche,Grande-Synthe
87281410,87287292,3.0,Pont d'Ardres,Nortkerque
87281410,87317305,6.0,Pont d'Ardres,Les Fontinettes
87281428,87281436,6.0,Audruicq,Watten - Éperlecques
87281428,87287292,3.0,Audruicq,Nortkerque
87281428,87287300,4.0,Audruicq,Ruminghem
87281428,87317263,13.0,Audruicq,Calais Ville
87281428,87317305,10.0,Audruicq,Les Fontinettes
87281436,87281428,6.0,Watten - Éperlecques,Audruicq
87281436,87281444,5.0,Watten - Éperlecques,Saint-Omer
87281436,87287300,4.0,Watten - Éperlecques,Ruminghem
87281444,87281436,5.0,Saint-Omer,Watten - Éperlecques
87281444,87281451,5.0,Saint-Omer,Renescure
87281444,87286302,12.0,Saint-Omer,Hazebrouck
87281451,87281444,5.0,Renescure,Saint-Omer
87281451,87281469,2.0,Renescure,Ebblinghem
87281469,87281451,2.0,Ebblinghem,Renescure
87281469,87286302,6.0,Ebblinghem,Hazebrouck
87282335,87694851,5.0,Perrigny-sur-Loire,Saint-Agnan
87282335,87694869,5.0,Perrigny-sur-Loire,Gilly-sur-Loire
87282624,87722025,3.0,Lyon Jean Macé,Lyon Perrache
87282624,87722587,16.0,Lyon Jean Macé,Vienne
87282624,87723320,4.0,Lyon Jean Macé,Vénissieux
87282624,87728501,3.0,Lyon Jean Macé,Saint-Fons
87282624,87761106,41.0,Lyon Jean Macé,Saint-Rambert-d'Albon
87286005,87109306,8.0,Lille Flandres,Lille Centre Hospitalier Régional
87286005,87271007,61.0,Lille Flandres,Paris Gare du Nord
87286005,87271494,52.0,Lille Flandres,Aéroport Charles de Gaulle 2 TGV
87286005,87286062,5.0,Lille Flandres,Hellemmes
87286005,87286146,12.0,Lille Flandres,Armentières
87286005,87286187,5.0,Lille Flandres,La Madeleine
87286005,87286278,9.0,Lille Flandres,Pérenchies
87286005,87286518,9.0,Lille Flandres,Seclin
87286005,87286534,5.0,Lille Flandres,Ronchin
87286005,87286542,15.0,Lille Flandres,Tourcoing
87286005,87286583,14.0,Lille Flandres,Orchies
87286005,87286625,11.0,Lille Flandres,Templeuve
87286005,87286716,7.0,Lille Flandres,Croix - Wasquehal
87286005,87286732,9.0,Lille Flandres,Roubaix
87286005,87286831,5.0,Lille Flandres,Pont de bois
87286005,87286849,6.0,Lille Flandres,Lesquin
87286005,87287102,4.0,Lille Flandres,Lezennes
87286005,87287128,4.0,Lille Flandres,Mont de Terre
87286005,87287250,6.0,Lille Flandres,Lille Porte de Douai
87286005,87313882,28.0,Lille Flandres,TGV Haute Picardie
87286005,87342014,20.0,Lille Flandres,Arras
87286005,87345009,17.0,Lille Flandres,Douai
87286062,87286005,6.0,Hellemmes,Lille Flandres
87286062,87286831,1.0,Hellemmes,Pont de bois
87286062,87286856,2.0,Hellemmes,Annappes
87286062,87287102,2.0,Hellemmes,Lezennes
87286096,87286112,2.0,Haubourdin,Loos lez Lille
87286096,87286401,2.0,Haubourdin,Santes
87286112,87109306,1.0,Loos lez Lille,Lille Centre Hospitalier Régional
87286112,87286096,2.0,Loos lez Lille,Haubourdin
87286146,87286005,14.0,Armentières,Lille Flandres
87286146,87286179,7.0,Armentières,Bailleul
87286146,87286278,4.0,Armentières,Pérenchies
87286146,87287151,3.0,Armentières,Nieppe
87286161,87286179,3.0,Steenwerck,Bailleul
87286161,87287151,3.0,Steenwerck,Nieppe
87286179,87286146,7.0,Bailleul,Armentières
87286179,87286161,3.0,Bailleul,Steenwerck
87286179,87286203,5.0,Bailleul,Strazeele
87286179,87286302,8.0,Bailleul,Hazebrouck
87286187,87286005,6.0,La Madeleine,Lille Flandres
87286187,87286195,2.0,La Madeleine,Saint-André
87286195,87286187,2.0,Saint-André,La Madeleine
87286195,87286278,3.0,Saint-André,Pérenchies
87286203,87286179,5.0,Strazeele,Bailleul
87286203,87286302,4.0,Strazeele,Hazebrouck
87286278,87286005,10.0,Pérenchies,Lille Flandres
87286278,87286146,5.0,Pérenchies,Armentières
87286278,87286195,3.0,Pérenchies,Saint-André
87286302,87281006,21.0,Hazebrouck,Dunkerque
87286302,87281139,6.0,Hazebrouck,Cassel
87286302,87281444,12.0,Hazebrouck,Saint-Omer
87286302,87281469,6.0,Hazebrouck,Ebblinghem
87286302,87286005,38.0,Hazebrouck,Lille Flandres
87286302,87286179,8.0,Hazebrouck,Bailleul
87286302,87286203,4.0,Hazebrouck,Strazeele
87286302,87342006,19.0,Hazebrouck,Béthune
87286302,87342279,9.0,Hazebrouck,Berguette - Isbergues
87286302,87342295,5.0,Hazebrouck,Steenbecque
87286401,87286096,2.0,Santes,Haubourdin
87286401,87286419,2.0,Santes,Wavrin
87286419,87109306,6.0,Wavrin,Lille Centre Hospitalier Régional
87286419,87286401,2.0,Wavrin,Santes
87286419,87286427,1.0,Wavrin,La Fontaine
87286419,87286435,3.0,Wavrin,Don - Sainghin
87286427,87286419,2.0,La Fontaine,Wavrin
87286427,87286435,2.0,La Fontaine,Don - Sainghin
87286435,87109306,10.0,Don - Sainghin,Lille Centre Hospitalier Régional
87286435,87286419,3.0,Don - Sainghin,Wavrin
87286435,87286427,2.0,Don - Sainghin,La Fontaine
87286435,87342436,6.0,Don - Sainghin,La Bassée
87286435,87342469,3.0,Don - Sainghin,Marquillies
87286435,87345280,4.0,Don - Sainghin,Bauvin - Provin
87286500,87286518,3.0,Phalempin,Seclin
87286500,87345256,3.0,Phalempin,Libercourt
87286518,87286005,9.0,Seclin,Lille Flandres
87286518,87286500,3.0,Seclin,Phalempin
87286518,87286526,3.0,Seclin,Wattignies - Templemars
87286518,87345256,5.0,Seclin,Libercourt
87286526,87286518,3.0,Wattignies - Templemars,Seclin
87286526,87286534,3.0,Wattignies - Templemars,Ronchin
87286534,87286005,6.0,Ronchin,Lille Flandres
87286534,87286526,3.0,Ronchin,Wattignies - Templemars
87286542,87271494,61.0,Tourcoing,Aéroport Charles de Gaulle 2 TGV
87286542,87286732,3.0,Tourcoing,Roubaix
87286542,87313882,38.0,Tourcoing,TGV Haute Picardie
87286542,88857040,5.0,Tourcoing,Mouscron
87286567,87286575,3.0,Rosult,Landas
87286567,87343103,4.0,Rosult,Saint-Amand-les-Eaux
87286575,87286567,3.0,Landas,Rosult
87286575,87286583,2.0,Landas,Orchies
87286583,87286005,15.0,Orchies,Lille Flandres
87286583,87286575,2.0,Orchies,Landas
87286583,87286609,4.0,Orchies,Nomain
87286583,87286625,5.0,Orchies,Templeuve
87286583,87286849,9.0,Orchies,Lesquin
87286583,87343103,7.0,Orchies,Saint-Amand-les-Eaux
87286609,87286583,3.0,Nomain,Orchies
87286609,87286625,3.0,Nomain,Templeuve
87286625,87286005,11.0,Templeuve,Lille Flandres
87286625,87286583,5.0,Templeuve,Orchies
87286625,87286609,3.0,Templeuve,Nomain
87286625,87286641,3.0,Templeuve,Fretin
87286625,87286849,5.0,Templeuve,Lesquin
87286625,87287276,3.0,Templeuve,Ennevelin
87286641,87286625,3.0,Fretin,Templeuve
87286641,87286849,3.0,Fretin,Lesquin
87286641,87287276,2.0,Fretin,Ennevelin
87286716,87281055,1.0,Croix - Wasquehal,Croix l'Allumette
87286716,87286005,8.0,Croix - Wasquehal,Lille Flandres
87286716,87286732,3.0,Croix - Wasquehal,Roubaix
87286732,87281055,1.0,Roubaix,Croix l'Allumette
87286732,87286005,9.0,Roubaix,Lille Flandres
87286732,87286542,3.0,Roubaix,Tourcoing
87286732,87286716,3.0,Roubaix,Croix - Wasquehal
87286831,87286005,7.0,Pont de bois,Lille Flandres
87286831,87286062,1.0,Pont de bois,Hellemmes
87286831,87286856,2.0,Pont de bois,Annappes
87286831,87286864,2.0,Pont de bois,Ascq
87286831,87287102,3.0,Pont de bois,Lezennes
87286849,87286005,7.0,Lesquin,Lille Flandres
87286849,87286625,5.0,Lesquin,Templeuve
87286849,87286641,3.0,Lesquin,Fretin
87286849,87287128,3.0,Lesquin,Mont de Terre
87286856,87286831,1.0,Annappes,Pont de bois
87286856,87286864,2.0,Annappes,Ascq
87286864,87286005,8.0,Ascq,Lille Flandres
87286864,87286831,2.0,Ascq,Pont de bois
87286864,87286856,1.0,Ascq,Annappes
87286864,87286872,4.0,Ascq,Baisieux
87286872,87286831,5.0,Baisieux,Pont de bois
87286872,87286864,4.0,Baisieux,Ascq
87286872,88850685,6.0,Baisieux,FROYENNES
87287102,87286005,5.0,Lezennes,Lille Flandres
87287102,87286062,2.0,Lezennes,Hellemmes
87287102,87286831,2.0,Lezennes,Pont de bois
87287128,87286005,5.0,Mont de Terre,Lille Flandres
87287128,87286849,3.0,Mont de Terre,Lesquin
87287151,87286146,3.0,Nieppe,Armentières
87287151,87286161,3.0,Nieppe,Steenwerck
87287250,87109306,3.0,Lille Porte de Douai,Lille Centre Hospitalier Régional
87287250,87286005,6.0,Lille Porte de Douai,Lille Flandres
87287276,87286625,2.0,Ennevelin,Templeuve
87287276,87286641,2.0,Ennevelin,Fretin
87287292,87281410,3.0,Nortkerque,Pont d'Ardres
87287292,87281428,3.0,Nortkerque,Audruicq
87287300,87281428,4.0,Ruminghem,Audruicq
87287300,87281436,4.0,Ruminghem,Watten - Éperlecques
87295006,87295014,7.0,Maubeuge,Jeumont
87295006,87295535,1.0,Maubeuge,Louvroil
87295006,87295568,3.0,Maubeuge,Hautmont
87295006,87295600,8.0,Maubeuge,Aulnoye-Aymeries
87295006,87297515,3.0,Maubeuge,Les Bons Pères
87295006,88716050,10.0,Maubeuge,ERQUELINNES
87295006,88720090,103.0,Maubeuge,Charleroi-Central
87295014,87295006,6.0,Jeumont,Maubeuge
87295014,87295022,3.0,Jeumont,Recquignies
87295022,87295014,4.0,Recquignies,Jeumont
87295022,87297515,3.0,Recquignies,Les Bons Pères
87295048,87295055,3.0,Fourmies,Anor
87295048,87295063,9.0,Fourmies,Hirson
87295048,87295709,6.0,Fourmies,Sains-du-Nord
87295048,87295733,10.0,Fourmies,Avesnes-sur-Helpe
87295055,87295048,3.0,Anor,Fourmies
87295055,87295063,5.0,Anor,Hirson
87295055,87324335,4.0,Anor,Hirson Écoles
87295063,87172007,37.0,Hirson,Charleville-Mézières
87295063,87295048,8.0,Hirson,Fourmies
87295063,87295055,5.0,Hirson,Anor
87295063,87296129,26.0,Hirson,Vervins
87295063,87296145,9.0,Hirson,Origny-en-Thiérache
87295063,87324335,2.0,Hirson,Hirson Écoles
87295063,87754549,25.0,Hirson,Mon Idée
87295220,87295600,13.0,Le Cateau,Aulnoye-Aymeries
87295220,87295642,7.0,Le Cateau,Landrecies
87295220,87295667,4.0,Le Cateau,Ors
87295220,87296004,17.0,Le Cateau,Saint-Quentin
87295220,87296244,5.0,Le Cateau,Busigny
87295535,87295006,2.0,Louvroil,Maubeuge
87295535,87295543,2.0,Louvroil,Sous le Bois
87295543,87295535,1.0,Sous le Bois,Louvroil
87295543,87295568,2.0,Sous le Bois,Hautmont
87295568,87295006,3.0,Hautmont,Maubeuge
87295568,87295543,2.0,Hautmont,Sous le Bois
87295568,87295600,5.0,Hautmont,Aulnoye-Aymeries
87295600,87271007,103.0,Aulnoye-Aymeries,Paris Gare du Nord
87295600,87276006,74.0,Aulnoye-Aymeries,Creil
87295600,87295006,8.0,Aulnoye-Aymeries,Maubeuge
87295600,87295220,13.0,Aulnoye-Aymeries,Le Cateau
87295600,87295568,5.0,Aulnoye-Aymeries,Hautmont
87295600,87295642,8.0,Aulnoye-Aymeries,Landrecies
87295600,87295733,8.0,Aulnoye-Aymeries,Avesnes-sur-Helpe
87295600,87295790,2.0,Aulnoye-Aymeries,Leval
87295600,87295808,3.0,Aulnoye-Aymeries,Berlaimont
87295600,87295857,10.0,Aulnoye-Aymeries,Le Quesnoy
87295600,87296004,28.0,Aulnoye-Aymeries,Saint-Quentin
87295600,87296244,58.0,Aulnoye-Aymeries,Busigny
87295600,87297523,5.0,Aulnoye-Aymeries,Hachette
87295600,87343004,19.0,Aulnoye-Aymeries,Valenciennes
87295600,88140010,53.0,Aulnoye-Aymeries,Bruxelles Midi
87295600,88810000,23.0,Aulnoye-Aymeries,Mons
87295642,87295220,6.0,Landrecies,Le Cateau
87295642,87295600,9.0,Landrecies,Aulnoye-Aymeries
87295642,87295667,3.0,Landrecies,Ors
87295642,87297523,4.0,Landrecies,Hachette
87295667,87295220,4.0,Ors,Le Cateau
87295667,87295642,4.0,Ors,Landrecies
87295709,87295048,6.0,Sains-du-Nord,Fourmies
87295709,87295725,4.0,Sains-du-Nord,Avesnelles
87295709,87295733,4.0,Sains-du-Nord,Avesnes-sur-Helpe
87295725,87295709,4.0,Avesnelles,Sains-du-Nord
87295725,87295733,1.0,Avesnelles,Avesnes-sur-Helpe
87295733,87295048,10.0,Avesnes-sur-Helpe,Fourmies
87295733,87295600,9.0,Avesnes-sur-Helpe,Aulnoye-Aymeries
87295733,87295709,4.0,Avesnes-sur-Helpe,Sains-du-Nord
87295733,87295725,2.0,Avesnes-sur-Helpe,Avesnelles
87295733,87295857,14.0,Avesnes-sur-Helpe,Le Quesnoy
87295733,87297531,1.0,Avesnes-sur-Helpe,Saint-Hilaire
87295733,87343004,25.0,Avesnes-sur-Helpe,Valenciennes
87295774,87295790,4.0,Dompierre,Leval
87295774,87297531,3.0,Dompierre,Saint-Hilaire
87295790,87295600,3.0,Leval,Aulnoye-Aymeries
87295790,87295774,3.0,Leval,Dompierre
87295808,87295600,3.0,Berlaimont,Aulnoye-Aymeries
87295808,87295857,8.0,Berlaimont,Le Quesnoy
87295857,87295600,10.0,Le Quesnoy,Aulnoye-Aymeries
87295857,87295733,15.0,Le Quesnoy,Avesnes-sur-Helpe
87295857,87295808,8.0,Le Quesnoy,Berlaimont
87295857,87343004,10.0,Le Quesnoy,Valenciennes
87295857,87343210,8.0,Le Quesnoy,Le Poirier Université
87296004,87271007,82.0,Saint-Quentin,Paris Gare du Nord
87296004,87276006,51.0,Saint-Quentin,Creil
87296004,87276691,31.0,Saint-Quentin,Compiègne
87296004,87295220,17.0,Saint-Quentin,Le Cateau
87296004,87295600,28.0,Saint-Quentin,Aulnoye-Aymeries
87296004,87296244,13.0,Saint-Quentin,Busigny
87296004,87296293,9.0,Saint-Quentin,Fresnoy-le-Grand
87296004,87296418,8.0,Saint-Quentin,Montescourt
87296004,87296442,11.0,Saint-Quentin,Tergnier
87296004,87313494,19.0,Saint-Quentin,Ham
87296012,87171751,12.0,Laon,Saint-Erme
87296012,87171769,8.0,Laon,Coucy-lès-Eppes
87296012,87296095,29.0,Laon,Marle sur Serre
87296012,87296152,8.0,Laon,Crépy - Couvron
87296012,87296178,5.0,Laon,Clacy - Mons
87296012,87296442,19.0,Laon,Tergnier
87296012,87296566,11.0,Laon,Anizy - Pinon
87296012,87296632,15.0,Laon,La Fère
87296012,87297291,14.0,Laon,Barenton-Bugny
87296012,87765396,24.0,Laon,Erlon
87296095,87296012,29.0,Marle sur Serre,Laon
87296095,87296129,17.0,Marle sur Serre,Vervins
87296095,87765404,6.0,Marle sur Serre,Voyenne Ecole
87296129,87295063,26.0,Vervins,Hirson
87296129,87296095,17.0,Vervins,Marle sur Serre
87296129,87297085,12.0,Vervins,La Bouteille
87296145,87295063,9.0,Origny-en-Thiérache,Hirson
87296145,87297085,8.0,Origny-en-Thiérache,La Bouteille
87296152,87296012,7.0,Crépy - Couvron,Laon
87296152,87296608,5.0,Crépy - Couvron,Versigny
87296178,87296012,5.0,Clacy - Mons,Laon
87296178,87296566,8.0,Clacy - Mons,Anizy - Pinon
87296244,87295220,6.0,Busigny,Le Cateau
87296244,87296004,13.0,Busigny,Saint-Quentin
87296244,87296269,4.0,Busigny,Bohain
87296244,87345546,4.0,Busigny,Maurois
87296244,87345561,7.0,Busigny,Caudry
87296269,87296004,33.0,Bohain,Saint-Quentin
87296269,87296244,4.0,Bohain,Busigny
87296269,87296293,3.0,Bohain,Fresnoy-le-Grand
87296293,87296004,9.0,Fresnoy-le-Grand,Saint-Quentin
87296293,87296269,3.0,Fresnoy-le-Grand,Bohain
87296418,87296004,8.0,Montescourt,Saint-Quentin
87296418,87296434,4.0,Montescourt,Mennessis
87296434,87296418,4.0,Mennessis,Montescourt
87296434,87296442,3.0,Mennessis,Tergnier
87296434,87296871,5.0,Mennessis,Flavy-le-Martel
87296442,87276691,23.0,Tergnier,Compiègne
87296442,87296004,11.0,Tergnier,Saint-Quentin
87296442,87296012,21.0,Tergnier,Laon
87296442,87296434,3.0,Tergnier,Mennessis
87296442,87296616,5.0,Tergnier,Chauny
87296442,87296632,5.0,Tergnier,La Fère
87296442,87297051,4.0,Tergnier,Viry-Noureuil
87296442,87313494,12.0,Tergnier,Ham
87296459,87276782,5.0,Appilly,Noyon
87296459,87296616,5.0,Appilly,Chauny
87296566,87271817,11.0,Anizy - Pinon,Soissons
87296566,87296012,11.0,Anizy - Pinon,Laon
87296566,87296178,7.0,Anizy - Pinon,Clacy - Mons
87296566,87297283,3.0,Anizy - Pinon,Vauxaillon
87296608,87296152,5.0,Versigny,Crépy - Couvron
87296608,87296632,3.0,Versigny,La Fère
87296616,87276782,8.0,Chauny,Noyon
87296616,87296442,5.0,Chauny,Tergnier
87296616,87296459,5.0,Chauny,Appilly
87296616,87297051,2.0,Chauny,Viry-Noureuil
87296632,87296012,15.0,La Fère,Laon
87296632,87296442,5.0,La Fère,Tergnier
87296632,87296608,4.0,La Fère,Versigny
87296871,87296434,5.0,Flavy-le-Martel,Mennessis
87296871,87313494,6.0,Flavy-le-Martel,Ham
87297051,87296442,4.0,Viry-Noureuil,Tergnier
87297051,87296616,3.0,Viry-Noureuil,Chauny
87297085,87296129,12.0,La Bouteille,Vervins
87297085,87296145,8.0,La Bouteille,Origny-en-Thiérache
87297119,87297143,9.0,Verneuil-sur-Serre,Dercy - Froidmont
87297119,87297291,6.0,Verneuil-sur-Serre,Barenton-Bugny
87297143,87297119,9.0,Dercy - Froidmont,Verneuil-sur-Serre
87297143,87765396,7.0,Dercy - Froidmont,Erlon
87297150,87765396,2.0,Voyenne,Erlon
87297150,87765404,2.0,Voyenne,Voyenne Ecole
87297283,87271874,6.0,Vauxaillon,Crouy
87297283,87271882,4.0,Vauxaillon,Margival
87297283,87296566,4.0,Vauxaillon,Anizy - Pinon
87297291,87296012,14.0,Barenton-Bugny,Laon
87297291,87297119,6.0,Barenton-Bugny,Verneuil-sur-Serre
87297515,87295006,3.0,Les Bons Pères,Maubeuge
87297515,87295022,2.0,Les Bons Pères,Recquignies
87297523,87295600,7.0,Hachette,Aulnoye-Aymeries
87297523,87295642,4.0,Hachette,Landrecies
87297531,87295733,2.0,Saint-Hilaire,Avesnes-sur-Helpe
87297531,87295774,3.0,Saint-Hilaire,Dompierre
87300822,87182063,22.0,Belfort - Montbéliard TGV,Mulhouse
87300822,87300863,20.0,Belfort - Montbéliard TGV,Besançon Franche-Comté TGV
87300822,87686006,137.0,Belfort - Montbéliard TGV,Paris Gare de Lyon Hall 1 - 2
87300863,87182063,41.0,Besançon Franche-Comté TGV,Mulhouse
87300863,87300822,20.0,Besançon Franche-Comté TGV,Belfort - Montbéliard TGV
87300863,87710731,6.0,Besançon Franche-Comté TGV,Ecole-Valentin
87300863,87713040,27.0,Besançon Franche-Comté TGV,Dijon
87300863,87718007,10.0,Besançon Franche-Comté TGV,Besançon Viotte
87300863,87723197,120.0,Besançon Franche-Comté TGV,Lyon Part Dieu
87300863,87725002,56.0,Besançon Franche-Comté TGV,Chalon-sur-Saône
87303875,87182345,2.0,Ingersheim Cité Scolaire,Logelbach
87303875,87182352,2.0,Ingersheim Cité Scolaire,Turckheim
87312587,87216028,5.0,Troyes Quennedey,Saint-Julien-les-Villas Mairie
87312587,87216036,4.0,Troyes Quennedey,Troyes Boulevard du 14 juillet
87313049,87271007,60.0,Longueau,Paris Gare du Nord
87313049,87276006,33.0,Longueau,Creil
87313049,87313213,3.0,Longueau,Boves
87313049,87313221,8.0,Longueau,Ailly-sur-Noye
87313049,87313270,21.0,Longueau,Saint-Just-en-Chaussée
87313049,87313320,11.0,Longueau,Moreuil
87313049,87313874,3.0,Longueau,Amiens
87313049,87342014,30.0,Longueau,Arras
87313056,87313072,8.0,Corbie,Albert
87313056,87313874,10.0,Corbie,Amiens
87313056,87315044,2.0,Corbie,Daours
87313056,87316059,3.0,Corbie,Heilly
87313064,87313056,4.0,Méricourt - Ribemont,Corbie
87313064,87316059,2.0,Méricourt - Ribemont,Heilly
87313064,87316067,2.0,Méricourt - Ribemont,Buire-sur-l'Ancre
87313072,87313056,8.0,Albert,Corbie
87313072,87313064,6.0,Albert,Méricourt - Ribemont
87313072,87313874,17.0,Albert,Amiens
87313072,87316067,4.0,Albert,Buire-sur-l'Ancre
87313072,87342014,17.0,Albert,Arras
87313072,87342030,7.0,Albert,Miraumont
87313072,87342048,9.0,Albert,Achiet
87313080,87313098,5.0,Saint-Roch,Ailly-sur-Somme
87313080,87313379,10.0,Saint-Roch,Namps - Quevauvillers
87313080,87313395,14.0,Saint-Roch,Poix-de-Picardie
87313080,87313874,3.0,Saint-Roch,Amiens
87313080,87316075,4.0,Saint-Roch,Dreuil-lès-Amiens
87313080,87317362,22.0,Saint-Roch,Abbeville
87313098,87313080,5.0,Ailly-sur-Somme,Saint-Roch
87313098,87313106,4.0,Ailly-sur-Somme,Picquigny
87313098,87313122,10.0,Ailly-sur-Somme,Longpré-les-Corps-Saints
87313098,87316075,2.0,Ailly-sur-Somme,Dreuil-lès-Amiens
87313106,87313098,3.0,Picquigny,Ailly-sur-Somme
87313106,87313114,5.0,Picquigny,Hangest-sur-Somme
87313114,87313106,5.0,Hangest-sur-Somme,Picquigny
87313114,87313122,5.0,Hangest-sur-Somme,Longpré-les-Corps-Saints
87313122,87313098,10.0,Longpré-les-Corps-Saints,Ailly-sur-Somme
87313122,87313114,4.0,Longpré-les-Corps-Saints,Hangest-sur-Somme
87313122,87313130,5.0,Longpré-les-Corps-Saints,Pont-Remy
87313122,87317362,11.0,Longpré-les-Corps-Saints,Abbeville
87313130,87313122,6.0,Pont-Remy,Longpré-les-Corps-Saints
87313130,87317362,8.0,Pont-Remy,Abbeville
87313213,87313049,3.0,Boves,Longueau
87313213,87316109,4.0,Boves,Dommartin - Remiencourt
87313213,87316125,4.0,Boves,Thézy-Glimont
87313221,87313049,8.0,Ailly-sur-Noye,Longueau
87313221,87313213,7.0,Ailly-sur-Noye,Boves
87313221,87313239,4.0,Ailly-sur-Noye,La Faloise
87313221,87313247,8.0,Ailly-sur-Noye,Breteuil-Embranchement
87313221,87316109,4.0,Ailly-sur-Noye,Dommartin - Remiencourt
87313239,87313221,4.0,La Faloise,Ailly-sur-Noye
87313239,87313247,5.0,La Faloise,Breteuil-Embranchement
87313247,87313221,8.0,Breteuil-Embranchement,Ailly-sur-Noye
87313247,87313239,5.0,Breteuil-Embranchement,La Faloise
87313247,87313262,5.0,Breteuil-Embranchement,Gannes
87313247,87313270,8.0,Breteuil-Embranchement,Saint-Just-en-Chaussée
87313262,87313247,4.0,Gannes,Breteuil-Embranchement
87313262,87313270,5.0,Gannes,Saint-Just-en-Chaussée
87313270,87276006,42.0,Saint-Just-en-Chaussée,Creil
87313270,87313049,21.0,Saint-Just-en-Chaussée,Longueau
87313270,87313247,8.0,Saint-Just-en-Chaussée,Breteuil-Embranchement
87313270,87313262,5.0,Saint-Just-en-Chaussée,Gannes
87313270,87313288,3.0,Saint-Just-en-Chaussée,Saint-Remy-en-l'Eau
87313270,87313296,4.0,Saint-Just-en-Chaussée,Avrechy
87313270,87313304,7.0,Saint-Just-en-Chaussée,Clermont de l'Oise
87313288,87313270,3.0,Saint-Remy-en-l'Eau,Saint-Just-en-Chaussée
87313288,87313296,3.0,Saint-Remy-en-l'Eau,Avrechy
87313288,87313304,7.0,Saint-Remy-en-l'Eau,Clermont de l'Oise
87313296,87313270,5.0,Avrechy,Saint-Just-en-Chaussée
87313296,87313288,2.0,Avrechy,Saint-Remy-en-l'Eau
87313296,87313304,4.0,Avrechy,Clermont de l'Oise
87313304,87276006,8.0,Clermont de l'Oise,Creil
87313304,87276212,4.0,Clermont de l'Oise,Liancourt - Rantigny
87313304,87313270,7.0,Clermont de l'Oise,Saint-Just-en-Chaussée
87313304,87313288,6.0,Clermont de l'Oise,Saint-Remy-en-l'Eau
87313304,87313296,4.0,Clermont de l'Oise,Avrechy
87313320,87313049,10.0,Moreuil,Longueau
87313320,87313338,6.0,Moreuil,Hargicourt - Pierrepont
87313320,87313346,11.0,Moreuil,Montdidier
87313320,87313874,14.0,Moreuil,Amiens
87313320,87316125,4.0,Moreuil,Thézy-Glimont
87313338,87313320,6.0,Hargicourt - Pierrepont,Moreuil
87313338,87313346,6.0,Hargicourt - Pierrepont,Montdidier
87313346,87313320,11.0,Montdidier,Moreuil
87313346,87313338,6.0,Montdidier,Hargicourt - Pierrepont
87313346,87313353,7.0,Montdidier,Tricot
87313346,87313387,14.0,Montdidier,Estrées-Saint-Denis
87313353,87313346,7.0,Tricot,Montdidier
87313353,87313387,9.0,Tricot,Estrées-Saint-Denis
87313353,87316208,5.0,Tricot,Wacquemoulin
87313379,87313080,11.0,Namps - Quevauvillers,Saint-Roch
87313379,87313395,7.0,Namps - Quevauvillers,Poix-de-Picardie
87313387,87276691,10.0,Estrées-Saint-Denis,Compiègne
87313387,87313346,14.0,Estrées-Saint-Denis,Montdidier
87313387,87313353,9.0,Estrées-Saint-Denis,Tricot
87313387,87313403,4.0,Estrées-Saint-Denis,Rémy
87313387,87316208,5.0,Estrées-Saint-Denis,Wacquemoulin
87313395,87313080,14.0,Poix-de-Picardie,Saint-Roch
87313395,87313379,7.0,Poix-de-Picardie,Namps - Quevauvillers
87313395,87313759,11.0,Poix-de-Picardie,Abancourt
87313395,87313841,8.0,Poix-de-Picardie,Fouilloy
87313395,87313874,35.0,Poix-de-Picardie,Amiens
87313403,87276691,8.0,Rémy,Compiègne
87313403,87313387,4.0,Rémy,Estrées-Saint-Denis
87313437,87313445,4.0,Villers-Bretonneux,Marcelcave
87313437,87313460,9.0,Villers-Bretonneux,Rosières
87313437,87313494,24.0,Villers-Bretonneux,Ham
87313437,87313874,12.0,Villers-Bretonneux,Amiens
87313445,87313437,4.0,Marcelcave,Villers-Bretonneux
87313445,87313460,6.0,Marcelcave,Rosières
87313460,87313437,8.0,Rosières,Villers-Bretonneux
87313460,87313445,7.0,Rosières,Marcelcave
87313460,87313478,5.0,Rosières,Chaulnes
87313478,87296442,23.0,Chaulnes,Tergnier
87313478,87313460,5.0,Chaulnes,Rosières
87313478,87313486,6.0,Chaulnes,Nesle
87313486,87313478,6.0,Nesle,Chaulnes
87313486,87313494,7.0,Nesle,Ham
87313494,87296004,19.0,Ham,Saint-Quentin
87313494,87296442,12.0,Ham,Tergnier
87313494,87296871,6.0,Ham,Flavy-le-Martel
87313494,87313437,24.0,Ham,Villers-Bretonneux
87313494,87313486,8.0,Ham,Nesle
87313494,87313874,35.0,Ham,Amiens
87313510,87313585,11.0,Beauvais,Hermes - Berthecourt
87313510,87313601,5.0,Beauvais,Rochy-Condé
87313510,87313684,8.0,Beauvais,Saint-Sulpice - Auteuil
87313510,87313692,7.0,Beauvais,Herchies
87313510,87313700,20.0,Beauvais,Milly-sur-Thérain
87313510,87313759,34.0,Beauvais,Abancourt
87313544,87276618,3.0,Cramoisy,Montataire
87313544,87313551,3.0,Cramoisy,Cires-lès-Mello
87313551,87276006,21.0,Cires-lès-Mello,Creil
87313551,87276618,5.0,Cires-lès-Mello,Montataire
87313551,87313544,3.0,Cires-lès-Mello,Cramoisy
87313551,87313569,3.0,Cires-lès-Mello,Balagny Saint-Épin
87313551,87313577,5.0,Cires-lès-Mello,Mouy - Bury
87313569,87313551,3.0,Balagny Saint-Épin,Cires-lès-Mello
87313569,87313577,3.0,Balagny Saint-Épin,Mouy - Bury
87313577,87313551,5.0,Mouy - Bury,Cires-lès-Mello
87313577,87313569,3.0,Mouy - Bury,Balagny Saint-Épin
87313577,87313585,5.0,Mouy - Bury,Hermes - Berthecourt
87313577,87316398,4.0,Mouy - Bury,Heilles - Mouchy
87313585,87313510,12.0,Hermes - Berthecourt,Beauvais
87313585,87313577,6.0,Hermes - Berthecourt,Mouy - Bury
87313585,87313593,2.0,Hermes - Berthecourt,Villers-Saint-Sépulcre
87313585,87313601,6.0,Hermes - Berthecourt,Rochy-Condé
87313585,87316398,2.0,Hermes - Berthecourt,Heilles - Mouchy
87313593,87313585,2.0,Villers-Saint-Sépulcre,Hermes - Berthecourt
87313593,87316406,2.0,Villers-Saint-Sépulcre,Montreuil-sur-Thérain
87313601,87313510,7.0,Rochy-Condé,Beauvais
87313601,87313585,6.0,Rochy-Condé,Hermes - Berthecourt
87313601,87316406,3.0,Rochy-Condé,Montreuil-sur-Thérain
87313668,87272096,3.0,Méru,Esches
87313668,87276717,6.0,Méru,Bornel - Belle-Église
87313668,87313676,5.0,Méru,Laboissière - Le Déluge
87313668,87313684,10.0,Méru,Saint-Sulpice - Auteuil
87313676,87313668,5.0,Laboissière - Le Déluge,Méru
87313676,87313684,5.0,Laboissière - Le Déluge,Saint-Sulpice - Auteuil
87313684,87313510,9.0,Saint-Sulpice - Auteuil,Beauvais
87313684,87313668,10.0,Saint-Sulpice - Auteuil,Méru
87313684,87313676,5.0,Saint-Sulpice - Auteuil,Laboissière - Le Déluge
87313692,87313510,8.0,Herchies,Beauvais
87313692,87313700,3.0,Herchies,Milly-sur-Thérain
87313700,87313510,20.0,Milly-sur-Thérain,Beauvais
87313700,87313692,3.0,Milly-sur-Thérain,Herchies
87313700,87313718,3.0,Milly-sur-Thérain,Saint-Omer-en-Chaussée
87313718,87313700,2.0,Saint-Omer-en-Chaussée,Milly-sur-Thérain
87313718,87313726,5.0,Saint-Omer-en-Chaussée,Marseille-en-Beauvaisis
87313726,87313510,28.0,Marseille-en-Beauvaisis,Beauvais
87313726,87313718,5.0,Marseille-en-Beauvaisis,Saint-Omer-en-Chaussée
87313726,87313734,8.0,Marseille-en-Beauvaisis,Grandvilliers
87313734,87313726,8.0,Grandvilliers,Marseille-en-Beauvaisis
87313734,87313742,6.0,Grandvilliers,Feuquières - Broquiers
87313742,87313734,5.0,Feuquières - Broquiers,Grandvilliers
87313742,87313759,5.0,Feuquières - Broquiers,Abancourt
87313759,87313395,11.0,Abancourt,Poix-de-Picardie
87313759,87313510,35.0,Abancourt,Beauvais
87313759,87313742,5.0,Abancourt,Feuquières - Broquiers
87313759,87313767,9.0,Abancourt,Aumale
87313759,87313833,3.0,Abancourt,Formerie
87313759,87313841,5.0,Abancourt,Fouilloy
87313759,87313874,52.0,Abancourt,Amiens
87313759,87317529,43.0,Abancourt,Le Tréport - Mers-les-Bains
87313759,87411470,11.0,Abancourt,Serqueux
87313767,87313759,9.0,Aumale,Abancourt
87313767,87313809,16.0,Aumale,Blangy-sur-Bresle
87313809,87313767,17.0,Blangy-sur-Bresle,Aumale
87313809,87313817,6.0,Blangy-sur-Bresle,Longroy - Gamaches
87313817,87313809,6.0,Longroy - Gamaches,Blangy-sur-Bresle
87313817,87317537,9.0,Longroy - Gamaches,Eu
87313833,87313759,3.0,Formerie,Abancourt
87313833,87411470,9.0,Formerie,Serqueux
87313841,87313395,9.0,Fouilloy,Poix-de-Picardie
87313841,87313759,4.0,Fouilloy,Abancourt
87313874,87313049,3.0,Amiens,Longueau
87313874,87313056,9.0,Amiens,Corbie
87313874,87313072,17.0,Amiens,Albert
87313874,87313080,2.0,Amiens,Saint-Roch
87313874,87313320,15.0,Amiens,Moreuil
87313874,87313437,11.0,Amiens,Villers-Bretonneux
87313874,87313478,23.0,Amiens,Chaulnes
87313874,87313494,39.0,Amiens,Ham
87313874,87313759,56.0,Amiens,Abancourt
87313874,87315044,8.0,Amiens,Daours
87313874,87316125,13.0,Amiens,Thézy-Glimont
87313874,87317065,90.0,Amiens,Étaples - Le Touquet
87313874,87317362,23.0,Amiens,Abbeville
87313874,87342014,32.0,Amiens,Arras
87313882,87223263,26.0,TGV Haute Picardie,Lille Europe
87313882,87271494,27.0,TGV Haute Picardie,Aéroport Charles de Gaulle 2 TGV
87313882,87286005,30.0,TGV Haute Picardie,Lille Flandres
87313882,87342014,16.0,TGV Haute Picardie,Arras
87315044,87313056,3.0,Daours,Corbie
87315044,87313874,9.0,Daours,Amiens
87316059,87313056,3.0,Heilly,Corbie
87316059,87313064,2.0,Heilly,Méricourt - Ribemont
87316067,87313064,2.0,Buire-sur-l'Ancre,Méricourt - Ribemont
87316067,87313072,4.0,Buire-sur-l'Ancre,Albert
87316075,87313080,4.0,Dreuil-lès-Amiens,Saint-Roch
87316075,87313098,2.0,Dreuil-lès-Amiens,Ailly-sur-Somme
87316109,87313213,4.0,Dommartin - Remiencourt,Boves
87316109,87313221,4.0,Dommartin - Remiencourt,Ailly-sur-Noye
87316125,87313213,4.0,Thézy-Glimont,Boves
87316125,87313320,4.0,Thézy-Glimont,Moreuil
87316125,87313874,13.0,Thézy-Glimont,Amiens
87316208,87313353,5.0,Wacquemoulin,Tricot
87316208,87313387,6.0,Wacquemoulin,Estrées-Saint-Denis
87316398,87313577,4.0,Heilles - Mouchy,Mouy - Bury
87316398,87313585,2.0,Heilles - Mouchy,Hermes - Berthecourt
87316406,87313593,2.0,Montreuil-sur-Thérain,Villers-Saint-Sépulcre
87316406,87313601,3.0,Montreuil-sur-Thérain,Rochy-Condé
87316604,87317198,5.0,Aubin-Saint-Vaast,Beaurainville
87316604,87317206,3.0,Aubin-Saint-Vaast,Maresquel
87316604,87317222,5.0,Aubin-Saint-Vaast,Hesdin
87316679,87281071,4.0,Pihen,Calais - Fréthun
87316679,87317321,4.0,Pihen,Caffiers
87316687,87317321,4.0,Le Haut Banc,Caffiers
87316687,87317339,3.0,Le Haut Banc,Marquise - Rinxent
87317016,87317123,3.0,Boulogne - Tintelleries,Wimille - Wimereux
87317016,87317339,8.0,Boulogne - Tintelleries,Marquise - Rinxent
87317016,87317586,2.0,Boulogne - Tintelleries,Boulogne sur Mer
87317057,87317065,6.0,Rang-du-Fliers - Verton - Berck,Étaples - Le Touquet
87317057,87317404,9.0,Rang-du-Fliers - Verton - Berck,Rue
87317065,87317057,6.0,Étaples - Le Touquet,Rang-du-Fliers - Verton - Berck
87317065,87317081,4.0,Étaples - Le Touquet,Dannes - Camiers
87317065,87317099,7.0,Étaples - Le Touquet,Neufchâtel-Hardelot
87317065,87317164,8.0,Étaples - Le Touquet,Montreuil sur Mer
87317065,87317586,15.0,Étaples - Le Touquet,Boulogne sur Mer
87317081,87317065,4.0,Dannes - Camiers,Étaples - Le Touquet
87317081,87317099,4.0,Dannes - Camiers,Neufchâtel-Hardelot
87317099,87286005,90.0,Neufchâtel-Hardelot,Lille Flandres
87317099,87317065,8.0,Neufchâtel-Hardelot,Étaples - Le Touquet
87317099,87317081,4.0,Neufchâtel-Hardelot,Dannes - Camiers
87317099,87317107,4.0,Neufchâtel-Hardelot,Hesdigneul
87317107,87317099,3.0,Hesdigneul,Neufchâtel-Hardelot
87317107,87317115,3.0,Hesdigneul,Pont de Briques
87317107,87317586,6.0,Hesdigneul,Boulogne sur Mer
87317115,87317107,3.0,Pont de Briques,Hesdigneul
87317115,87317586,4.0,Pont de Briques,Boulogne sur Mer
87317123,87317016,3.0,Wimille - Wimereux,Boulogne - Tintelleries
87317123,87317339,6.0,Wimille - Wimereux,Marquise - Rinxent
87317164,87317065,9.0,Montreuil sur Mer,Étaples - Le Touquet
87317164,87317180,5.0,Montreuil sur Mer,Brimeux
87317164,87317198,8.0,Montreuil sur Mer,Beaurainville
87317180,87317164,4.0,Brimeux,Montreuil sur Mer
87317180,87317198,4.0,Brimeux,Beaurainville
87317198,87317164,8.0,Beaurainville,Montreuil sur Mer
87317198,87317180,5.0,Beaurainville,Brimeux
87317198,87317206,2.0,Beaurainville,Maresquel
87317198,87317222,10.0,Beaurainville,Hesdin
87317206,87316604,3.0,Maresquel,Aubin-Saint-Vaast
87317206,87317198,3.0,Maresquel,Beaurainville
87317222,87316604,5.0,Hesdin,Aubin-Saint-Vaast
87317222,87317198,9.0,Hesdin,Beaurainville
87317222,87317230,5.0,Hesdin,Auchy-lès-Hesdin
87317230,87317222,5.0,Auchy-lès-Hesdin,Hesdin
87317230,87317248,4.0,Auchy-lès-Hesdin,Blangy-sur-Ternoise
87317230,87317255,9.0,Auchy-lès-Hesdin,Anvin
87317248,87317230,5.0,Blangy-sur-Ternoise,Auchy-lès-Hesdin
87317248,87317255,5.0,Blangy-sur-Ternoise,Anvin
87317255,87317230,9.0,Anvin,Auchy-lès-Hesdin
87317255,87317248,5.0,Anvin,Blangy-sur-Ternoise
87317255,87342337,7.0,Anvin,Saint-Pol-sur-Ternoise
87317263,87281071,13.0,Calais Ville,Calais - Fréthun
87317263,87281428,12.0,Calais Ville,Audruicq
87317263,87317305,2.0,Calais Ville,Les Fontinettes
87317263,87317339,16.0,Calais Ville,Marquise - Rinxent
87317263,87317586,24.0,Calais Ville,Boulogne sur Mer
87317305,87281071,4.0,Les Fontinettes,Calais - Fréthun
87317305,87281246,13.0,Les Fontinettes,Gravelines
87317305,87281410,6.0,Les Fontinettes,Pont d'Ardres
87317305,87281428,10.0,Les Fontinettes,Audruicq
87317305,87317263,3.0,Les Fontinettes,Calais Ville
87317305,87317610,4.0,Les Fontinettes,Beau Marais
87317321,87316679,3.0,Caffiers,Pihen
87317321,87316687,4.0,Caffiers,Le Haut Banc
87317339,87281071,10.0,Marquise - Rinxent,Calais - Fréthun
87317339,87316687,2.0,Marquise - Rinxent,Le Haut Banc
87317339,87317016,8.0,Marquise - Rinxent,Boulogne - Tintelleries
87317339,87317123,6.0,Marquise - Rinxent,Wimille - Wimereux
87317339,87317263,15.0,Marquise - Rinxent,Calais Ville
87317362,87313080,22.0,Abbeville,Saint-Roch
87317362,87313122,11.0,Abbeville,Longpré-les-Corps-Saints
87317362,87313130,7.0,Abbeville,Pont-Remy
87317362,87313874,24.0,Abbeville,Amiens
87317362,87317396,8.0,Abbeville,Noyelles-sur-Mer
87317396,87317362,8.0,Noyelles-sur-Mer,Abbeville
87317396,87317404,6.0,Noyelles-sur-Mer,Rue
87317404,87317057,9.0,Rue,Rang-du-Fliers - Verton - Berck
87317404,87317396,6.0,Rue,Noyelles-sur-Mer
87317529,87313759,41.0,Le Tréport - Mers-les-Bains,Abancourt
87317529,87317537,3.0,Le Tréport - Mers-les-Bains,Eu
87317537,87313817,9.0,Eu,Longroy - Gamaches
87317537,87317529,4.0,Eu,Le Tréport - Mers-les-Bains
87317586,87281071,18.0,Boulogne sur Mer,Calais - Fréthun
87317586,87317016,2.0,Boulogne sur Mer,Boulogne - Tintelleries
87317586,87317065,14.0,Boulogne sur Mer,Étaples - Le Touquet
87317586,87317107,5.0,Boulogne sur Mer,Hesdigneul
87317586,87317115,4.0,Boulogne sur Mer,Pont de Briques
87317586,87317263,24.0,Boulogne sur Mer,Calais Ville
87317586,87317339,9.0,Boulogne sur Mer,Marquise - Rinxent
87317610,87281246,10.0,Beau Marais,Gravelines
87317610,87317305,3.0,Beau Marais,Les Fontinettes
87318964,87111849,147.0,Avignon TGV,Marne-la-Vallée Chessy
87318964,87271494,163.0,Avignon TGV,Aéroport Charles de Gaulle 2 TGV
87318964,87319012,18.0,Avignon TGV,Aix-en-Provence TGV
87318964,87391003,206.0,Avignon TGV,Paris Montparnasse Hall 1 - 2
87318964,87686006,158.0,Avignon TGV,Paris Gare de Lyon Hall 1 - 2
87318964,87723197,62.0,Avignon TGV,Lyon Part Dieu
87318964,87751008,27.0,Avignon TGV,Marseille Saint-Charles
87318964,87755009,64.0,Avignon TGV,Toulon
87318964,87761007,52.0,Avignon TGV,Valence Ville
87318964,87762906,50.0,Avignon TGV,Lyon Saint-Exupéry TGV
87318964,87763029,31.0,Avignon TGV,Valence TGV Rhône-Alpes Sud
87318964,87764001,30.0,Avignon TGV,Montélimar
87318964,87765008,4.0,Avignon TGV,Avignon Centre
87319012,87111849,175.0,Aix-en-Provence TGV,Marne-la-Vallée Chessy
87319012,87318964,18.0,Aix-en-Provence TGV,Avignon TGV
87319012,87686006,175.0,Aix-en-Provence TGV,Paris Gare de Lyon Hall 1 - 2
87319012,87723197,142.0,Aix-en-Provence TGV,Lyon Part Dieu
87319012,87751008,11.0,Aix-en-Provence TGV,Marseille Saint-Charles
87319012,87751081,11.0,Aix-en-Provence TGV,Marseille Blancarde
87319012,87755009,24.0,Aix-en-Provence TGV,Toulon
87319012,87762906,66.0,Aix-en-Provence TGV,Lyon Saint-Exupéry TGV
87319756,87107425,8.0,Viéville,Bologne Salle des Fêtes
87319756,87143024,2.0,Viéville,Vraincourt
87319756,87326462,4.0,Viéville,Roôcourt-la-Côte
87319764,87279950,4.0,Montaulin Vallée Verte,Lusigny-sur-Barse RN19
87319764,87279968,1.0,Montaulin Vallée Verte,Montaulin Mairie
87321745,87481689,1.0,Penhoët,La Croix de Méan
87321745,87481705,2.0,Penhoët,Saint-Nazaire
87321992,87447698,45.0,Le Mont-Saint-Michel,Villedieu-les-Poêles
87321992,87478263,20.0,Le Mont-Saint-Michel,Pontorson - Mont-Saint-Michel
87322347,87473850,3.0,Traou Nez,Lancerf
87322347,87473876,5.0,Traou Nez,Frynaudour
87323675,87641001,3.0,Montluçon Rimard,Montluçon
87323675,87641415,9.0,Montluçon Rimard,Commentry
87324095,87571240,42.0,Futuroscope,Saint-Pierre-des-Corps
87324095,87575001,7.0,Futuroscope,Poitiers
87324095,87575142,10.0,Futuroscope,Châtellerault
87324095,87575217,1.0,Futuroscope,Jaunay-Clan
87324095,87575225,2.0,Futuroscope,Chasseneuil-du-Poitou
87324335,87295055,5.0,Hirson Écoles,Anor
87324335,87295063,3.0,Hirson Écoles,Hirson
87326462,87107425,3.0,Roôcourt-la-Côte,Bologne Salle des Fêtes
87326462,87142000,15.0,Roôcourt-la-Côte,Chaumont
87326462,87319756,4.0,Roôcourt-la-Côte,Viéville
87328021,87615344,6.0,Les Cauquillous,Saint-Sulpice
87328021,87615476,4.0,Les Cauquillous,Lavaur
87328195,87574855,7.0,Thésée,Montrichard
87328195,87574897,6.0,Thésée,Saint-Aignan - Noyers
87333005,87486332,24.0,Pouzauges,Chantonnay
87333005,87487298,8.0,Pouzauges,Saint-Mesmin le Vieux
87334490,87471003,5.0,Cesson-Sévigné,Rennes
87334490,87471540,4.0,Cesson-Sévigné,Noyal - Acigné
87334508,87471003,6.0,La Poterie,Rennes
87334508,87471029,6.0,La Poterie,Vern
87335521,87392829,25.0,Grenoble,Saint-Martin-d'Hères
87335521,87417501,25.0,Grenoble,Lancey
87335521,87556506,60.0,Grenoble,Valence Gare Routière
87335521,87556522,115.0,Grenoble,Montelimar Gare Routière
87335521,87697128,89.0,Grenoble,Lyon-Part-Dieu Gare Routière
87335521,87697474,4.0,Grenoble,Grenoble-Victor-Hugo
87335521,87697482,5.0,Grenoble,Grenoble-Champollion
87335521,87741009,70.0,Grenoble,Chambéry - Challes-les-Eaux
87335521,87741181,40.0,Grenoble,Montmélian
87335521,87746008,100.0,Grenoble,Annecy
87335521,87747246,40.0,Grenoble,Rives
87335521,87747287,30.0,Grenoble,Voiron
87335521,87747329,25.0,Grenoble,Moirans
87335521,87747337,20.0,Grenoble,Voreppe
87335521,87752899,19.0,Grenoble,Pont-de-Claix l'Étoile
87335521,87761510,80.0,Grenoble,Charmes-sur-Rhône-centre
87335521,87761718,40.0,Grenoble,Saint-Marcellin
87335521,87763029,60.0,Grenoble,Valence TGV Rhône-Alpes Sud
87335521,87763300,97.0,Grenoble,Veynes Dévoluy
87336974,87761510,10.0,La Voulte-sur-Rhône Mairie,Charmes-sur-Rhône-centre
87336974,87764407,6.0,La Voulte-sur-Rhône Mairie,Le Pouzin Place Maréchal Leclerc
87336982,87336990,5.0,Saint-Julien-en-Saint-Alban Centre,FLAVIAC René Cassin
87336982,87764407,5.0,Saint-Julien-en-Saint-Alban Centre,Le Pouzin Place Maréchal Leclerc
87336990,87336982,4.0,FLAVIAC René Cassin,Saint-Julien-en-Saint-Alban Centre
87336990,87337006,5.0,FLAVIAC René Cassin,COUX Centre
87337006,87336990,5.0,COUX Centre,FLAVIAC René Cassin
87337006,87698621,3.0,COUX Centre,Privas-Cours-du-Palais
87337089,87535096,8.0,Aubenas Place de la Paix,Aubenas Gare Routière
87337097,87535096,7.0,Lavilledieu Centre,Aubenas Gare Routière
87337097,87764720,5.0,Lavilledieu Centre,Villeneuve-de-Berg-Centre
87337378,87444406,3.0,Dives-sur-Mer Port-Guillaume,Houlgate
87337378,87444414,2.0,Dives-sur-Mer Port-Guillaume,Dives - Cabourg
87337527,87337543,7.0,Reignac Café Brulé,Chambourg-sur-Indre Chopin
87337527,87644104,4.0,Reignac Café Brulé,Courcay Rouvre
87337543,87337527,7.0,Chambourg-sur-Indre Chopin,Reignac Café Brulé
87337543,87571471,13.0,Chambourg-sur-Indre Chopin,Loches
87338137,87711713,4.0,Laferté-sur-Aube,Juvancourt
87338145,87107474,3.0,Saint-Dizier Saint-Amand,Saint-Dizier Godard-Jeanson
87338145,87107508,3.0,Saint-Dizier Saint-Amand,Marnaval Église
87338152,87175117,7.0,Gourzon,Chevillon
87338152,87338160,2.0,Gourzon,Rachecourt-sur-Marne
87338152,87578229,2.0,Gourzon,Bayard-Route-Eurville
87338160,87175117,5.0,Rachecourt-sur-Marne,Chevillon
87338160,87338152,3.0,Rachecourt-sur-Marne,Gourzon
87338178,87107482,5.0,Vecqueville,Chatonrupt
87338178,87175091,5.0,Vecqueville,Joinville
87338186,87107490,3.0,Rupt,Fronville Lotissement
87338186,87175091,4.0,Rupt,Joinville
87338194,87107458,4.0,Rouvroy-sur-Marne,Gudmont-Centre
87338194,87142273,2.0,Rouvroy-sur-Marne,Donjeux
87338517,87212027,6.0,Hoenheim Tram,Strasbourg
87338517,87212308,2.0,Hoenheim Tram,Bischheim
87338517,87212316,5.0,Hoenheim Tram,La Wantzenau
87338517,87212332,9.0,Hoenheim Tram,Gambsheim
87338517,87658930,6.0,Hoenheim Tram,Bischheim Arrêt CTS R. Gare
87338517,87757419,9.0,Hoenheim Tram,La Wantzenau Église
87338525,80142927,4.0,Krimmeri Meinau,Kehl
87338525,87212027,4.0,Krimmeri Meinau,Strasbourg
87338590,87756403,3.0,Monte-Carlo Country Club,Monaco-Monte-Carlo
87342006,87286302,20.0,Béthune,Hazebrouck
87342006,87342139,3.0,Béthune,Noeux-Les-Mines
87342006,87342204,2.0,Béthune,Fouquereuil
87342006,87342238,7.0,Béthune,Lillers
87342006,87342402,4.0,Béthune,Beuvry lès Béthune
87342006,87342410,6.0,Béthune,Cuinchy
87342006,87342436,9.0,Béthune,La Bassée
87342006,87342535,8.0,Béthune,Vis à Marles
87342006,87345025,10.0,Béthune,Lens
87342014,87223263,19.0,Arras,Lille Europe
87342014,87271007,49.0,Arras,Paris Gare du Nord
87342014,87286005,21.0,Arras,Lille Flandres
87342014,87313049,31.0,Arras,Longueau
87342014,87313072,17.0,Arras,Albert
87342014,87313874,33.0,Arras,Amiens
87342014,87313882,17.0,Arras,TGV Haute Picardie
87342014,87342048,9.0,Arras,Achiet
87342014,87342071,6.0,Arras,Boisleux
87342014,87342089,6.0,Arras,Roeux
87342014,87342097,7.0,Arras,Biache-Saint-Vaast
87342014,87342188,8.0,Arras,Maroeuil
87342014,87342337,48.0,Arras,Saint-Pol-sur-Ternoise
87342014,87342576,7.0,Arras,Vimy
87342014,87342584,9.0,Arras,Avion
87342014,87342592,6.0,Arras,Bailleul-Sir-Berthoult
87342014,87345009,12.0,Arras,Douai
87342014,87345025,11.0,Arras,Lens
87342030,87313072,7.0,Miraumont,Albert
87342030,87342048,4.0,Miraumont,Achiet
87342048,87313072,9.0,Achiet,Albert
87342048,87342014,9.0,Achiet,Arras
87342048,87342030,4.0,Achiet,Miraumont
87342048,87342063,3.0,Achiet,Courcelles-le-Comte
87342063,87342030,6.0,Courcelles-le-Comte,Miraumont
87342063,87342048,3.0,Courcelles-le-Comte,Achiet
87342063,87342071,3.0,Courcelles-le-Comte,Boisleux
87342071,87342014,7.0,Boisleux,Arras
87342071,87342063,4.0,Boisleux,Courcelles-le-Comte
87342089,87342014,6.0,Roeux,Arras
87342089,87342097,3.0,Roeux,Biache-Saint-Vaast
87342097,87342014,9.0,Biache-Saint-Vaast,Arras
87342097,87342089,3.0,Biache-Saint-Vaast,Roeux
87342097,87342113,2.0,Biache-Saint-Vaast,Vitry-en-Artois
87342105,87342121,3.0,Bully - Grenay,Mazingarbe
87342105,87342139,4.0,Bully - Grenay,Noeux-Les-Mines
87342105,87345025,5.0,Bully - Grenay,Lens
87342105,87345041,3.0,Bully - Grenay,Liévin
87342113,87342097,2.0,Vitry-en-Artois,Biache-Saint-Vaast
87342113,87345108,2.0,Vitry-en-Artois,Brebières Sud
87342121,87342105,2.0,Mazingarbe,Bully - Grenay
87342121,87342139,3.0,Mazingarbe,Noeux-Les-Mines
87342139,87342006,4.0,Noeux-Les-Mines,Béthune
87342139,87342105,4.0,Noeux-Les-Mines,Bully - Grenay
87342139,87342121,3.0,Noeux-Les-Mines,Mazingarbe
87342188,87342014,9.0,Maroeuil,Arras
87342188,87342212,4.0,Maroeuil,Frévin-Capelle
87342188,87342246,12.0,Maroeuil,Aubigny-en-Artois
87342204,87342006,3.0,Fouquereuil,Béthune
87342204,87342220,3.0,Fouquereuil,Chocques
87342212,87342188,4.0,Frévin-Capelle,Maroeuil
87342212,87342246,3.0,Frévin-Capelle,Aubigny-en-Artois
87342220,87342204,3.0,Chocques,Fouquereuil
87342220,87342238,5.0,Chocques,Lillers
87342238,87342006,7.0,Lillers,Béthune
87342238,87342220,5.0,Lillers,Chocques
87342238,87342261,2.0,Lillers,Ham-en-Artois
87342238,87342279,4.0,Lillers,Berguette - Isbergues
87342246,87342014,31.0,Aubigny-en-Artois,Arras
87342246,87342212,3.0,Aubigny-en-Artois,Frévin-Capelle
87342246,87342253,2.0,Aubigny-en-Artois,Savy-Berlette
87342246,87342337,26.0,Aubigny-en-Artois,Saint-Pol-sur-Ternoise
87342253,87342246,2.0,Savy-Berlette,Aubigny-en-Artois
87342253,87342303,4.0,Savy-Berlette,Tincques
87342261,87342238,2.0,Ham-en-Artois,Lillers
87342261,87342279,2.0,Ham-en-Artois,Berguette - Isbergues
87342279,87286302,9.0,Berguette - Isbergues,Hazebrouck
87342279,87342238,4.0,Berguette - Isbergues,Lillers
87342279,87342261,2.0,Berguette - Isbergues,Ham-en-Artois
87342279,87342287,3.0,Berguette - Isbergues,Thiennes
87342287,87342279,4.0,Thiennes,Berguette - Isbergues
87342287,87342295,4.0,Thiennes,Steenbecque
87342295,87286302,6.0,Steenbecque,Hazebrouck
87342295,87342287,3.0,Steenbecque,Thiennes
87342303,87342246,13.0,Tincques,Aubigny-en-Artois
87342303,87342253,3.0,Tincques,Savy-Berlette
87342303,87342337,8.0,Tincques,Saint-Pol-sur-Ternoise
87342337,87317248,12.0,Saint-Pol-sur-Ternoise,Blangy-sur-Ternoise
87342337,87317255,8.0,Saint-Pol-sur-Ternoise,Anvin
87342337,87342303,8.0,Saint-Pol-sur-Ternoise,Tincques
87342337,87342550,12.0,Saint-Pol-sur-Ternoise,Pernes - Camblain
87342402,87342006,5.0,Beuvry lès Béthune,Béthune
87342402,87342410,4.0,Beuvry lès Béthune,Cuinchy
87342410,87342006,7.0,Cuinchy,Béthune
87342410,87342402,3.0,Cuinchy,Beuvry lès Béthune
87342410,87342436,3.0,Cuinchy,La Bassée
87342436,87109306,15.0,La Bassée,Lille Centre Hospitalier Régional
87342436,87286435,6.0,La Bassée,Don - Sainghin
87342436,87342006,10.0,La Bassée,Béthune
87342436,87342410,3.0,La Bassée,Cuinchy
87342436,87342451,2.0,La Bassée,Salomé
87342451,87342436,2.0,Salomé,La Bassée
87342451,87342469,2.0,Salomé,Marquillies
87342469,87286435,3.0,Marquillies,Don - Sainghin
87342469,87342451,2.0,Marquillies,Salomé
87342527,87342576,2.0,Farbus,Vimy
87342527,87342592,2.0,Farbus,Bailleul-Sir-Berthoult
87342535,87342006,8.0,Vis à Marles,Béthune
87342535,87342543,3.0,Vis à Marles,Calonne-Ricouart
87342543,87342535,3.0,Calonne-Ricouart,Vis à Marles
87342543,87342550,3.0,Calonne-Ricouart,Pernes - Camblain
87342550,87342337,12.0,Pernes - Camblain,Saint-Pol-sur-Ternoise
87342550,87342543,3.0,Pernes - Camblain,Calonne-Ricouart
87342576,87342014,9.0,Vimy,Arras
87342576,87342527,2.0,Vimy,Farbus
87342576,87342584,3.0,Vimy,Avion
87342584,87342014,11.0,Avion,Arras
87342584,87342576,3.0,Avion,Vimy
87342584,87345025,2.0,Avion,Lens
87342592,87342014,7.0,Bailleul-Sir-Berthoult,Arras
87342592,87342527,2.0,Bailleul-Sir-Berthoult,Farbus
87343004,87286005,29.0,Valenciennes,Lille Flandres
87343004,87295600,47.0,Valenciennes,Aulnoye-Aymeries
87343004,87295857,11.0,Valenciennes,Le Quesnoy
87343004,87343103,8.0,Valenciennes,Saint-Amand-les-Eaux
87343004,87343160,3.0,Valenciennes,Beuvrages
87343004,87343210,3.0,Valenciennes,Le Poirier Université
87343004,87343319,5.0,Valenciennes,Raismes
87343004,87343400,4.0,Valenciennes,Trith-Saint-Léger
87343004,87345009,24.0,Valenciennes,Douai
87343004,87345389,26.0,Valenciennes,Bouchain
87343103,87281006,69.0,Saint-Amand-les-Eaux,Dunkerque
87343103,87286567,3.0,Saint-Amand-les-Eaux,Rosult
87343103,87286583,7.0,Saint-Amand-les-Eaux,Orchies
87343103,87343004,9.0,Saint-Amand-les-Eaux,Valenciennes
87343160,87343004,4.0,Beuvrages,Valenciennes
87343160,87343319,2.0,Beuvrages,Raismes
87343210,87295733,23.0,Le Poirier Université,Avesnes-sur-Helpe
87343210,87295857,8.0,Le Poirier Université,Le Quesnoy
87343210,87343004,4.0,Le Poirier Université,Valenciennes
87343301,87343319,4.0,Wallers,Raismes
87343301,87345314,6.0,Wallers,Somain
87343319,87343004,6.0,Raismes,Valenciennes
87343319,87343160,2.0,Raismes,Beuvrages
87343319,87343301,4.0,Raismes,Wallers
87343400,87343004,5.0,Trith-Saint-Léger,Valenciennes
87343400,87343418,3.0,Trith-Saint-Léger,Prouvy - Thiant
87343418,87343400,2.0,Prouvy - Thiant,Trith-Saint-Léger
87343418,87343459,5.0,Prouvy - Thiant,Denain
87343459,87343418,6.0,Denain,Prouvy - Thiant
87343459,87343475,4.0,Denain,Lourches
87343475,87343459,4.0,Lourches,Denain
87343475,87345389,3.0,Lourches,Bouchain
87344127,87139535,2.0,Saint-Lyé Maisons brûlées,Barberey-Saint-Sulpice Route d
87344127,87727750,2.0,Saint-Lyé Maisons brûlées,Saint-Lyé Mantenay
87344440,87487009,17.0,Sainte-Gemme,Thouars
87344440,87487231,11.0,Sainte-Gemme,Noirterre
87344598,87594093,17.0,Saint-Angel,Ussel
87344598,87594275,8.0,Saint-Angel,Meymac
87345009,87286005,19.0,Douai,Lille Flandres
87345009,87342014,12.0,Douai,Arras
87345009,87343004,24.0,Douai,Valenciennes
87345009,87345108,6.0,Douai,Brebières Sud
87345009,87345116,4.0,Douai,Corbehem
87345009,87345207,4.0,Douai,Pont de la Deûle
87345009,87345249,7.0,Douai,Ostricourt
87345009,87345306,6.0,Douai,Montigny-en-Ostrevent
87345009,87345405,3.0,Douai,Sin-le-Noble
87345009,87345520,29.0,Douai,Cambrai
87345025,87286518,19.0,Lens,Seclin
87345025,87342006,10.0,Lens,Béthune
87345025,87342014,11.0,Lens,Arras
87345025,87342105,5.0,Lens,Bully - Grenay
87345025,87342584,2.0,Lens,Avion
87345025,87345009,19.0,Lens,Douai
87345025,87345033,2.0,Lens,Loos-en-Gohelle
87345025,87345041,3.0,Lens,Liévin
87345025,87345124,3.0,Lens,Pont de Sallaumines
87345025,87345132,5.0,Lens,Coron de Méricourt
87345025,87345140,6.0,Lens,Billy-Montigny
87345025,87345157,19.0,Lens,Hénin-Beaumont
87345025,87345215,4.0,Lens,Sallaumines
87345025,87345264,8.0,Lens,Pont-à-Vendin
87345033,87345025,3.0,Loos-en-Gohelle,Lens
87345033,87345041,2.0,Loos-en-Gohelle,Liévin
87345041,87342105,3.0,Liévin,Bully - Grenay
87345041,87345025,4.0,Liévin,Lens
87345041,87345033,2.0,Liévin,Loos-en-Gohelle
87345108,87342113,2.0,Brebières Sud,Vitry-en-Artois
87345108,87345009,6.0,Brebières Sud,Douai
87345108,87345116,2.0,Brebières Sud,Corbehem
87345116,87345009,5.0,Corbehem,Douai
87345116,87345108,2.0,Corbehem,Brebières Sud
87345124,87345025,5.0,Pont de Sallaumines,Lens
87345124,87345132,1.0,Pont de Sallaumines,Coron de Méricourt
87345132,87345025,5.0,Coron de Méricourt,Lens
87345132,87345124,1.0,Coron de Méricourt,Pont de Sallaumines
87345132,87345140,2.0,Coron de Méricourt,Billy-Montigny
87345132,87345157,4.0,Coron de Méricourt,Hénin-Beaumont
87345140,87345025,7.0,Billy-Montigny,Lens
87345140,87345132,2.0,Billy-Montigny,Coron de Méricourt
87345140,87345157,3.0,Billy-Montigny,Hénin-Beaumont
87345157,87345132,4.0,Hénin-Beaumont,Coron de Méricourt
87345157,87345140,3.0,Hénin-Beaumont,Billy-Montigny
87345157,87345165,2.0,Hénin-Beaumont,Dourges
87345157,87345256,7.0,Hénin-Beaumont,Libercourt
87345165,87345157,2.0,Dourges,Hénin-Beaumont
87345165,87345249,4.0,Dourges,Ostricourt
87345165,87345256,5.0,Dourges,Libercourt
87345207,87345009,4.0,Pont de la Deûle,Douai
87345207,87345223,3.0,Pont de la Deûle,Leforest
87345215,87345025,5.0,Sallaumines,Lens
87345215,87345231,2.0,Sallaumines,Loison-sous-Lens
87345215,87345264,4.0,Sallaumines,Pont-à-Vendin
87345223,87345207,3.0,Leforest,Pont de la Deûle
87345223,87345249,2.0,Leforest,Ostricourt
87345231,87345215,2.0,Loison-sous-Lens,Sallaumines
87345231,87345264,4.0,Loison-sous-Lens,Pont-à-Vendin
87345249,87345009,7.0,Ostricourt,Douai
87345249,87345165,4.0,Ostricourt,Dourges
87345249,87345223,3.0,Ostricourt,Leforest
87345249,87345256,3.0,Ostricourt,Libercourt
87345256,87286005,29.0,Libercourt,Lille Flandres
87345256,87286500,3.0,Libercourt,Phalempin
87345256,87286518,5.0,Libercourt,Seclin
87345256,87345009,27.0,Libercourt,Douai
87345256,87345157,8.0,Libercourt,Hénin-Beaumont
87345256,87345165,5.0,Libercourt,Dourges
87345256,87345249,3.0,Libercourt,Ostricourt
87345264,87345025,10.0,Pont-à-Vendin,Lens
87345264,87345215,4.0,Pont-à-Vendin,Sallaumines
87345264,87345231,3.0,Pont-à-Vendin,Loison-sous-Lens
87345264,87345272,3.0,Pont-à-Vendin,Meurchin
87345264,87345280,4.0,Pont-à-Vendin,Bauvin - Provin
87345272,87345264,3.0,Meurchin,Pont-à-Vendin
87345272,87345280,2.0,Meurchin,Bauvin - Provin
87345280,87286435,4.0,Bauvin - Provin,Don - Sainghin
87345280,87345264,4.0,Bauvin - Provin,Pont-à-Vendin
87345280,87345272,2.0,Bauvin - Provin,Meurchin
87345306,87345009,6.0,Montigny-en-Ostrevent,Douai
87345306,87345314,4.0,Montigny-en-Ostrevent,Somain
87345314,87343004,28.0,Somain,Valenciennes
87345314,87343301,6.0,Somain,Wallers
87345314,87345306,4.0,Somain,Montigny-en-Ostrevent
87345314,87345520,20.0,Somain,Cambrai
87345389,87343475,3.0,Bouchain,Lourches
87345389,87345397,4.0,Bouchain,Iwuy
87345389,87345520,21.0,Bouchain,Cambrai
87345397,87345389,4.0,Iwuy,Bouchain
87345397,87345496,4.0,Iwuy,Escaudoeuvres
87345405,87345009,4.0,Sin-le-Noble,Douai
87345405,87345413,5.0,Sin-le-Noble,Cantin
87345413,87345405,4.0,Cantin,Sin-le-Noble
87345413,87345421,3.0,Cantin,Arleux
87345421,87345413,3.0,Arleux,Cantin
87345421,87345439,2.0,Arleux,Brunémont
87345421,87345447,3.0,Arleux,Aubigny-au-Bac
87345439,87345421,2.0,Brunémont,Arleux
87345439,87345447,2.0,Brunémont,Aubigny-au-Bac
87345447,87345421,3.0,Aubigny-au-Bac,Arleux
87345447,87345439,2.0,Aubigny-au-Bac,Brunémont
87345447,87345520,11.0,Aubigny-au-Bac,Cambrai
87345496,87345397,4.0,Escaudoeuvres,Iwuy
87345496,87345520,7.0,Escaudoeuvres,Cambrai
87345520,87345009,30.0,Cambrai,Douai
87345520,87345314,20.0,Cambrai,Somain
87345520,87345447,10.0,Cambrai,Aubigny-au-Bac
87345520,87345496,6.0,Cambrai,Escaudoeuvres
87345520,87345561,11.0,Cambrai,Caudry
87345520,87345595,8.0,Cambrai,Wambaix
87345546,87296244,3.0,Maurois,Busigny
87345546,87345553,3.0,Maurois,Bertry
87345553,87345546,3.0,Bertry,Maurois
87345553,87345561,3.0,Bertry,Caudry
87345561,87296244,7.0,Caudry,Busigny
87345561,87345520,11.0,Caudry,Cambrai
87345561,87345553,3.0,Caudry,Bertry
87345561,87345587,5.0,Caudry,Cattenières
87345587,87345561,5.0,Cattenières,Caudry
87345587,87345595,2.0,Cattenières,Wambaix
87345595,87345520,7.0,Wambaix,Cambrai
87345595,87345587,2.0,Wambaix,Cattenières
87352047,87715326,2.0,Champagnole Paul-Émile Victor,Champagnole
87352047,87715383,13.0,Champagnole Paul-Émile Victor,La Chaux-des-Crotenay
87353573,87446179,2.0,Le Toec,Saint-Cyprien Arènes
87353573,87611939,2.0,Le Toec,Lardenne
87353581,87353599,2.0,Les Ramassiers,Saint-Martin du Touch
87353581,87611467,3.0,Les Ramassiers,Colomiers
87353599,87353581,2.0,Saint-Martin du Touch,Les Ramassiers
87353599,87611939,1.0,Saint-Martin du Touch,Lardenne
87354589,87354597,2.0,Saint-Sébastien Pas Enchantés,Saint-Sébastien Frêne Rond
87354589,87481002,5.0,Saint-Sébastien Pas Enchantés,Nantes
87354597,87354589,2.0,Saint-Sébastien Frêne Rond,Saint-Sébastien Pas Enchantés
87354597,87481408,1.0,Saint-Sébastien Frêne Rond,Vertou
87361980,87594135,3.0,Rosiers-d'Égletons,Montaignac
87361980,87594168,13.0,Rosiers-d'Égletons,Égletons
87361980,87693390,4.0,Rosiers-d'Égletons,Egletons-ville
87381509,87381624,10.0,Mantes-la-Jolie,Bréval
87381509,87384008,32.0,Mantes-la-Jolie,Paris Saint-Lazare
87381509,87393009,33.0,Mantes-la-Jolie,Versailles Chantiers
87381509,87411017,41.0,Mantes-la-Jolie,Rouen Rive Droite
87381509,87415604,13.0,Mantes-la-Jolie,Vernon - Giverny
87381509,87415885,4.0,Mantes-la-Jolie,Rosny-sur-Seine
87381509,87444000,83.0,Mantes-la-Jolie,Caen
87381624,87381509,11.0,Bréval,Mantes-la-Jolie
87381624,87387092,5.0,Bréval,Bueil
87384008,87381509,30.0,Paris Saint-Lazare,Mantes-la-Jolie
87384008,87387001,56.0,Paris Saint-Lazare,Évreux Normandie
87384008,87411017,73.0,Paris Saint-Lazare,Rouen Rive Droite
87384008,87415604,45.0,Paris Saint-Lazare,Vernon - Giverny
87384008,87444000,111.0,Paris Saint-Lazare,Caen
87386540,87182386,1.0,Munster Badischhof,Gunsbach - Griesbach
87386540,87182394,2.0,Munster Badischhof,Munster
87387001,87381509,40.0,Évreux Normandie,Mantes-la-Jolie
87387001,87384008,58.0,Évreux Normandie,Paris Saint-Lazare
87387001,87387092,14.0,Évreux Normandie,Bueil
87387001,87387142,6.0,Évreux Normandie,La Bonneville-sur-Iton
87387001,87444299,24.0,Évreux Normandie,Bernay
87387092,87381624,5.0,Bueil,Bréval
87387092,87387001,14.0,Bueil,Évreux Normandie
87387142,87387001,6.0,La Bonneville-sur-Iton,Évreux Normandie
87387142,87387159,5.0,La Bonneville-sur-Iton,Conches
87387159,87387142,5.0,Conches,La Bonneville-sur-Iton
87387159,87387175,5.0,Conches,Romilly-la-Puthenaye
87387175,87387159,5.0,Romilly-la-Puthenaye,Conches
87387175,87387183,6.0,Romilly-la-Puthenaye,Beaumont-le-Roger
87387183,87387175,6.0,Beaumont-le-Roger,Romilly-la-Puthenaye
87387183,87444315,3.0,Beaumont-le-Roger,Serquigny
87389924,87481390,25.0,Saint-Hilaire-De-Riez,Challans
87389924,87486563,1.0,Saint-Hilaire-De-Riez,Saint-Hilaire-de-Riez
87391003,87318964,199.0,Paris Montparnasse Hall 1 - 2,Avignon TGV
87391003,87393009,10.0,Paris Montparnasse Hall 1 - 2,Versailles Chantiers
87391003,87393488,45.0,Paris Montparnasse Hall 1 - 2,Dreux
87391003,87393595,63.0,Paris Montparnasse Hall 1 - 2,Verneuil-sur-Avre
87391003,87393702,8.0,Paris Montparnasse Hall 1 - 2,Massy TGV
87391003,87394007,58.0,Paris Montparnasse Hall 1 - 2,Chartres
87391003,87396002,52.0,Paris Montparnasse Hall 1 - 2,Le Mans
87391003,87396408,63.0,Paris Montparnasse Hall 1 - 2,Sablé-sur-Sarthe
87391003,87444638,75.0,Paris Montparnasse Hall 1 - 2,L'Aigle
87391003,87471003,85.0,Paris Montparnasse Hall 1 - 2,Rennes
87391003,87471300,125.0,Paris Montparnasse Hall 1 - 2,Redon
87391003,87473009,127.0,Paris Montparnasse Hall 1 - 2,Saint-Brieuc
87391003,87476606,138.0,Paris Montparnasse Hall 1 - 2,Vannes
87391003,87478404,71.0,Paris Montparnasse Hall 1 - 2,Laval
87391003,87481002,117.0,Paris Montparnasse Hall 1 - 2,Nantes
87391003,87484006,80.0,Paris Montparnasse Hall 1 - 2,Angers Saint-Laud
87391003,87485300,113.0,Paris Montparnasse Hall 1 - 2,Niort
87391003,87485490,101.0,Paris Montparnasse Hall 1 - 2,Saint-Maixent-L'École
87391003,87571216,42.0,Paris Montparnasse Hall 1 - 2,Vendôme - Villiers-sur-Loir
87391003,87571240,56.0,Paris Montparnasse Hall 1 - 2,Saint-Pierre-des-Corps
87391003,87575001,76.0,Paris Montparnasse Hall 1 - 2,Poitiers
87391003,87575142,81.0,Paris Montparnasse Hall 1 - 2,Châtellerault
87391003,87581009,122.0,Paris Montparnasse Hall 1 - 2,Bordeaux Saint-Jean
87391003,87583005,102.0,Paris Montparnasse Hall 1 - 2,Angoulême
87391003,87673202,200.0,Paris Montparnasse Hall 1 - 2,Dax
87391003,87763029,160.0,Paris Montparnasse Hall 1 - 2,Valence TGV Rhône-Alpes Sud
87391102,87393009,19.0,Paris Montparnasse Vaugirard,Versailles Chantiers
87391102,87393595,77.0,Paris Montparnasse Vaugirard,Verneuil-sur-Avre
87391300,87718015,6.0,Morre,Besançon Mouillère
87391300,87718502,3.0,Morre,Saône
87392829,87697466,10.0,Saint-Martin-d'Hères,Grenoble-Eugène-Chavant
87392829,87741645,60.0,Saint-Martin-d'Hères,Albertville
87392829,87745430,105.0,Saint-Martin-d'Hères,Saint-Julien-en-Genevois
87393009,87381509,30.0,Versailles Chantiers,Mantes-la-Jolie
87393009,87391003,11.0,Versailles Chantiers,Paris Montparnasse Hall 1 - 2
87393009,87391102,12.0,Versailles Chantiers,Paris Montparnasse Vaugirard
87393009,87393314,16.0,Versailles Chantiers,Rambouillet
87393009,87393488,33.0,Versailles Chantiers,Dreux
87393009,87393579,13.0,Versailles Chantiers,Massy-Palaiseau
87393009,87393595,51.0,Versailles Chantiers,Verneuil-sur-Avre
87393009,87393843,7.0,Versailles Chantiers,Saint-Quentin en Yvelines
87393009,87394007,36.0,Versailles Chantiers,Chartres
87393009,87394114,22.0,Versailles Chantiers,Épernon
87393009,87396002,103.0,Versailles Chantiers,Le Mans
87393009,87411017,76.0,Versailles Chantiers,Rouen Rive Droite
87393009,87546192,21.0,Versailles Chantiers,Pont de Rungis Aéroport d'Orly
87393009,87723197,170.0,Versailles Chantiers,Lyon Part Dieu
87393009,87741009,238.0,Versailles Chantiers,Chambéry - Challes-les-Eaux
87393314,87393009,15.0,Rambouillet,Versailles Chantiers
87393314,87393348,3.0,Rambouillet,Gazeran
87393314,87394114,7.0,Rambouillet,Épernon
87393348,87393314,3.0,Gazeran,Rambouillet
87393348,87394114,4.0,Gazeran,Épernon
87393488,87391003,46.0,Dreux,Paris Montparnasse Hall 1 - 2
87393488,87391102,46.0,Dreux,Paris Montparnasse Vaugirard
87393488,87393009,35.0,Dreux,Versailles Chantiers
87393488,87393553,9.0,Dreux,Nonancourt
87393488,87393595,18.0,Dreux,Verneuil-sur-Avre
87393553,87393488,9.0,Nonancourt,Dreux
87393553,87393595,11.0,Nonancourt,Verneuil-sur-Avre
87393579,87393009,13.0,Massy-Palaiseau,Versailles Chantiers
87393579,87394007,56.0,Massy-Palaiseau,Chartres
87393579,87396002,117.0,Massy-Palaiseau,Le Mans
87393579,87545244,12.0,Massy-Palaiseau,Juvisy
87393579,87547000,21.0,Massy-Palaiseau,Paris Austerlitz
87393579,87723197,123.0,Massy-Palaiseau,Lyon Part Dieu
87393595,87391003,65.0,Verneuil-sur-Avre,Paris Montparnasse Hall 1 - 2
87393595,87391102,73.0,Verneuil-sur-Avre,Paris Montparnasse Vaugirard
87393595,87393009,53.0,Verneuil-sur-Avre,Versailles Chantiers
87393595,87393488,18.0,Verneuil-sur-Avre,Dreux
87393595,87393553,11.0,Verneuil-sur-Avre,Nonancourt
87393595,87444638,13.0,Verneuil-sur-Avre,L'Aigle
87393702,87111849,28.0,Massy TGV,Marne-la-Vallée Chessy
87393702,87391003,8.0,Massy TGV,Paris Montparnasse Hall 1 - 2
87393702,87396002,46.0,Massy TGV,Le Mans
87393702,87484006,80.0,Massy TGV,Angers Saint-Laud
87393702,87571240,50.0,Massy TGV,Saint-Pierre-des-Corps
87393702,87575001,77.0,Massy TGV,Poitiers
87393702,87581009,117.0,Massy TGV,Bordeaux Saint-Jean
87393702,87583005,97.0,Massy TGV,Angoulême
87393702,87723197,120.0,Massy TGV,Lyon Part Dieu
87393702,87741009,185.0,Massy TGV,Chambéry - Challes-les-Eaux
87393702,87746370,330.0,Massy TGV,Cluses
87393843,87393314,14.0,Saint-Quentin en Yvelines,Rambouillet
87394007,87393009,37.0,Chartres,Versailles Chantiers
87394007,87393579,65.0,Chartres,Massy-Palaiseau
87394007,87394015,3.0,Chartres,Lucé
87394007,87394130,9.0,Chartres,Maintenon
87394007,87394171,4.0,Chartres,La Villette Saint-Prest
87394007,87394205,5.0,Chartres,Amilly - Ouerray
87394007,87394221,9.0,Chartres,Courville-sur-Eure
87394007,87396002,54.0,Chartres,Le Mans
87394007,87545244,70.0,Chartres,Juvisy
87394007,87545707,24.0,Chartres,Voves
87394015,87394007,5.0,Lucé,Chartres
87394015,87394403,5.0,Lucé,La Taye
87394015,87394411,20.0,Lucé,Bailleau-le-pin
87394114,87391003,33.0,Épernon,Paris Montparnasse Hall 1 - 2
87394114,87393314,7.0,Épernon,Rambouillet
87394114,87393348,5.0,Épernon,Gazeran
87394114,87394130,4.0,Épernon,Maintenon
87394130,87394007,10.0,Maintenon,Chartres
87394130,87394114,4.0,Maintenon,Épernon
87394130,87394148,3.0,Maintenon,Saint-Piat
87394130,87394155,7.0,Maintenon,Jouy
87394148,87394130,3.0,Saint-Piat,Maintenon
87394148,87394155,3.0,Saint-Piat,Jouy
87394155,87394007,9.0,Jouy,Chartres
87394155,87394148,3.0,Jouy,Saint-Piat
87394155,87394171,3.0,Jouy,La Villette Saint-Prest
87394171,87394007,5.0,La Villette Saint-Prest,Chartres
87394171,87394155,3.0,La Villette Saint-Prest,Jouy
87394205,87394007,5.0,Amilly - Ouerray,Chartres
87394205,87394213,3.0,Amilly - Ouerray,Saint-Aubin - Saint-Luperce
87394213,87394205,3.0,Saint-Aubin - Saint-Luperce,Amilly - Ouerray
87394213,87394221,5.0,Saint-Aubin - Saint-Luperce,Courville-sur-Eure
87394221,87394007,9.0,Courville-sur-Eure,Chartres
87394221,87394213,4.0,Courville-sur-Eure,Saint-Aubin - Saint-Luperce
87394221,87394247,5.0,Courville-sur-Eure,Pontgouin
87394221,87394254,9.0,Courville-sur-Eure,La Loupe
87394221,87746933,33.0,Courville-sur-Eure,Chartres Gare Rue Nicole
87394247,87394221,5.0,Pontgouin,Courville-sur-Eure
87394247,87394254,6.0,Pontgouin,La Loupe
87394254,87394221,8.0,La Loupe,Courville-sur-Eure
87394254,87394247,6.0,La Loupe,Pontgouin
87394254,87394270,6.0,La Loupe,Bretoncelles
87394254,87394296,12.0,La Loupe,Nogent-le-Rotrou
87394270,87394254,7.0,Bretoncelles,La Loupe
87394270,87394288,4.0,Bretoncelles,Condé-sur-Huisne
87394288,87394270,4.0,Condé-sur-Huisne,Bretoncelles
87394288,87394296,4.0,Condé-sur-Huisne,Nogent-le-Rotrou
87394296,87394254,12.0,Nogent-le-Rotrou,La Loupe
87394296,87394288,5.0,Nogent-le-Rotrou,Condé-sur-Huisne
87394296,87396325,10.0,Nogent-le-Rotrou,La Ferté-Bernard
87394296,87396333,6.0,Nogent-le-Rotrou,Le Theil - La Rouge
87394403,87394015,6.0,La Taye,Lucé
87394403,87394411,5.0,La Taye,Bailleau-le-pin
87394411,87394015,20.0,Bailleau-le-pin,Lucé
87394411,87394403,5.0,Bailleau-le-pin,La Taye
87394411,87394429,4.0,Bailleau-le-pin,Magny - Blandainville
87394411,87394437,15.0,Bailleau-le-pin,Illiers-Combray
87394429,87394411,4.0,Magny - Blandainville,Bailleau-le-pin
87394429,87394437,4.0,Magny - Blandainville,Illiers-Combray
87394437,87394411,15.0,Illiers-Combray,Bailleau-le-pin
87394437,87394429,4.0,Illiers-Combray,Magny - Blandainville
87394437,87394452,9.0,Illiers-Combray,Brou
87394452,87394437,9.0,Brou,Illiers-Combray
87394452,87394486,10.0,Brou,Arrou
87394452,87394494,25.0,Brou,Courtalain - Saint-Pellerin
87394486,87394452,10.0,Arrou,Brou
87394486,87394494,4.0,Arrou,Courtalain - Saint-Pellerin
87394494,87394452,25.0,Courtalain - Saint-Pellerin,Brou
87394494,87394486,4.0,Courtalain - Saint-Pellerin,Arrou
87395657,87409524,4.0,Brassac-les-Mines Lycée Rabelais,Sainte-Florine Place François
87395657,87734244,2.0,Brassac-les-Mines Lycée Rabelais,Brassac-les-Mines - Sainte-Florine
87395665,87395830,15.0,Issoire Lycée Deville,Le Breuil-sur-Couze Lycée Agricole
87395673,87734202,6.0,Issoire Lycée Murat,Issoire
87395830,87407940,5.0,Le Breuil-sur-Couze Lycée Agricole,Le Breuil-sur-C Salle des F.
87395962,87407502,2.0,Sainte-Florine Lycée Claude Favard,Arrest Usine Melius
87395962,87409524,2.0,Sainte-Florine Lycée Claude Favard,Sainte-Florine Place François
87396002,87111849,157.0,Le Mans,Marne-la-Vallée Chessy
87396002,87391003,54.0,Le Mans,Paris Montparnasse Hall 1 - 2
87396002,87393009,111.0,Le Mans,Versailles Chantiers
87396002,87393579,126.0,Le Mans,Massy-Palaiseau
87396002,87393702,47.0,Le Mans,Massy TGV
87396002,87394007,57.0,Le Mans,Chartres
87396002,87394296,30.0,Le Mans,Nogent-le-Rotrou
87396002,87396036,9.0,Le Mans,La Guierche
87396002,87396044,11.0,Le Mans,Montbizot
87396002,87396200,10.0,Le Mans,Domfront
87396002,87396218,11.0,Le Mans,Conlie
87396002,87396234,19.0,Le Mans,Sillé-le-Guillaume
87396002,87396275,6.0,Le Mans,Champagné
87396002,87396309,11.0,Le Mans,Connerré - Beillé
87396002,87396358,7.0,Le Mans,Voivres
87396002,87396366,9.0,Le Mans,La Suze
87396002,87396408,19.0,Le Mans,Sablé-sur-Sarthe
87396002,87396549,5.0,Le Mans,Arnage
87396002,87396564,12.0,Le Mans,Écommoy
87396002,87396606,26.0,Le Mans,Château-du-Loir
87396002,87444711,30.0,Le Mans,Alençon
87396002,87471003,43.0,Le Mans,Rennes
87396002,87478404,27.0,Le Mans,Laval
87396002,87481002,83.0,Le Mans,Nantes
87396002,87484006,37.0,Le Mans,Angers Saint-Laud
87396002,87741645,539.0,Le Mans,Albertville
87396002,87743872,2.0,Le Mans,Le Mans Hôpital-Université
87396028,87396036,3.0,Neuville,La Guierche
87396028,87743872,5.0,Neuville,Le Mans Hôpital-Université
87396036,87396028,4.0,La Guierche,Neuville
87396036,87396044,3.0,La Guierche,Montbizot
87396044,87396002,13.0,Montbizot,Le Mans
87396044,87396036,3.0,Montbizot,La Guierche
87396044,87396051,3.0,Montbizot,Teillé
87396044,87396077,6.0,Montbizot,Vivoin - Beaumont
87396051,87396044,3.0,Teillé,Montbizot
87396051,87396077,5.0,Teillé,Vivoin - Beaumont
87396077,87396044,6.0,Vivoin - Beaumont,Montbizot
87396077,87396051,4.0,Vivoin - Beaumont,Teillé
87396077,87396093,7.0,Vivoin - Beaumont,La Hutte Coulombiers
87396077,87444711,15.0,Vivoin - Beaumont,Alençon
87396093,87396077,7.0,La Hutte Coulombiers,Vivoin - Beaumont
87396093,87444711,9.0,La Hutte Coulombiers,Alençon
87396200,87396002,12.0,Domfront,Le Mans
87396200,87396218,3.0,Domfront,Conlie
87396200,87743872,9.0,Domfront,Le Mans Hôpital-Université
87396218,87396002,13.0,Conlie,Le Mans
87396218,87396200,3.0,Conlie,Domfront
87396218,87396234,6.0,Conlie,Sillé-le-Guillaume
87396234,87396002,18.0,Sillé-le-Guillaume,Le Mans
87396234,87396218,6.0,Sillé-le-Guillaume,Conlie
87396234,87478552,10.0,Sillé-le-Guillaume,Évron
87396234,87478560,7.0,Sillé-le-Guillaume,Voutré
87396275,87396002,7.0,Champagné,Le Mans
87396275,87396283,2.0,Champagné,Saint-Mars-la-Brière
87396283,87396275,2.0,Saint-Mars-la-Brière,Champagné
87396283,87396291,3.0,Saint-Mars-la-Brière,Montfort-le-Gesnois
87396291,87396283,3.0,Montfort-le-Gesnois,Saint-Mars-la-Brière
87396291,87396309,4.0,Montfort-le-Gesnois,Connerré - Beillé
87396309,87396002,14.0,Connerré - Beillé,Le Mans
87396309,87396291,4.0,Connerré - Beillé,Montfort-le-Gesnois
87396309,87396317,5.0,Connerré - Beillé,Sceaux - Boëssé
87396309,87396325,8.0,Connerré - Beillé,La Ferté-Bernard
87396317,87396309,5.0,Sceaux - Boëssé,Connerré - Beillé
87396317,87396325,5.0,Sceaux - Boëssé,La Ferté-Bernard
87396325,87394296,10.0,La Ferté-Bernard,Nogent-le-Rotrou
87396325,87396309,9.0,La Ferté-Bernard,Connerré - Beillé
87396325,87396317,5.0,La Ferté-Bernard,Sceaux - Boëssé
87396325,87396333,6.0,La Ferté-Bernard,Le Theil - La Rouge
87396333,87394296,6.0,Le Theil - La Rouge,Nogent-le-Rotrou
87396333,87396325,5.0,Le Theil - La Rouge,La Ferté-Bernard
87396358,87396002,8.0,Voivres,Le Mans
87396358,87396366,4.0,Voivres,La Suze
87396366,87396002,11.0,La Suze,Le Mans
87396366,87396358,4.0,La Suze,Voivres
87396366,87396374,5.0,La Suze,Noyen
87396366,87396408,13.0,La Suze,Sablé-sur-Sarthe
87396374,87396366,5.0,Noyen,La Suze
87396374,87396408,10.0,Noyen,Sablé-sur-Sarthe
87396408,87391003,65.0,Sablé-sur-Sarthe,Paris Montparnasse Hall 1 - 2
87396408,87396002,20.0,Sablé-sur-Sarthe,Le Mans
87396408,87396366,13.0,Sablé-sur-Sarthe,La Suze
87396408,87396374,9.0,Sablé-sur-Sarthe,Noyen
87396408,87478404,20.0,Sablé-sur-Sarthe,Laval
87396408,87484006,20.0,Sablé-sur-Sarthe,Angers Saint-Laud
87396408,87484170,7.0,Sablé-sur-Sarthe,Morannes
87396549,87396002,6.0,Arnage,Le Mans
87396549,87396556,4.0,Arnage,Laigné - Saint-Gervais
87396556,87396549,4.0,Laigné - Saint-Gervais,Arnage
87396556,87396564,5.0,Laigné - Saint-Gervais,Écommoy
87396564,87396002,13.0,Écommoy,Le Mans
87396564,87396556,5.0,Écommoy,Laigné - Saint-Gervais
87396564,87396580,5.0,Écommoy,Mayet
87396564,87396606,15.0,Écommoy,Château-du-Loir
87396572,87396580,6.0,Aubigné-Racan,Mayet
87396572,87396598,3.0,Aubigné-Racan,Vaas
87396580,87396564,5.0,Mayet,Écommoy
87396580,87396572,5.0,Mayet,Aubigné-Racan
87396598,87396572,3.0,Vaas,Aubigné-Racan
87396598,87396606,6.0,Vaas,Château-du-Loir
87396606,87396002,29.0,Château-du-Loir,Le Mans
87396606,87396564,15.0,Château-du-Loir,Écommoy
87396606,87396598,6.0,Château-du-Loir,Vaas
87396606,87571000,28.0,Château-du-Loir,Tours
87396606,87571240,31.0,Château-du-Loir,Saint-Pierre-des-Corps
87396606,87571554,7.0,Château-du-Loir,Saint-Paterne
87396895,87734004,3.0,Clermont la Rotonde,Clermont-Ferrand
87396895,87734038,4.0,Clermont la Rotonde,Royat - Chamalières
87398735,87118299,3.0,Bar-sur-Aube Hôtel de Ville,Bar-sur-Aube
87398735,87215608,4.0,Bar-sur-Aube Hôtel de Ville,Bar-sur-Aube Hôpital
87398735,87215616,2.0,Bar-sur-Aube Hôtel de Ville,Bar-sur-Aube Piscine
87400986,87171322,2.0,Magneux - Courlandon,Breuil - Romain
87400986,87171330,4.0,Magneux - Courlandon,Fismes
87401323,87757724,6.0,Mouans-Sartoux,Grasse
87401323,87757732,5.0,Mouans-Sartoux,Ranguin
87402297,87181222,1.0,Colmar Mésanges,Colmar Saint-Joseph
87402297,87182345,1.0,Colmar Mésanges,Logelbach
87402297,87665240,3.0,Colmar Mésanges,Colmar St-Joseph Rue du Val St-Grégoire
87402297,87665331,1.0,Colmar Mésanges,Logelbach Hirn
87402826,87107466,2.0,Bienville,Eurville Mairie
87402826,87578229,5.0,Bienville,Bayard-Route-Eurville
87405571,87191387,1.0,Anzeling Carrefour,Anzeling
87405571,87191395,3.0,Anzeling Carrefour,Freistroff Passage À Niveau
87405712,87141739,3.0,Barisey-la-Côte Mairie,Bulligny Centre
87405712,87141754,2.0,Barisey-la-Côte Mairie,Barisey-la-Côte Gare
87405746,87141259,4.0,Neufchâteau Hôpital,Soulosse Route Nationale
87405746,87141291,5.0,Neufchâteau Hôpital,Neufchâteau
87405753,87141044,5.0,Toul Gare Routière,Toul
87405753,87141721,12.0,Toul Gare Routière,Blénod-lès-Toul Les Naux
87405993,87144212,2.0,Mirecourt Lycée Agricole,Mirecourt
87405993,87144279,23.0,Mirecourt Lycée Agricole,Vittel
87405993,87700955,2.0,Mirecourt Lycée Agricole,Mattaincourt la Poste
87406611,87194274,2.0,Longuyon Pont des Deux Eaux,Longuyon
87406611,87406702,2.0,Longuyon Pont des Deux Eaux,Longuyon La Machine
87406660,87117598,2.0,Cons-la-Grandville Haut Fourneau,Montigny-sur-Chiers Eglise
87406660,87194456,1.0,Cons-la-Grandville Haut Fourneau,Cons-la-Grandville Centre
87406678,87117606,2.0,Cons-la-Grandville Lotissement,Lexy Carrefour
87406678,87194456,1.0,Cons-la-Grandville Lotissement,Cons-la-Grandville Centre
87406686,87406694,2.0,Lexy Providence Usine,Lexy Rue du Square
87406686,87477570,2.0,Lexy Providence Usine,Rehon Poste
87406694,87117606,1.0,Lexy Rue du Square,Lexy Carrefour
87406694,87406686,2.0,Lexy Rue du Square,Lexy Providence Usine
87406702,87194498,3.0,Longuyon La Machine,Viviers-sur-Chiers Mairie
87406702,87406611,1.0,Longuyon La Machine,Longuyon Pont des Deux Eaux
87406710,87194001,1.0,Longwy Espace Bus,Longwy
87406728,87117515,3.0,Bouzonville Rue d'Alzing,Alzing Rue de Brettnach
87406728,87193177,6.0,Bouzonville Rue d'Alzing,Bouzonville
87406728,87735522,4.0,Bouzonville Rue d'Alzing,Bouzonville Institut Providenc
87406736,87193219,11.0,Creutzwald Gare Routière,Merten Centre
87406744,87191007,12.0,Distroff Église,Thionville
87406744,87406819,3.0,Distroff Église,Kuntzig Bibiche
87406744,87406843,4.0,Distroff Église,Metzervisse Église
87406751,87117499,4.0,Ebersviller Centre,Hestroff Eglise
87406751,87191403,5.0,Ebersviller Centre,Aboncourt Mairie
87406769,87193144,3.0,Falck Rue Principale,Falck Gare
87406769,87477158,5.0,Falck Rue Principale,Merten République
87406777,87406793,1.0,Hombourg Chapelle,Hombourg Tilleuls
87406777,87407247,2.0,Hombourg Chapelle,Budange Rue D'Aboncourt
87406793,87406777,2.0,Hombourg Tilleuls,Hombourg Chapelle
87406793,87406801,2.0,Hombourg Tilleuls,Kédange Église
87406801,87191346,1.0,Kédange Église,Kédange Gare
87406801,87406793,2.0,Kédange Église,Hombourg Tilleuls
87406819,87406744,5.0,Kuntzig Bibiche,Distroff Église
87406819,87406827,2.0,Kuntzig Bibiche,Kuntzig Place de la Liberté
87406827,87191304,4.0,Kuntzig Place de la Liberté,Yutz Poitiers
87406827,87406819,2.0,Kuntzig Place de la Liberté,Kuntzig Bibiche
87406835,87191296,4.0,Metzervisse Centre,Metzeresche Fontaine
87406835,87191346,4.0,Metzervisse Centre,Kédange Gare
87406835,87406843,1.0,Metzervisse Centre,Metzervisse Église
87406843,87406744,4.0,Metzervisse Église,Distroff Église
87406843,87406835,1.0,Metzervisse Église,Metzervisse Centre
87406850,87193250,5.0,Cocheren Village,Béning-lès-Saint-Avold
87406850,87406884,4.0,Cocheren Village,Farébersviller Rue du Moulin
87406868,87193508,2.0,Farébersviller Cité,Theding Allée de la Forêt
87406868,87406884,1.0,Farébersviller Cité,Farébersviller Rue du Moulin
87406884,87406850,4.0,Farébersviller Rue du Moulin,Cocheren Village
87406884,87406868,1.0,Farébersviller Rue du Moulin,Farébersviller Cité
87406892,87193508,11.0,Farschviller Centre,Theding Allée de la Forêt
87406892,87194019,8.0,Farschviller Centre,Ebring Croisement
87406892,87737734,2.0,Farschviller Centre,Farschviller Croisement Gare
87406900,87193615,5.0,Sarreguemines Poste,Sarreguemines
87406918,87213108,10.0,Mertzwiller Monuments aux Morts,Schweighouse-sur-Moder
87406918,87213207,1.0,Mertzwiller Monuments aux Morts,Mertzwiller
87406926,87213298,5.0,Philippsbourg Lieschbach,Bannstein Croisement
87406926,87668137,2.0,Philippsbourg Lieschbach,Philippsbourg Falkenstein
87406934,87193821,1.0,Bitche Rue de la Paix,Bitche Ancienne Gare
87406934,87199612,4.0,Bitche Rue de la Paix,Reyersviller Schwangerbach
87406959,87193797,5.0,Enchenberg Mairie,Petit-Réderching
87406959,87635771,7.0,Enchenberg Mairie,Lemberg Mairie
87406967,87193789,2.0,Rohrbach-les-Bitche Carrefour,Rohrbach-lès-Bitche
87406967,87193797,3.0,Rohrbach-les-Bitche Carrefour,Petit-Réderching
87406975,87406983,1.0,Fénétrange Gendarmerie,Fénétrange Le Val Fleuri
87406975,87407122,2.0,Fénétrange Gendarmerie,Fénétrange Carrefour des Étangs
87406975,87476879,1.0,Fénétrange Gendarmerie,Fénétrange Mairie
87406975,87476887,2.0,Fénétrange Gendarmerie,Romelfling Rue de l'Europe
87406975,87476911,3.0,Fénétrange Gendarmerie,Romelfing Église
87406983,87406975,1.0,Fénétrange Le Val Fleuri,Fénétrange Gendarmerie
87406983,87703553,3.0,Fénétrange Le Val Fleuri,Niederstinzel Principale
87406991,87215459,16.0,Sarralbe Centre,Sarre-Union
87406991,87215491,8.0,Sarralbe Centre,Keskastel Gare
87406991,87717769,7.0,Sarralbe Centre,Herbitzheim Msp
87407015,87215350,1.0,Sarraltroff Mairie,Sarraltroff Gare
87407015,87407031,5.0,Sarraltroff Mairie,Sarrebourg Méphisto
87407015,87703629,3.0,Sarraltroff Mairie,Oberstinzel Rue Principale
87407015,87703686,1.0,Sarraltroff Mairie,Sarraltroff Rue de Fénétrange
87407031,87215012,4.0,Sarrebourg Méphisto,Sarrebourg
87407031,87215350,2.0,Sarrebourg Méphisto,Sarraltroff Gare
87407031,87477620,2.0,Sarrebourg Méphisto,Sarrebourg Route de Phalsbourg
87407049,87215103,3.0,Avricourt Rue Des Halles,Igney - Avricourt
87407049,87407056,1.0,Avricourt Rue Des Halles,Avricourt Rue de Lorraine
87407056,87215111,1.0,Avricourt Rue de Lorraine,Avricourt Nouvel Avricourt
87407056,87407049,1.0,Avricourt Rue de Lorraine,Avricourt Rue Des Halles
87407064,87215103,3.0,Igney Mairie,Igney - Avricourt
87407098,87215129,1.0,Réchicourt-le-Château Centre,Réchicourt-le-Château
87407098,87215137,5.0,Réchicourt-le-Château Centre,Gondrexange Domaine Ketzing
87407106,87117697,6.0,Sarrebourg Verreries,Bébing Route Nationale
87407106,87215012,2.0,Sarrebourg Verreries,Sarrebourg
87407114,87192187,5.0,Bénestroff Centre,Bermering Eglise
87407114,87193128,6.0,Bénestroff Centre,Vahl-lès-Bénestroff Mairie
87407122,87215327,4.0,Fénétrange Carrefour des Étangs,Mittersheim Centre
87407122,87406975,2.0,Fénétrange Carrefour des Étangs,Fénétrange Gendarmerie
87407122,87476879,1.0,Fénétrange Carrefour des Étangs,Fénétrange Mairie
87407130,87703595,1.0,Gosselming Poste,Gosselming Mairie
87407130,87703678,3.0,Gosselming Poste,Dolving Rue de Sarrebourg
87407148,87215319,4.0,Mittersheim l'Escale,Loudrefing Rue Principale
87407148,87215327,1.0,Mittersheim l'Escale,Mittersheim Centre
87407155,87192286,4.0,Morhange Place de la République,Morhange
87407155,87193110,6.0,Morhange Place de la République,Baronville Mairie
87407155,87407171,1.0,Morhange Place de la République,Morhange Jeanne d'Arc
87407171,87192179,3.0,Morhange Jeanne d'Arc,Racrange Rue de Morhange
87407171,87192286,5.0,Morhange Jeanne d'Arc,Morhange
87407171,87407155,1.0,Morhange Jeanne d'Arc,Morhange Place de la République
87407189,87215012,1.0,Sarrebourg Place Mathey,Sarrebourg
87407189,87215350,5.0,Sarrebourg Place Mathey,Sarraltroff Gare
87407189,87407031,1.0,Sarrebourg Place Mathey,Sarrebourg Méphisto
87407247,87191403,3.0,Budange Rue D'Aboncourt,Aboncourt Mairie
87407247,87406777,2.0,Budange Rue D'Aboncourt,Hombourg Chapelle
87407262,87213223,1.0,Gundershoffen au Cygne,Gundershoffen
87407262,87213231,3.0,Gundershoffen au Cygne,Reichshoffen Usines
87407270,87213249,5.0,Niederbronn-les-Bains Archéologie,Reichshoffen
87407270,87678524,2.0,Niederbronn-les-Bains Archéologie,Niederbronn Hotel de Ville
87407296,87213256,2.0,Niederbronn-les-Bains Usine,Niederbronn-les-Bains
87407296,87668137,6.0,Niederbronn-les-Bains Usine,Philippsbourg Falkenstein
87407320,87213058,9.0,Schweighouse-sur-Moder Villa,Haguenau
87407320,87213108,2.0,Schweighouse-sur-Moder Villa,Schweighouse-sur-Moder
87407379,87703462,1.0,Sarrewerden Lotissement,Sarrewerden Église
87407379,87703470,3.0,Sarrewerden Lotissement,Bischtroff-sur-Sarre Mairie
87407403,87117689,2.0,Gondrexange Centre,Hertzing Centre
87407403,87215137,4.0,Gondrexange Centre,Gondrexange Domaine Ketzing
87407502,87395962,1.0,Arrest Usine Melius,Sainte-Florine Lycée Claude Favard
87407502,87734251,8.0,Arrest Usine Melius,Arvant
87407692,87409474,5.0,La Chomette,Paulhaguet Monument
87407692,87409482,9.0,La Chomette,Vieille-Brioude
87407692,87734269,13.0,La Chomette,Brioude
87407692,87734293,4.0,La Chomette,Paulhaguet
87407726,87408971,7.0,La Grave Carrefour,Reugny RN144
87407726,87765990,5.0,La Grave Carrefour,Vallon-en-Sully Marché couvert
87407932,87687400,3.0,Lanthenas,Coubladour Rond-Point
87407932,87734681,2.0,Lanthenas,Borne (Haute-Loire)
87407940,87734202,10.0,Le Breuil-sur-C Salle des F.,Issoire
87407981,87409698,3.0,Langeac le Treuil,Saint-Eble
87407981,87734319,14.0,Langeac le Treuil,Langeac
87408906,87409490,6.0,Meaulne Place Centrale,Urcay Hôtel du Lyon d'Or
87408906,87765990,9.0,Meaulne Place Centrale,Vallon-en-Sully Marché couvert
87408971,87589580,11.0,Reugny RN144,La Ville Gozet Square H. Duna
87409417,87734053,16.0,Pontmort RN9-D17,Riom - Châtel-Guyon
87409417,87734129,8.0,Pontmort RN9-D17,Aigueperse
87409474,87731802,7.0,Paulhaguet Monument,Saint-Georges-d'Aurac Bourg
87409474,87734293,1.0,Paulhaguet Monument,Paulhaguet
87409474,87734301,8.0,Paulhaguet Monument,Saint-Georges-d'Aurac
87409474,87734319,20.0,Paulhaguet Monument,Langeac
87409482,87407692,5.0,Vieille-Brioude,La Chomette
87409482,87734269,6.0,Vieille-Brioude,Brioude
87409490,87408906,5.0,Urcay Hôtel du Lyon d'Or,Meaulne Place Centrale
87409490,87576322,20.0,Urcay Hôtel du Lyon d'Or,Saint-Amand-Montrond - Orval
87409490,87765990,15.0,Urcay Hôtel du Lyon d'Or,Vallon-en-Sully Marché couvert
87409524,87395657,10.0,Sainte-Florine Place François,Brassac-les-Mines Lycée Rabelais
87409524,87395962,2.0,Sainte-Florine Place François,Sainte-Florine Lycée Claude Favard
87409532,87409698,5.0,Sainte-Eugénie-de-Villeneuve,Saint-Eble
87409532,87680728,3.0,Sainte-Eugénie-de-Villeneuve,Fix Saint-Geneys Rn102 Bourg
87409532,87731802,6.0,Sainte-Eugénie-de-Villeneuve,Saint-Georges-d'Aurac Bourg
87409698,87407981,3.0,Saint-Eble,Langeac le Treuil
87409698,87409532,5.0,Saint-Eble,Sainte-Eugénie-de-Villeneuve
87409763,87721787,5.0,Bois d'Oingt,Bois-d'Oingt - Légny
87409763,87761056,4.0,Bois d'Oingt,Oingt Route de Saint-Laurent
87409771,87666099,3.0,Létra Gabodière,Chamelet Centre
87409771,87721811,3.0,Létra Gabodière,Ternand
87409771,87721829,3.0,Létra Gabodière,Chamelet
87411017,87381509,41.0,Rouen Rive Droite,Mantes-la-Jolie
87411017,87384008,71.0,Rouen Rive Droite,Paris Saint-Lazare
87411017,87393009,70.0,Rouen Rive Droite,Versailles Chantiers
87411017,87411173,13.0,Rouen Rive Droite,Elbeuf - Saint-Aubin
87411017,87411207,8.0,Rouen Rive Droite,Oissel
87411017,87411223,4.0,Rouen Rive Droite,Sotteville
87411017,87411249,4.0,Rouen Rive Droite,Maromme
87411017,87411264,10.0,Rouen Rive Droite,Barentin
87411017,87411439,13.0,Rouen Rive Droite,Morgny
87411017,87411454,19.0,Rouen Rive Droite,Montérolier - Buchy
87411017,87411801,10.0,Rouen Rive Droite,Montville
87411017,87413013,42.0,Rouen Rive Droite,Le Havre
87411017,87413385,19.0,Rouen Rive Droite,Yvetot
87411017,87444000,110.0,Rouen Rive Droite,Caen
87411017,87444265,60.0,Rouen Rive Droite,Lisieux
87411173,87411017,15.0,Elbeuf - Saint-Aubin,Rouen Rive Droite
87411173,87411181,5.0,Elbeuf - Saint-Aubin,Tourville
87411173,87411207,7.0,Elbeuf - Saint-Aubin,Oissel
87411173,87415323,9.0,Elbeuf - Saint-Aubin,Bourgtheroulde - Thuit-Hébert
87411181,87411173,6.0,Tourville,Elbeuf - Saint-Aubin
87411181,87411207,2.0,Tourville,Oissel
87411207,87411017,9.0,Oissel,Rouen Rive Droite
87411207,87411173,7.0,Oissel,Elbeuf - Saint-Aubin
87411207,87411181,2.0,Oissel,Tourville
87411207,87411215,3.0,Oissel,Saint-Étienne-du-Rouvray
87411207,87415661,4.0,Oissel,Pont-de-l'Arche
87411207,87415877,8.0,Oissel,Val-de-Reuil
87411215,87411207,4.0,Saint-Étienne-du-Rouvray,Oissel
87411215,87411223,3.0,Saint-Étienne-du-Rouvray,Sotteville
87411223,87411017,5.0,Sotteville,Rouen Rive Droite
87411223,87411215,3.0,Sotteville,Saint-Étienne-du-Rouvray
87411249,87411017,5.0,Maromme,Rouen Rive Droite
87411249,87411256,3.0,Maromme,Malaunay - Le Houlme
87411256,87411249,3.0,Malaunay - Le Houlme,Maromme
87411256,87411264,5.0,Malaunay - Le Houlme,Barentin
87411256,87411801,5.0,Malaunay - Le Houlme,Montville
87411264,87411017,11.0,Barentin,Rouen Rive Droite
87411264,87411256,5.0,Barentin,Malaunay - Le Houlme
87411264,87411272,2.0,Barentin,Pavilly
87411272,87411264,2.0,Pavilly,Barentin
87411272,87411280,6.0,Pavilly,Motteville
87411272,87413385,10.0,Pavilly,Yvetot
87411280,87411272,6.0,Motteville,Pavilly
87411280,87413385,5.0,Motteville,Yvetot
87411439,87411017,14.0,Morgny,Rouen Rive Droite
87411439,87411447,3.0,Morgny,Longuerue - Vieux-Manoir
87411439,87411454,7.0,Morgny,Montérolier - Buchy
87411447,87411439,3.0,Longuerue - Vieux-Manoir,Morgny
87411447,87411454,4.0,Longuerue - Vieux-Manoir,Montérolier - Buchy
87411454,87411017,25.0,Montérolier - Buchy,Rouen Rive Droite
87411454,87411439,7.0,Montérolier - Buchy,Morgny
87411454,87411447,4.0,Montérolier - Buchy,Longuerue - Vieux-Manoir
87411454,87411462,5.0,Montérolier - Buchy,Sommery
87411454,87411470,10.0,Montérolier - Buchy,Serqueux
87411462,87411454,6.0,Sommery,Montérolier - Buchy
87411462,87411470,6.0,Sommery,Serqueux
87411470,87313759,11.0,Serqueux,Abancourt
87411470,87313833,8.0,Serqueux,Formerie
87411470,87411454,10.0,Serqueux,Montérolier - Buchy
87411470,87411462,5.0,Serqueux,Sommery
87411801,87411017,10.0,Montville,Rouen Rive Droite
87411801,87411256,4.0,Montville,Malaunay - Le Houlme
87411801,87411819,5.0,Montville,Clères
87411819,87411801,4.0,Clères,Montville
87411819,87415158,9.0,Clères,Auffay
87411819,87415166,7.0,Clères,Saint-Victor-l'Abbaye
87413013,87411017,42.0,Le Havre,Rouen Rive Droite
87413013,87413302,5.0,Le Havre,Harfleur
87413013,87413328,10.0,Le Havre,Étainhus - Saint-Romain
87413013,87413344,13.0,Le Havre,Bréauté - Beuzeville
87413013,87413385,60.0,Le Havre,Yvetot
87413302,87413013,5.0,Harfleur,Le Havre
87413302,87413310,4.0,Harfleur,Saint-Laurent - Gainneville
87413310,87413302,3.0,Saint-Laurent - Gainneville,Harfleur
87413310,87413328,5.0,Saint-Laurent - Gainneville,Étainhus - Saint-Romain
87413328,87413013,10.0,Étainhus - Saint-Romain,Le Havre
87413328,87413310,4.0,Étainhus - Saint-Romain,Saint-Laurent - Gainneville
87413328,87413344,5.0,Étainhus - Saint-Romain,Bréauté - Beuzeville
87413344,87413013,13.0,Bréauté - Beuzeville,Le Havre
87413344,87413328,5.0,Bréauté - Beuzeville,Étainhus - Saint-Romain
87413344,87413377,7.0,Bréauté - Beuzeville,Foucart - Alvimare
87413344,87413385,12.0,Bréauté - Beuzeville,Yvetot
87413344,87413542,19.0,Bréauté - Beuzeville,Fécamp
87413344,87430785,11.0,Bréauté - Beuzeville,Goderville
87413377,87413344,7.0,Foucart - Alvimare,Bréauté - Beuzeville
87413377,87413385,6.0,Foucart - Alvimare,Yvetot
87413385,87411017,20.0,Yvetot,Rouen Rive Droite
87413385,87411272,9.0,Yvetot,Pavilly
87413385,87411280,5.0,Yvetot,Motteville
87413385,87413013,55.0,Yvetot,Le Havre
87413385,87413344,12.0,Yvetot,Bréauté - Beuzeville
87413385,87413377,6.0,Yvetot,Foucart - Alvimare
87413542,87413344,19.0,Fécamp,Bréauté - Beuzeville
87413542,87430785,21.0,Fécamp,Goderville
87415018,87415125,5.0,Dieppe,Saint-Aubin-sur-Scie
87415018,87415158,14.0,Dieppe,Auffay
87415125,87415018,6.0,Saint-Aubin-sur-Scie,Dieppe
87415125,87415141,6.0,Saint-Aubin-sur-Scie,Longueville-sur-Scie
87415141,87415125,6.0,Longueville-sur-Scie,Saint-Aubin-sur-Scie
87415141,87415158,6.0,Longueville-sur-Scie,Auffay
87415158,87411819,9.0,Auffay,Clères
87415158,87415018,15.0,Auffay,Dieppe
87415158,87415141,6.0,Auffay,Longueville-sur-Scie
87415158,87415166,4.0,Auffay,Saint-Victor-l'Abbaye
87415166,87411819,7.0,Saint-Victor-l'Abbaye,Clères
87415166,87415158,4.0,Saint-Victor-l'Abbaye,Auffay
87415323,87411173,9.0,Bourgtheroulde - Thuit-Hébert,Elbeuf - Saint-Aubin
87415323,87415364,13.0,Bourgtheroulde - Thuit-Hébert,Brionne
87415364,87415323,13.0,Brionne,Bourgtheroulde - Thuit-Hébert
87415364,87444315,6.0,Brionne,Serquigny
87415604,87381509,13.0,Vernon - Giverny,Mantes-la-Jolie
87415604,87384008,51.0,Vernon - Giverny,Paris Saint-Lazare
87415604,87411017,65.0,Vernon - Giverny,Rouen Rive Droite
87415604,87415620,7.0,Vernon - Giverny,Gaillon - Aubevoye
87415604,87415893,6.0,Vernon - Giverny,Bonnières
87415620,87415604,7.0,Gaillon - Aubevoye,Vernon - Giverny
87415620,87415877,9.0,Gaillon - Aubevoye,Val-de-Reuil
87415661,87411207,5.0,Pont-de-l'Arche,Oissel
87415661,87415877,5.0,Pont-de-l'Arche,Val-de-Reuil
87415877,87411207,8.0,Val-de-Reuil,Oissel
87415877,87415620,9.0,Val-de-Reuil,Gaillon - Aubevoye
87415877,87415661,5.0,Val-de-Reuil,Pont-de-l'Arche
87415885,87381509,4.0,Rosny-sur-Seine,Mantes-la-Jolie
87415885,87415893,5.0,Rosny-sur-Seine,Bonnières
87415893,87415604,6.0,Bonnières,Vernon - Giverny
87415893,87415885,5.0,Bonnières,Rosny-sur-Seine
87417444,87171009,3.0,Franchet d'Esperey,Reims
87417444,87171272,1.0,Franchet d'Esperey,Reims Maison Blanche
87417501,87335521,25.0,Lancey,Grenoble
87417501,87747402,6.0,Lancey,Grenoble Universités - Gières
87417501,87747451,3.0,Lancey,Brignoud
87417808,87597609,11.0,Ajain,Guéret
87417808,87694257,12.0,Ajain,Parsac Centre
87417840,87641001,5.0,Montluçon LEM,Montluçon
87417840,87641415,20.0,Montluçon LEM,Commentry
87417865,87594119,4.0,Eyrein,Corrèze
87417865,87594135,4.0,Eyrein,Montaignac
87417881,87152413,4.0,Maussac le Poteau,Maussac Place de la Poste
87417881,87594168,15.0,Maussac le Poteau,Égletons
87417907,87534099,30.0,Ussel Place Henri Queuille,Bort-les-Orgues Ville
87417907,87594093,5.0,Ussel Place Henri Queuille,Ussel
87420836,87764712,5.0,Alba-la-Romaine Ruines Romaines,Saint-Jean-le-Centenier Centre
87420836,87766832,14.0,Alba-la-Romaine Ruines Romaines,Le Teil Rond-point Bénistant
87427393,87571000,21.0,Monnaie Jean-Baptiste Moreau,Tours
87427393,87574665,15.0,Monnaie Jean-Baptiste Moreau,Château-Renault
87429761,87117978,10.0,Auxon Route Nationale,Villery
87429761,87139667,30.0,Auxon Route Nationale,Troyes Lombards
87429761,87765941,23.0,Auxon Route Nationale,Saint-Florentin Gare routière
87430785,87413344,11.0,Goderville,Bréauté - Beuzeville
87430785,87413542,21.0,Goderville,Fécamp
87437798,87485003,5.0,La Rochelle Porte Dauphine,La Rochelle
87437806,87485003,3.0,Aytré Plage,La Rochelle
87437806,87485102,2.0,Aytré Plage,Angoulins sur Mer
87439554,87751008,14.0,Vitrolles Aéroport Marseille P,Marseille Saint-Charles
87439554,87753004,15.0,Vitrolles Aéroport Marseille P,Miramas
87439554,87753251,3.0,Vitrolles Aéroport Marseille P,Rognac
87439554,87753285,3.0,Vitrolles Aéroport Marseille P,Pas des Lanciers
87440016,87613463,10.0,La Fouillade,Najac
87440016,87613471,18.0,La Fouillade,Laguépie
87440016,87613893,20.0,La Fouillade,Villefranche-de-Rouergue
87442442,87611244,9.0,Montauban Prax Paris,Montauban Ville Bourbon
87442442,87752980,9.0,Montauban Prax Paris,Montauban la Fobio
87443937,87611327,7.0,Saint-Jean-de-Verges Centre,Varilhes
87443937,87611616,12.0,Saint-Jean-de-Verges Centre,Foix
87444000,87381509,83.0,Caen,Mantes-la-Jolie
87444000,87384008,114.0,Caen,Paris Saint-Lazare
87444000,87411017,105.0,Caen,Rouen Rive Droite
87444000,87444042,8.0,Caen,Bretteville - Norrey
87444000,87444067,14.0,Caen,Bayeux
87444000,87444182,5.0,Caen,Frénouville - Cagny
87444000,87444208,12.0,Caen,Mézidon - Canon
87444000,87444265,21.0,Caen,Lisieux
87444000,87444539,60.0,Caen,Argentan
87444000,87444877,120.0,Caen,Cherbourg
87444000,87447243,80.0,Caen,Carentan
87444000,87717389,45.0,Caen,Guilberville-le Saussey
87444042,87444000,9.0,Bretteville - Norrey,Caen
87444042,87444059,4.0,Bretteville - Norrey,Audrieu
87444059,87444042,4.0,Audrieu,Bretteville - Norrey
87444059,87444067,6.0,Audrieu,Bayeux
87444067,87444000,15.0,Bayeux,Caen
87444067,87444059,6.0,Bayeux,Audrieu
87444067,87444083,7.0,Bayeux,Le Molay-Littry
87444067,87447219,12.0,Bayeux,Lison
87444083,87444067,7.0,Le Molay-Littry,Bayeux
87444083,87447219,7.0,Le Molay-Littry,Lison
87444182,87444000,6.0,Frénouville - Cagny,Caen
87444182,87444190,4.0,Frénouville - Cagny,Moult - Argences
87444190,87444182,4.0,Moult - Argences,Frénouville - Cagny
87444190,87444208,5.0,Moult - Argences,Mézidon - Canon
87444208,87444000,12.0,Mézidon - Canon,Caen
87444208,87444190,5.0,Mézidon - Canon,Moult - Argences
87444208,87444216,5.0,Mézidon - Canon,Saint-Pierre-sur-Dives
87444208,87444265,12.0,Mézidon - Canon,Lisieux
87444216,87444208,5.0,Saint-Pierre-sur-Dives,Mézidon - Canon
87444216,87444539,19.0,Saint-Pierre-sur-Dives,Argentan
87444265,87384008,102.0,Lisieux,Paris Saint-Lazare
87444265,87411017,62.0,Lisieux,Rouen Rive Droite
87444265,87444000,21.0,Lisieux,Caen
87444265,87444208,12.0,Lisieux,Mézidon - Canon
87444265,87444299,14.0,Lisieux,Bernay
87444265,87444323,2.0,Lisieux,Le Grand Jardin
87444265,87444349,17.0,Lisieux,Pont-l'Évêque
87444299,87387001,24.0,Bernay,Évreux Normandie
87444299,87444265,13.0,Bernay,Lisieux
87444299,87444315,6.0,Bernay,Serquigny
87444315,87387183,4.0,Serquigny,Beaumont-le-Roger
87444315,87415364,6.0,Serquigny,Brionne
87444315,87444299,6.0,Serquigny,Bernay
87444323,87444265,3.0,Le Grand Jardin,Lisieux
87444323,87444349,16.0,Le Grand Jardin,Pont-l'Évêque
87444349,87444265,16.0,Pont-l'Évêque,Lisieux
87444349,87444323,16.0,Pont-l'Évêque,Le Grand Jardin
87444349,87444372,8.0,Pont-l'Évêque,Trouville - Deauville
87444372,87444349,7.0,Trouville - Deauville,Pont-l'Évêque
87444372,87444380,7.0,Trouville - Deauville,Blonville-sur-Mer - Benerville
87444380,87444372,9.0,Blonville-sur-Mer - Benerville,Trouville - Deauville
87444380,87444398,3.0,Blonville-sur-Mer - Benerville,Villers-sur-Mer
87444398,87444380,2.0,Villers-sur-Mer,Blonville-sur-Mer - Benerville
87444398,87444406,9.0,Villers-sur-Mer,Houlgate
87444406,87337378,3.0,Houlgate,Dives-sur-Mer Port-Guillaume
87444406,87444398,9.0,Houlgate,Villers-sur-Mer
87444414,87337378,1.0,Dives - Cabourg,Dives-sur-Mer Port-Guillaume
87444539,87444000,62.0,Argentan,Caen
87444539,87444216,18.0,Argentan,Saint-Pierre-sur-Dives
87444539,87444562,8.0,Argentan,Surdon
87444539,87444638,29.0,Argentan,L'Aigle
87444539,87444695,14.0,Argentan,Sées
87444539,87444711,27.0,Argentan,Alençon
87444539,87448001,22.0,Argentan,Flers
87444539,87448084,15.0,Argentan,Briouze
87444562,87444539,8.0,Surdon,Argentan
87444562,87444604,15.0,Surdon,Sainte-Gauburge
87444562,87444638,21.0,Surdon,L'Aigle
87444562,87444695,7.0,Surdon,Sées
87444604,87444562,13.0,Sainte-Gauburge,Surdon
87444604,87444638,8.0,Sainte-Gauburge,L'Aigle
87444638,87391003,76.0,L'Aigle,Paris Montparnasse Hall 1 - 2
87444638,87393595,12.0,L'Aigle,Verneuil-sur-Avre
87444638,87444539,27.0,L'Aigle,Argentan
87444638,87444562,19.0,L'Aigle,Surdon
87444638,87444604,9.0,L'Aigle,Sainte-Gauburge
87444695,87444539,13.0,Sées,Argentan
87444695,87444562,6.0,Sées,Surdon
87444695,87444711,12.0,Sées,Alençon
87444711,87396002,31.0,Alençon,Le Mans
87444711,87396077,15.0,Alençon,Vivoin - Beaumont
87444711,87396093,9.0,Alençon,La Hutte Coulombiers
87444711,87444539,45.0,Alençon,Argentan
87444711,87444695,11.0,Alençon,Sées
87444877,87444000,120.0,Cherbourg,Caen
87444877,87447284,14.0,Cherbourg,Valognes
87446179,87353573,1.0,Saint-Cyprien Arènes,Le Toec
87446179,87497461,3.0,Saint-Cyprien Arènes,Gallieni-Cancéropôle
87446179,87611467,5.0,Saint-Cyprien Arènes,Colomiers
87446179,87611939,3.0,Saint-Cyprien Arènes,Lardenne
87447003,87447110,20.0,Saint-Lô,Coutances
87447003,87447219,11.0,Saint-Lô,Lison
87447110,87447003,20.0,Coutances,Saint-Lô
87447110,87447680,25.0,Coutances,Granville
87447219,87444067,13.0,Lison,Bayeux
87447219,87444083,7.0,Lison,Le Molay-Littry
87447219,87447003,11.0,Lison,Saint-Lô
87447219,87447243,9.0,Lison,Carentan
87447243,87444000,80.0,Carentan,Caen
87447243,87447219,9.0,Carentan,Lison
87447243,87447284,12.0,Carentan,Valognes
87447284,87444877,14.0,Valognes,Cherbourg
87447284,87447243,12.0,Valognes,Carentan
87447649,87447680,10.0,Folligny,Granville
87447649,87447698,9.0,Folligny,Villedieu-les-Poêles
87447649,87448514,12.0,Folligny,Avranches
87447680,87447110,25.0,Granville,Coutances
87447680,87447649,9.0,Granville,Folligny
87447680,87447698,16.0,Granville,Villedieu-les-Poêles
87447680,87448514,30.0,Granville,Avranches
87447698,87321992,45.0,Villedieu-les-Poêles,Le Mont-Saint-Michel
87447698,87447649,8.0,Villedieu-les-Poêles,Folligny
87447698,87447680,16.0,Villedieu-les-Poêles,Granville
87447698,87448159,14.0,Villedieu-les-Poêles,Vire
87448001,87444539,23.0,Flers,Argentan
87448001,87448084,9.0,Flers,Briouze
87448001,87448159,14.0,Flers,Vire
87448084,87444539,14.0,Briouze,Argentan
87448084,87448001,9.0,Briouze,Flers
87448159,87447698,14.0,Vire,Villedieu-les-Poêles
87448159,87448001,15.0,Vire,Flers
87448514,87447649,13.0,Avranches,Folligny
87448514,87447680,30.0,Avranches,Granville
87448514,87478263,16.0,Avranches,Pontorson - Mont-Saint-Michel
87448514,87717389,40.0,Avranches,Guilberville-le Saussey
87448514,87717629,63.0,Avranches,Rennes Beaulieu Chimie
87450064,87152413,6.0,Meymac Bourg,Maussac Place de la Poste
87450064,87594275,3.0,Meymac Bourg,Meymac
87450874,87138438,2.0,Grèzes Séverac-l'Eglise,Gaillac-D-Aveyron Lugans
87450874,87177170,5.0,Grèzes Séverac-l'Eglise,Laissac Place du Foiral
87453654,87453670,12.0,Costaros,Pradelles
87453654,87734699,27.0,Costaros,Le Puy-en-Velay
87453670,87453654,14.0,Pradelles,Costaros
87453670,87734350,15.0,Pradelles,Langogne
87455006,87611608,2.0,Montgaillard,Saint-Paul - Saint-Antoine
87458810,87192666,13.0,Buzy Rue d'Etain,Conflans - Jarny
87458828,87175794,3.0,Étain Centre,Étain
87458828,87458836,19.0,Étain Centre,Verdun la Tour du Champ
87458836,87175778,5.0,Verdun la Tour du Champ,Verdun
87458836,87458828,19.0,Verdun la Tour du Champ,Étain Centre
87458869,87141291,10.0,Neufchâteau Lycée Professionnel,Neufchâteau
87462085,87746784,2.0,Chamonix Aiguille du Midi,Chamonix-Mont-Blanc
87462085,87746818,2.0,Chamonix Aiguille du Midi,Les Moussoux
87462390,87586339,3.0,Fleurance Gendarmerie,Fleurance Allée Aristide Briand
87462390,87586347,8.0,Fleurance Gendarmerie,Montestruc-sur-Gers
87462796,87611749,19.0,Saint-Sauvy,Auch
87462796,87668459,20.0,Saint-Sauvy,Auch Allée Baylac
87462796,87677948,6.0,Saint-Sauvy,Mauvezin Place de la Halle
87462812,87677955,4.0,Gimat Salle des Fetes,Solomiac Halle
87462812,87753095,5.0,Gimat Salle des Fetes,Beaumont-de-Lomagne L.e.p
87462820,87611475,9.0,Bourret les Gourdis,Larrazet
87462820,87753046,6.0,Bourret les Gourdis,Montech Boulevard Lagal
87462820,87753061,8.0,Bourret les Gourdis,Larrazet Avenue de Gascogne
87462960,87481002,60.0,Cholet Hôtel de Ville,Nantes
87462960,87484303,10.0,Cholet Hôtel de Ville,Cholet
87463083,87481002,10.0,Nantes Pirmil,Nantes
87463125,87481002,40.0,Sainte-Pazanne rue du Vigneau,Nantes
87463125,87481366,18.0,Sainte-Pazanne rue du Vigneau,Machecoul
87471003,87159947,6.0,Rennes,Ker Lann
87471003,87334490,4.0,Rennes,Cesson-Sévigné
87471003,87334508,5.0,Rennes,La Poterie
87471003,87391003,87.0,Rennes,Paris Montparnasse Hall 1 - 2
87471003,87396002,45.0,Rennes,Le Mans
87471003,87471037,6.0,Rennes,Bruz
87471003,87471052,5.0,Rennes,Saint-Jacques-de-la-Lande
87471003,87471060,8.0,Rennes,L'Hermitage - Mordelles
87471003,87471078,11.0,Rennes,Montfort-sur-Meu
87471003,87471102,9.0,Rennes,Breteil
87471003,87471300,34.0,Rennes,Redon
87471003,87471391,4.0,Rennes,Pontchaillou
87471003,87471508,18.0,Rennes,Vitré
87471003,87471524,12.0,Rennes,Châteaubourg
87471003,87473009,44.0,Rennes,Saint-Brieuc
87471003,87473108,36.0,Rennes,Lamballe
87471003,87476002,80.0,Rennes,Lorient
87471003,87476606,56.0,Rennes,Vannes
87471003,87478032,40.0,Rennes,Montreuil-sur-Ille
87471003,87478073,29.0,Rennes,Dol-de-Bretagne
87471003,87478107,42.0,Rennes,Saint-Malo
87471003,87478404,24.0,Rennes,Laval
87471003,87481002,75.0,Rennes,Nantes
87471003,87717629,6.0,Rennes,Rennes Beaulieu Chimie
87471029,87334508,5.0,Vern,La Poterie
87471029,87471318,4.0,Vern,Saint-Armel
87471037,87159947,2.0,Bruz,Ker Lann
87471037,87471003,7.0,Bruz,Rennes
87471037,87471144,4.0,Bruz,Laillé
87471037,87471151,5.0,Bruz,Guichen - Bourg-des-Comptes
87471037,87471185,12.0,Bruz,Messac - Guipry
87471037,87471300,45.0,Bruz,Redon
87471045,87471391,6.0,Betton,Pontchaillou
87471045,87471458,3.0,Betton,Chevaigné
87471052,87159947,2.0,Saint-Jacques-de-la-Lande,Ker Lann
87471052,87471003,6.0,Saint-Jacques-de-la-Lande,Rennes
87471060,87471003,9.0,L'Hermitage - Mordelles,Rennes
87471060,87471102,4.0,L'Hermitage - Mordelles,Breteil
87471078,87471003,13.0,Montfort-sur-Meu,Rennes
87471078,87471086,6.0,Montfort-sur-Meu,Montauban-de-Bretagne
87471078,87471102,3.0,Montfort-sur-Meu,Breteil
87471078,87473058,11.0,Montfort-sur-Meu,Quédillac
87471086,87471003,17.0,Montauban-de-Bretagne,Rennes
87471086,87471078,5.0,Montauban-de-Bretagne,Montfort-sur-Meu
87471086,87471094,4.0,Montauban-de-Bretagne,La Brohinière
87471086,87473058,5.0,Montauban-de-Bretagne,Quédillac
87471086,87473066,7.0,Montauban-de-Bretagne,Caulnes
87471094,87471078,11.0,La Brohinière,Montfort-sur-Meu
87471094,87471086,3.0,La Brohinière,Montauban-de-Bretagne
87471094,87473058,4.0,La Brohinière,Quédillac
87471102,87471003,11.0,Breteil,Rennes
87471102,87471060,4.0,Breteil,L'Hermitage - Mordelles
87471102,87471078,3.0,Breteil,Montfort-sur-Meu
87471144,87159947,5.0,Laillé,Ker Lann
87471144,87471037,4.0,Laillé,Bruz
87471144,87471151,3.0,Laillé,Guichen - Bourg-des-Comptes
87471151,87471037,6.0,Guichen - Bourg-des-Comptes,Bruz
87471151,87471144,3.0,Guichen - Bourg-des-Comptes,Laillé
87471151,87471169,3.0,Guichen - Bourg-des-Comptes,Saint-Senoux - Pléchâtel
87471151,87471177,5.0,Guichen - Bourg-des-Comptes,Pléchâtel
87471151,87471185,30.0,Guichen - Bourg-des-Comptes,Messac - Guipry
87471169,87471151,3.0,Saint-Senoux - Pléchâtel,Guichen - Bourg-des-Comptes
87471169,87471177,3.0,Saint-Senoux - Pléchâtel,Pléchâtel
87471169,87471185,20.0,Saint-Senoux - Pléchâtel,Messac - Guipry
87471177,87471151,5.0,Pléchâtel,Guichen - Bourg-des-Comptes
87471177,87471169,3.0,Pléchâtel,Saint-Senoux - Pléchâtel
87471177,87471185,4.0,Pléchâtel,Messac - Guipry
87471185,87471003,40.0,Messac - Guipry,Rennes
87471185,87471037,13.0,Messac - Guipry,Bruz
87471185,87471151,8.0,Messac - Guipry,Guichen - Bourg-des-Comptes
87471185,87471177,4.0,Messac - Guipry,Pléchâtel
87471185,87471201,6.0,Messac - Guipry,Fougeray - Langon
87471185,87471219,8.0,Messac - Guipry,Beslé
87471185,87471300,20.0,Messac - Guipry,Redon
87471201,87471185,6.0,Fougeray - Langon,Messac - Guipry
87471201,87471219,3.0,Fougeray - Langon,Beslé
87471219,87471185,8.0,Beslé,Messac - Guipry
87471219,87471201,3.0,Beslé,Fougeray - Langon
87471219,87471227,3.0,Beslé,Massérac
87471219,87471300,10.0,Beslé,Redon
87471227,87471219,3.0,Massérac,Beslé
87471227,87471300,9.0,Massérac,Redon
87471300,87391003,122.0,Redon,Paris Montparnasse Hall 1 - 2
87471300,87471003,34.0,Redon,Rennes
87471300,87471185,17.0,Redon,Messac - Guipry
87471300,87471201,30.0,Redon,Fougeray - Langon
87471300,87471219,9.0,Redon,Beslé
87471300,87471227,8.0,Redon,Massérac
87471300,87476606,23.0,Redon,Vannes
87471300,87476671,12.0,Redon,Questembert
87471300,87476689,8.0,Redon,Malansac
87471300,87476754,8.0,Redon,Sévérac
87471300,87476762,10.0,Redon,Saint-Gildas-des-bois
87471300,87481002,42.0,Redon,Nantes
87471300,87481846,15.0,Redon,Pontchâteau
87471318,87471029,4.0,Saint-Armel,Vern
87471318,87471326,3.0,Saint-Armel,Corps-Nuds
87471326,87471318,4.0,Corps-Nuds,Saint-Armel
87471326,87471334,7.0,Corps-Nuds,Janzé
87471334,87471326,6.0,Janzé,Corps-Nuds
87471334,87471342,6.0,Janzé,Le Theil-de-Bretagne
87471342,87471334,7.0,Le Theil-de-Bretagne,Janzé
87471342,87471359,4.0,Le Theil-de-Bretagne,Retiers
87471359,87471342,3.0,Retiers,Le Theil-de-Bretagne
87471359,87471367,12.0,Retiers,Martigné-Ferchaud
87471367,87471359,12.0,Martigné-Ferchaud,Retiers
87471367,87481648,15.0,Martigné-Ferchaud,Châteaubriant
87471391,87471003,5.0,Pontchaillou,Rennes
87471391,87471045,5.0,Pontchaillou,Betton
87471391,87471458,7.0,Pontchaillou,Chevaigné
87471391,87478032,12.0,Pontchaillou,Montreuil-sur-Ille
87471391,87478040,15.0,Pontchaillou,Dingé
87471391,87478057,19.0,Pontchaillou,Combourg
87471391,87478073,26.0,Pontchaillou,Dol-de-Bretagne
87471458,87471045,3.0,Chevaigné,Betton
87471458,87471391,7.0,Chevaigné,Pontchaillou
87471458,87478016,3.0,Chevaigné,Saint-Germain-sur-Ille
87471508,87471003,20.0,Vitré,Rennes
87471508,87471516,6.0,Vitré,Les Lacs
87471508,87471524,9.0,Vitré,Châteaubourg
87471508,87478404,17.0,Vitré,Laval
87471508,87478768,7.0,Vitré,Saint-Pierre-la-Cour
87471516,87471508,8.0,Les Lacs,Vitré
87471516,87471524,4.0,Les Lacs,Châteaubourg
87471524,87471508,9.0,Châteaubourg,Vitré
87471524,87471516,4.0,Châteaubourg,Les Lacs
87471524,87471532,3.0,Châteaubourg,Servon
87471532,87471524,3.0,Servon,Châteaubourg
87471532,87471540,3.0,Servon,Noyal - Acigné
87471540,87334490,4.0,Noyal - Acigné,Cesson-Sévigné
87471540,87471532,3.0,Noyal - Acigné,Servon
87472605,87182568,0.0,Thann Centre,Thann
87472605,87182881,1.0,Thann Centre,Thann Saint-Jacques
87472639,87533612,1.0,Zu Rhein,Daguerre
87472639,87534321,1.0,Zu Rhein,Mulhouse Dornach Tram Train
87473009,87391003,132.0,Saint-Brieuc,Paris Montparnasse Hall 1 - 2
87473009,87471003,46.0,Saint-Brieuc,Rennes
87473009,87473108,9.0,Saint-Brieuc,Lamballe
87473009,87473116,6.0,Saint-Brieuc,Yffiniac
87473009,87473124,4.0,Saint-Brieuc,La Méaugon
87473009,87473140,9.0,Saint-Brieuc,Châtelaudren - Plouagat
87473009,87473207,13.0,Saint-Brieuc,Guingamp
87473009,87474007,68.0,Saint-Brieuc,Brest
87473009,87474239,59.0,Saint-Brieuc,Landerneau
87473009,87474338,39.0,Saint-Brieuc,Morlaix
87473058,87471003,50.0,Quédillac,Rennes
87473058,87471086,6.0,Quédillac,Montauban-de-Bretagne
87473058,87473066,3.0,Quédillac,Caulnes
87473066,87471086,7.0,Caulnes,Montauban-de-Bretagne
87473066,87473058,3.0,Caulnes,Quédillac
87473066,87473074,5.0,Caulnes,Broons
87473074,87473066,5.0,Broons,Caulnes
87473074,87473082,6.0,Broons,Plénée-Jugon
87473074,87473108,13.0,Broons,Lamballe
87473082,87473074,5.0,Plénée-Jugon,Broons
87473082,87473090,5.0,Plénée-Jugon,Plestan
87473090,87473082,5.0,Plestan,Plénée-Jugon
87473090,87473108,5.0,Plestan,Lamballe
87473108,87471003,37.0,Lamballe,Rennes
87473108,87471094,22.0,Lamballe,La Brohinière
87473108,87473009,10.0,Lamballe,Saint-Brieuc
87473108,87473074,13.0,Lamballe,Broons
87473108,87473090,4.0,Lamballe,Plestan
87473108,87473116,6.0,Lamballe,Yffiniac
87473108,87473264,10.0,Lamballe,Landébia
87473116,87473009,7.0,Yffiniac,Saint-Brieuc
87473116,87473108,6.0,Yffiniac,Lamballe
87473124,87473009,5.0,La Méaugon,Saint-Brieuc
87473124,87473132,4.0,La Méaugon,Plouvara - Plerneuf
87473132,87473124,3.0,Plouvara - Plerneuf,La Méaugon
87473132,87473140,4.0,Plouvara - Plerneuf,Châtelaudren - Plouagat
87473140,87473009,10.0,Châtelaudren - Plouagat,Saint-Brieuc
87473140,87473132,4.0,Châtelaudren - Plouagat,Plouvara - Plerneuf
87473140,87473207,7.0,Châtelaudren - Plouagat,Guingamp
87473165,87473181,7.0,Belle-Isle - Bégard,Plouaret Trégor
87473165,87473207,8.0,Belle-Isle - Bégard,Guingamp
87473181,87473165,7.0,Plouaret Trégor,Belle-Isle - Bégard
87473181,87473199,6.0,Plouaret Trégor,Plounérin
87473181,87473207,12.0,Plouaret Trégor,Guingamp
87473181,87473223,16.0,Plouaret Trégor,Lannion
87473181,87474338,15.0,Plouaret Trégor,Morlaix
87473199,87473181,6.0,Plounérin,Plouaret Trégor
87473199,87474411,7.0,Plounérin,Plouigneau
87473207,87473009,14.0,Guingamp,Saint-Brieuc
87473207,87473140,7.0,Guingamp,Châtelaudren - Plouagat
87473207,87473165,8.0,Guingamp,Belle-Isle - Bégard
87473207,87473181,12.0,Guingamp,Plouaret Trégor
87473207,87473223,29.0,Guingamp,Lannion
87473207,87473512,13.0,Guingamp,Moustéru
87473207,87473801,4.0,Guingamp,Gourland
87473207,87474338,26.0,Guingamp,Morlaix
87473223,87473009,40.0,Lannion,Saint-Brieuc
87473223,87473181,14.0,Lannion,Plouaret Trégor
87473223,87473207,27.0,Lannion,Guingamp
87473264,87473108,12.0,Landébia,Lamballe
87473264,87473272,6.0,Landébia,Plancoët
87473272,87473264,7.0,Plancoët,Landébia
87473272,87478180,6.0,Plancoët,Corseul - Languenan
87473504,87473561,11.0,Carhaix,Carnoët - Locarn
87473512,87473207,13.0,Moustéru,Guingamp
87473512,87473579,4.0,Moustéru,Coat Guégan
87473520,87473538,5.0,Pont-Melvez,Plougonver
87473520,87473579,4.0,Pont-Melvez,Coat Guégan
87473538,87473520,5.0,Plougonver,Pont-Melvez
87473538,87473587,4.0,Plougonver,Les Mais
87473546,87473553,8.0,Callac,Le Pénity
87473546,87473587,4.0,Callac,Les Mais
87473553,87473546,9.0,Le Pénity,Callac
87473553,87473561,2.0,Le Pénity,Carnoët - Locarn
87473561,87473504,12.0,Carnoët - Locarn,Carhaix
87473561,87473553,2.0,Carnoët - Locarn,Le Pénity
87473579,87473512,6.0,Coat Guégan,Moustéru
87473579,87473520,3.0,Coat Guégan,Pont-Melvez
87473587,87473538,4.0,Les Mais,Plougonver
87473587,87473546,5.0,Les Mais,Callac
87473801,87473207,5.0,Gourland,Guingamp
87473801,87473819,8.0,Gourland,Trégonneau - Squiffiec
87473819,87473801,7.0,Trégonneau - Squiffiec,Gourland
87473819,87473827,5.0,Trégonneau - Squiffiec,Brélidy - Plouec
87473827,87473819,5.0,Brélidy - Plouec,Trégonneau - Squiffiec
87473827,87473835,6.0,Brélidy - Plouec,Pontrieux Halte
87473835,87473827,6.0,Pontrieux Halte,Brélidy - Plouec
87473835,87473843,2.0,Pontrieux Halte,Pontrieux
87473843,87473835,1.0,Pontrieux,Pontrieux Halte
87473843,87473876,5.0,Pontrieux,Frynaudour
87473850,87322347,3.0,Lancerf,Traou Nez
87473850,87473868,7.0,Lancerf,Paimpol
87473868,87473850,6.0,Paimpol,Lancerf
87473876,87322347,5.0,Frynaudour,Traou Nez
87473876,87473843,6.0,Frynaudour,Pontrieux
87474007,87473009,66.0,Brest,Saint-Brieuc
87474007,87473207,56.0,Brest,Guingamp
87474007,87474098,61.0,Brest,Quimper
87474007,87474213,4.0,Brest,Kerhuon
87474007,87474221,7.0,Brest,La Forest-Landerneau
87474007,87474239,10.0,Brest,Landerneau
87474007,87474338,29.0,Brest,Morlaix
87474015,87474056,21.0,Dirinon,Pont-de-Buis
87474015,87474239,8.0,Dirinon,Landerneau
87474056,87474015,21.0,Pont-de-Buis,Dirinon
87474056,87474064,5.0,Pont-de-Buis,Châteaulin
87474064,87474015,27.0,Châteaulin,Dirinon
87474064,87474056,5.0,Châteaulin,Pont-de-Buis
87474064,87474098,20.0,Châteaulin,Quimper
87474098,87474007,62.0,Quimper,Brest
87474098,87474064,19.0,Quimper,Châteaulin
87474098,87474155,11.0,Quimper,Rosporden
87474098,87476002,32.0,Quimper,Lorient
87474155,87474098,11.0,Rosporden,Quimper
87474155,87474189,6.0,Rosporden,Bannalec
87474155,87476317,12.0,Rosporden,Quimperlé
87474189,87474155,7.0,Bannalec,Rosporden
87474189,87476317,8.0,Bannalec,Quimperlé
87474213,87474007,6.0,Kerhuon,Brest
87474213,87474221,4.0,Kerhuon,La Forest-Landerneau
87474221,87474007,9.0,La Forest-Landerneau,Brest
87474221,87474213,4.0,La Forest-Landerneau,Kerhuon
87474221,87474239,3.0,La Forest-Landerneau,Landerneau
87474239,87474007,11.0,Landerneau,Brest
87474239,87474015,8.0,Landerneau,Dirinon
87474239,87474221,3.0,Landerneau,La Forest-Landerneau
87474239,87474262,4.0,Landerneau,La Roche-Maurice
87474239,87474270,8.0,Landerneau,Landivisiau
87474239,87474338,21.0,Landerneau,Morlaix
87474262,87474239,3.0,La Roche-Maurice,Landerneau
87474262,87474270,6.0,La Roche-Maurice,Landivisiau
87474270,87474239,9.0,Landivisiau,Landerneau
87474270,87474262,6.0,Landivisiau,La Roche-Maurice
87474270,87474296,5.0,Landivisiau,Guimiliau
87474270,87474320,9.0,Landivisiau,Pleyber-Christ
87474270,87474338,12.0,Landivisiau,Morlaix
87474296,87474270,5.0,Guimiliau,Landivisiau
87474296,87474312,4.0,Guimiliau,Saint-Thégonnec
87474312,87474296,3.0,Saint-Thégonnec,Guimiliau
87474312,87474320,4.0,Saint-Thégonnec,Pleyber-Christ
87474320,87474270,10.0,Pleyber-Christ,Landivisiau
87474320,87474312,3.0,Pleyber-Christ,Saint-Thégonnec
87474320,87474338,6.0,Pleyber-Christ,Morlaix
87474338,87473009,43.0,Morlaix,Saint-Brieuc
87474338,87473181,15.0,Morlaix,Plouaret Trégor
87474338,87473207,26.0,Morlaix,Guingamp
87474338,87474007,31.0,Morlaix,Brest
87474338,87474239,20.0,Morlaix,Landerneau
87474338,87474270,13.0,Morlaix,Landivisiau
87474338,87474320,5.0,Morlaix,Pleyber-Christ
87474338,87474411,5.0,Morlaix,Plouigneau
87474411,87473199,8.0,Plouigneau,Plounérin
87474411,87474338,6.0,Plouigneau,Morlaix
87476002,87474098,31.0,Lorient,Quimper
87476002,87474155,22.0,Lorient,Rosporden
87476002,87476200,15.0,Lorient,Auray
87476002,87476259,5.0,Lorient,Hennebont
87476002,87476309,6.0,Lorient,Gestel
87476002,87476317,10.0,Lorient,Quimperlé
87476002,87476606,23.0,Lorient,Vannes
87476200,87476002,15.0,Auray,Lorient
87476200,87476226,5.0,Auray,Landaul - Mendon
87476200,87476259,12.0,Auray,Hennebont
87476200,87476408,7.0,Auray,Belz - Ploemel
87476200,87476606,9.0,Auray,Vannes
87476200,87476648,3.0,Auray,Sainte-Anne
87476226,87476200,6.0,Landaul - Mendon,Auray
87476226,87476234,3.0,Landaul - Mendon,Landévant
87476234,87476226,3.0,Landévant,Landaul - Mendon
87476234,87476242,4.0,Landévant,Brandérion
87476234,87476259,7.0,Landévant,Hennebont
87476242,87476234,4.0,Brandérion,Landévant
87476242,87476259,5.0,Brandérion,Hennebont
87476259,87476002,5.0,Hennebont,Lorient
87476259,87476200,12.0,Hennebont,Auray
87476259,87476234,7.0,Hennebont,Landévant
87476259,87476242,5.0,Hennebont,Brandérion
87476267,87476416,4.0,Les Sables Blancs,Plouharnel - Carnac
87476267,87476424,3.0,Les Sables Blancs,Penthièvre
87476275,87476424,2.0,L'Isthme,Penthièvre
87476275,87476432,2.0,L'Isthme,Kerhostin
87476309,87476002,6.0,Gestel,Lorient
87476309,87476317,6.0,Gestel,Quimperlé
87476317,87474155,13.0,Quimperlé,Rosporden
87476317,87474189,8.0,Quimperlé,Bannalec
87476317,87476002,11.0,Quimperlé,Lorient
87476317,87476309,6.0,Quimperlé,Gestel
87476408,87476200,9.0,Belz - Ploemel,Auray
87476408,87476416,8.0,Belz - Ploemel,Plouharnel - Carnac
87476416,87476267,5.0,Plouharnel - Carnac,Les Sables Blancs
87476416,87476408,8.0,Plouharnel - Carnac,Belz - Ploemel
87476424,87476267,3.0,Penthièvre,Les Sables Blancs
87476424,87476275,2.0,Penthièvre,L'Isthme
87476432,87476275,2.0,Kerhostin,L'Isthme
87476432,87476440,2.0,Kerhostin,Saint-Pierre-Quiberon
87476440,87476432,2.0,Saint-Pierre-Quiberon,Kerhostin
87476440,87476457,6.0,Saint-Pierre-Quiberon,Quiberon
87476457,87476440,5.0,Quiberon,Saint-Pierre-Quiberon
87476606,87391003,143.0,Vannes,Paris Montparnasse Hall 1 - 2
87476606,87471003,55.0,Vannes,Rennes
87476606,87471300,23.0,Vannes,Redon
87476606,87476002,23.0,Vannes,Lorient
87476606,87476200,10.0,Vannes,Auray
87476606,87476648,9.0,Vannes,Sainte-Anne
87476606,87476671,12.0,Vannes,Questembert
87476648,87476200,3.0,Sainte-Anne,Auray
87476648,87476606,9.0,Sainte-Anne,Vannes
87476671,87471300,13.0,Questembert,Redon
87476671,87476606,12.0,Questembert,Vannes
87476671,87476689,6.0,Questembert,Malansac
87476689,87471300,8.0,Malansac,Redon
87476689,87476671,6.0,Malansac,Questembert
87476754,87471300,8.0,Sévérac,Redon
87476754,87476762,3.0,Sévérac,Saint-Gildas-des-bois
87476762,87476754,3.0,Saint-Gildas-des-bois,Sévérac
87476762,87476770,3.0,Saint-Gildas-des-bois,Drefféac
87476762,87481846,10.0,Saint-Gildas-des-bois,Pontchâteau
87476770,87476762,3.0,Drefféac,Saint-Gildas-des-bois
87476770,87481846,4.0,Drefféac,Pontchâteau
87476853,87192104,4.0,Remilly Place du 11 Novembre,Aubecourt Rue Principale
87476853,87192237,1.0,Remilly Place du 11 Novembre,Rémilly
87476861,87193532,1.0,Diebling Maison Forestière,Diebling Centre
87476861,87194019,1.0,Diebling Maison Forestière,Ebring Croisement
87476861,87406892,7.0,Diebling Maison Forestière,Farschviller Centre
87476879,87215327,6.0,Fénétrange Mairie,Mittersheim Centre
87476879,87406975,1.0,Fénétrange Mairie,Fénétrange Gendarmerie
87476879,87407122,1.0,Fénétrange Mairie,Fénétrange Carrefour des Étangs
87476887,87406975,1.0,Romelfling Rue de l'Europe,Fénétrange Gendarmerie
87476887,87477562,1.0,Romelfling Rue de l'Europe,Berthelming Mairie
87476911,87406975,2.0,Romelfing Église,Fénétrange Gendarmerie
87476911,87703595,8.0,Romelfing Église,Gosselming Mairie
87476929,87192245,4.0,Vatimont Mairie,Baudrecourt Centre
87476929,87193136,3.0,Vatimont Mairie,Han-sur-Nied Rue Principale
87476937,87191007,4.0,Yutz Saint-Vitus,Thionville
87476937,87191304,4.0,Yutz Saint-Vitus,Yutz Poitiers
87476937,87752675,3.0,Yutz Saint-Vitus,Thionville Porte Saarlouis
87477141,87406900,3.0,Welferding Rue de France,Sarreguemines Poste
87477158,87193219,2.0,Merten République,Merten Centre
87477158,87406769,5.0,Merten République,Falck Rue Principale
87477562,87476887,1.0,Berthelming Mairie,Romelfling Rue de l'Europe
87477562,87476911,2.0,Berthelming Mairie,Romelfing Église
87477562,87703561,1.0,Berthelming Mairie,Berthelming Rue Principale
87477562,87703587,2.0,Berthelming Mairie,Saint-Jean-de-Bassel Église
87477570,87194449,2.0,Rehon Poste,Réhon La Chapelle
87477570,87406686,2.0,Rehon Poste,Lexy Providence Usine
87477588,87194449,2.0,Longwy Route de Metz,Réhon La Chapelle
87477588,87406710,1.0,Longwy Route de Metz,Longwy Espace Bus
87477620,87215350,3.0,Sarrebourg Route de Phalsbourg,Sarraltroff Gare
87477620,87407031,2.0,Sarrebourg Route de Phalsbourg,Sarrebourg Méphisto
87477620,87407189,1.0,Sarrebourg Route de Phalsbourg,Sarrebourg Place Mathey
87477638,87215012,10.0,Sarrebourg LP Messmer,Sarrebourg
87477638,87407189,4.0,Sarrebourg LP Messmer,Sarrebourg Place Mathey
87477638,87477620,5.0,Sarrebourg LP Messmer,Sarrebourg Route de Phalsbourg
87477638,87477646,6.0,Sarrebourg LP Messmer,Sarrebourg Mairie
87477638,87703744,8.0,Sarrebourg LP Messmer,Sarrebourg Hôpital
87477646,87407189,6.0,Sarrebourg Mairie,Sarrebourg Place Mathey
87477646,87477638,4.0,Sarrebourg Mairie,Sarrebourg LP Messmer
87478016,87471458,3.0,Saint-Germain-sur-Ille,Chevaigné
87478016,87478024,3.0,Saint-Germain-sur-Ille,Saint-Médard-sur-Ille
87478024,87478016,3.0,Saint-Médard-sur-Ille,Saint-Germain-sur-Ille
87478024,87478032,3.0,Saint-Médard-sur-Ille,Montreuil-sur-Ille
87478032,87471003,21.0,Montreuil-sur-Ille,Rennes
87478032,87471391,13.0,Montreuil-sur-Ille,Pontchaillou
87478032,87478016,6.0,Montreuil-sur-Ille,Saint-Germain-sur-Ille
87478032,87478024,3.0,Montreuil-sur-Ille,Saint-Médard-sur-Ille
87478032,87478040,3.0,Montreuil-sur-Ille,Dingé
87478032,87478057,7.0,Montreuil-sur-Ille,Combourg
87478040,87471391,16.0,Dingé,Pontchaillou
87478040,87478032,3.0,Dingé,Montreuil-sur-Ille
87478040,87478057,5.0,Dingé,Combourg
87478057,87471003,24.0,Combourg,Rennes
87478057,87471391,19.0,Combourg,Pontchaillou
87478057,87478032,7.0,Combourg,Montreuil-sur-Ille
87478057,87478040,5.0,Combourg,Dingé
87478057,87478065,5.0,Combourg,Bonnemain
87478057,87478073,9.0,Combourg,Dol-de-Bretagne
87478065,87478057,5.0,Bonnemain,Combourg
87478065,87478073,5.0,Bonnemain,Dol-de-Bretagne
87478073,87471003,31.0,Dol-de-Bretagne,Rennes
87478073,87471391,27.0,Dol-de-Bretagne,Pontchaillou
87478073,87478057,9.0,Dol-de-Bretagne,Combourg
87478073,87478065,5.0,Dol-de-Bretagne,Bonnemain
87478073,87478081,5.0,Dol-de-Bretagne,La Fresnais
87478073,87478099,8.0,Dol-de-Bretagne,La Gouesnière - Cancale
87478073,87478107,13.0,Dol-de-Bretagne,Saint-Malo
87478073,87478123,6.0,Dol-de-Bretagne,Plerguer
87478073,87478149,12.0,Dol-de-Bretagne,Pleudihen
87478073,87478164,19.0,Dol-de-Bretagne,Dinan
87478073,87478263,14.0,Dol-de-Bretagne,Pontorson - Mont-Saint-Michel
87478081,87478073,6.0,La Fresnais,Dol-de-Bretagne
87478081,87478099,4.0,La Fresnais,La Gouesnière - Cancale
87478081,87478107,9.0,La Fresnais,Saint-Malo
87478099,87478073,8.0,La Gouesnière - Cancale,Dol-de-Bretagne
87478099,87478081,3.0,La Gouesnière - Cancale,La Fresnais
87478099,87478107,7.0,La Gouesnière - Cancale,Saint-Malo
87478107,87471003,42.0,Saint-Malo,Rennes
87478107,87478073,12.0,Saint-Malo,Dol-de-Bretagne
87478107,87478081,7.0,Saint-Malo,La Fresnais
87478107,87478099,5.0,Saint-Malo,La Gouesnière - Cancale
87478123,87478073,7.0,Plerguer,Dol-de-Bretagne
87478123,87478131,4.0,Plerguer,Miniac
87478131,87478123,4.0,Miniac,Plerguer
87478131,87478149,4.0,Miniac,Pleudihen
87478149,87478073,12.0,Pleudihen,Dol-de-Bretagne
87478149,87478131,4.0,Pleudihen,Miniac
87478149,87478156,4.0,Pleudihen,La Hisse
87478149,87478164,9.0,Pleudihen,Dinan
87478156,87478149,4.0,La Hisse,Pleudihen
87478156,87478164,6.0,La Hisse,Dinan
87478164,87478073,19.0,Dinan,Dol-de-Bretagne
87478164,87478149,8.0,Dinan,Pleudihen
87478164,87478156,5.0,Dinan,La Hisse
87478164,87478180,7.0,Dinan,Corseul - Languenan
87478180,87473272,7.0,Corseul - Languenan,Plancoët
87478180,87478164,7.0,Corseul - Languenan,Dinan
87478263,87321992,25.0,Pontorson - Mont-Saint-Michel,Le Mont-Saint-Michel
87478263,87448514,15.0,Pontorson - Mont-Saint-Michel,Avranches
87478263,87478073,15.0,Pontorson - Mont-Saint-Michel,Dol-de-Bretagne
87478404,87391003,72.0,Laval,Paris Montparnasse Hall 1 - 2
87478404,87396002,27.0,Laval,Le Mans
87478404,87396408,22.0,Laval,Sablé-sur-Sarthe
87478404,87471003,22.0,Laval,Rennes
87478404,87471508,17.0,Laval,Vitré
87478404,87478537,9.0,Laval,Montsûrs
87478404,87478552,14.0,Laval,Évron
87478404,87478743,6.0,Laval,Le Genest
87478404,87478750,9.0,Laval,Port-Brillet
87478537,87478404,11.0,Montsûrs,Laval
87478537,87478545,4.0,Montsûrs,Neau
87478537,87478552,6.0,Montsûrs,Évron
87478545,87478537,4.0,Neau,Montsûrs
87478545,87478552,4.0,Neau,Évron
87478552,87396234,11.0,Évron,Sillé-le-Guillaume
87478552,87478404,15.0,Évron,Laval
87478552,87478537,6.0,Évron,Montsûrs
87478552,87478545,4.0,Évron,Neau
87478552,87478560,5.0,Évron,Voutré
87478560,87396234,7.0,Voutré,Sillé-le-Guillaume
87478560,87478552,5.0,Voutré,Évron
87478693,87694687,13.0,Digoin Lycée,Paray-le-Monial
87478693,87694695,3.0,Digoin Lycée,Digoin
87478743,87478404,6.0,Le Genest,Laval
87478743,87478750,4.0,Le Genest,Port-Brillet
87478750,87478743,4.0,Port-Brillet,Le Genest
87478750,87478768,3.0,Port-Brillet,Saint-Pierre-la-Cour
87478768,87471508,7.0,Saint-Pierre-la-Cour,Vitré
87478768,87478750,3.0,Saint-Pierre-la-Cour,Port-Brillet
87478784,87677096,4.0,Le Guidon,Changy Tourny Monument
87478784,87694729,3.0,Le Guidon,Dyo
87481002,87354589,3.0,Nantes,Saint-Sébastien Pas Enchantés
87481002,87391003,117.0,Nantes,Paris Montparnasse Hall 1 - 2
87481002,87396002,119.0,Nantes,Le Mans
87481002,87462960,60.0,Nantes,Cholet Hôtel de Ville
87481002,87463125,30.0,Nantes,Sainte-Pazanne rue du Vigneau
87481002,87471003,76.0,Nantes,Rennes
87481002,87471300,41.0,Nantes,Redon
87481002,87481036,9.0,Nantes,Rezé Pont-Rousseau
87481002,87481051,4.0,Nantes,Chantenay
87481002,87481069,7.0,Nantes,La Basse Indre - Saint-Herblain
87481002,87481143,6.0,Nantes,Thouaré
87481002,87481192,17.0,Nantes,Ancenis
87481002,87481200,25.0,Nantes,Bouaye
87481002,87481366,45.0,Nantes,Machecoul
87481002,87481440,15.0,Nantes,Clisson
87481002,87481705,33.0,Nantes,Saint-Nazaire
87481002,87481804,9.0,Nantes,Couëron
87481002,87481812,13.0,Nantes,Saint-Étienne-de-Montluc
87481002,87481838,20.0,Nantes,Savenay
87481002,87484006,36.0,Nantes,Angers Saint-Laud
87481002,87486019,39.0,Nantes,La Roche-sur-Yon
87481002,87590331,8.0,Nantes,Haluchère Batignolles Beaujoire
87481036,87481002,8.0,Rezé Pont-Rousseau,Nantes
87481036,87481200,8.0,Rezé Pont-Rousseau,Bouaye
87481051,87481002,4.0,Chantenay,Nantes
87481051,87481069,3.0,Chantenay,La Basse Indre - Saint-Herblain
87481069,87481051,3.0,La Basse Indre - Saint-Herblain,Chantenay
87481069,87481804,3.0,La Basse Indre - Saint-Herblain,Couëron
87481143,87481002,7.0,Thouaré,Nantes
87481143,87481150,3.0,Thouaré,Mauves-sur-Loire
87481150,87481143,3.0,Mauves-sur-Loire,Thouaré
87481150,87481168,3.0,Mauves-sur-Loire,Le Cellier
87481168,87481150,3.0,Le Cellier,Mauves-sur-Loire
87481168,87481184,3.0,Le Cellier,Oudon
87481176,87481457,4.0,Boussay - La Bruffière,Cugand
87481176,87486894,6.0,Boussay - La Bruffière,Torfou
87481184,87481168,4.0,Oudon,Le Cellier
87481184,87481192,5.0,Oudon,Ancenis
87481184,87744177,6.0,Oudon,Ancenis Bis
87481192,87481002,17.0,Ancenis,Nantes
87481192,87481184,5.0,Ancenis,Oudon
87481192,87484006,22.0,Ancenis,Angers Saint-Laud
87481192,87484386,6.0,Ancenis,Varades - Saint-Florent-le-Vieil
87481200,87463125,20.0,Bouaye,Sainte-Pazanne rue du Vigneau
87481200,87481036,8.0,Bouaye,Rezé Pont-Rousseau
87481200,87481218,4.0,Bouaye,Port-Saint-Père - Saint-Mars
87481218,87481200,4.0,Port-Saint-Père - Saint-Mars,Bouaye
87481218,87481226,5.0,Port-Saint-Père - Saint-Mars,Sainte-Pazanne
87481226,87481200,9.0,Sainte-Pazanne,Bouaye
87481226,87481218,5.0,Sainte-Pazanne,Port-Saint-Père - Saint-Mars
87481226,87481234,4.0,Sainte-Pazanne,Saint-Hilaire-de-Chaléons
87481226,87481366,9.0,Sainte-Pazanne,Machecoul
87481234,87481226,4.0,Saint-Hilaire-de-Chaléons,Sainte-Pazanne
87481234,87481242,6.0,Saint-Hilaire-de-Chaléons,Bourgneuf-en-Retz
87481242,87481234,7.0,Bourgneuf-en-Retz,Saint-Hilaire-de-Chaléons
87481242,87481259,3.0,Bourgneuf-en-Retz,Les Moutiers-en-Retz
87481259,87481242,3.0,Les Moutiers-en-Retz,Bourgneuf-en-Retz
87481259,87481267,3.0,Les Moutiers-en-Retz,La Bernerie-en-Retz
87481267,87481259,3.0,La Bernerie-en-Retz,Les Moutiers-en-Retz
87481267,87481283,7.0,La Bernerie-en-Retz,Pornic
87481283,87481267,6.0,Pornic,La Bernerie-en-Retz
87481366,87463083,40.0,Machecoul,Nantes Pirmil
87481366,87463125,20.0,Machecoul,Sainte-Pazanne rue du Vigneau
87481366,87481226,9.0,Machecoul,Sainte-Pazanne
87481366,87481390,11.0,Machecoul,Challans
87481390,87389924,25.0,Challans,Saint-Hilaire-De-Riez
87481390,87481366,10.0,Challans,Machecoul
87481390,87486563,11.0,Challans,Saint-Hilaire-de-Riez
87481408,87354597,1.0,Vertou,Saint-Sébastien Frêne Rond
87481408,87481416,5.0,Vertou,La Haie-Fouassière
87481416,87481408,5.0,La Haie-Fouassière,Vertou
87481416,87481424,3.0,La Haie-Fouassière,Le Pallet
87481424,87481416,3.0,Le Pallet,La Haie-Fouassière
87481424,87481432,4.0,Le Pallet,Gorges
87481432,87481424,4.0,Gorges,Le Pallet
87481432,87481440,2.0,Gorges,Clisson
87481440,87481002,17.0,Clisson,Nantes
87481440,87481432,2.0,Clisson,Gorges
87481440,87481457,3.0,Clisson,Cugand
87481440,87481465,7.0,Clisson,Montaigu
87481440,87486019,26.0,Clisson,La Roche-sur-Yon
87481457,87481176,4.0,Cugand,Boussay - La Bruffière
87481457,87481440,4.0,Cugand,Clisson
87481465,87481440,7.0,Montaigu,Clisson
87481465,87486126,5.0,Montaigu,L'Herbergement - Les Brouzils
87481564,87590356,2.0,La Chapelle Centre,Erdre-Active
87481564,87590364,1.0,La Chapelle Centre,La Chapelle - Aulnay
87481598,87481614,9.0,Nort-sur-Erdre,Abbaretz
87481598,87590828,9.0,Nort-sur-Erdre,Sucé-sur-Erdre
87481614,87481598,9.0,Abbaretz,Nort-sur-Erdre
87481614,87481622,7.0,Abbaretz,Issé
87481622,87481614,7.0,Issé,Abbaretz
87481622,87590372,10.0,Issé,Châteaubriant Tram Train
87481648,87471367,15.0,Châteaubriant,Martigné-Ferchaud
87481689,87321745,1.0,La Croix de Méan,Penhoët
87481689,87481713,3.0,La Croix de Méan,Montoir-de-Bretagne
87481697,87481747,2.0,La Baule les Pins,Pornichet
87481697,87481754,2.0,La Baule les Pins,La Baule-Escoublac
87481705,87321745,1.0,Saint-Nazaire,Penhoët
87481705,87481002,34.0,Saint-Nazaire,Nantes
87481705,87481721,8.0,Saint-Nazaire,Donges
87481705,87481747,9.0,Saint-Nazaire,Pornichet
87481705,87481754,13.0,Saint-Nazaire,La Baule-Escoublac
87481705,87481838,13.0,Saint-Nazaire,Savenay
87481713,87481689,2.0,Montoir-de-Bretagne,La Croix de Méan
87481713,87481721,5.0,Montoir-de-Bretagne,Donges
87481721,87481713,4.0,Donges,Montoir-de-Bretagne
87481721,87481838,6.0,Donges,Savenay
87481747,87481697,2.0,Pornichet,La Baule les Pins
87481747,87481705,10.0,Pornichet,Saint-Nazaire
87481747,87481754,4.0,Pornichet,La Baule-Escoublac
87481754,87481697,2.0,La Baule-Escoublac,La Baule les Pins
87481754,87481705,13.0,La Baule-Escoublac,Saint-Nazaire
87481754,87481747,4.0,La Baule-Escoublac,Pornichet
87481754,87481762,3.0,La Baule-Escoublac,Le Pouliguen
87481754,87481788,8.0,La Baule-Escoublac,Le Croisic
87481762,87481754,3.0,Le Pouliguen,La Baule-Escoublac
87481762,87481770,3.0,Le Pouliguen,Batz-sur-Mer
87481762,87481788,6.0,Le Pouliguen,Le Croisic
87481770,87481762,3.0,Batz-sur-Mer,Le Pouliguen
87481770,87481788,3.0,Batz-sur-Mer,Le Croisic
87481788,87481754,8.0,Le Croisic,La Baule-Escoublac
87481788,87481762,5.0,Le Croisic,Le Pouliguen
87481788,87481770,2.0,Le Croisic,Batz-sur-Mer
87481804,87481002,10.0,Couëron,Nantes
87481804,87481069,3.0,Couëron,La Basse Indre - Saint-Herblain
87481804,87481812,5.0,Couëron,Saint-Étienne-de-Montluc
87481804,87481838,13.0,Couëron,Savenay
87481812,87481002,15.0,Saint-Étienne-de-Montluc,Nantes
87481812,87481804,5.0,Saint-Étienne-de-Montluc,Couëron
87481812,87481820,4.0,Saint-Étienne-de-Montluc,Cordemais
87481812,87481838,9.0,Saint-Étienne-de-Montluc,Savenay
87481820,87481812,4.0,Cordemais,Saint-Étienne-de-Montluc
87481820,87481838,6.0,Cordemais,Savenay
87481838,87321745,13.0,Savenay,Penhoët
87481838,87471300,22.0,Savenay,Redon
87481838,87481002,22.0,Savenay,Nantes
87481838,87481705,13.0,Savenay,Saint-Nazaire
87481838,87481721,6.0,Savenay,Donges
87481838,87481804,13.0,Savenay,Couëron
87481838,87481812,9.0,Savenay,Saint-Étienne-de-Montluc
87481838,87481820,6.0,Savenay,Cordemais
87481838,87481846,8.0,Savenay,Pontchâteau
87481846,87471300,16.0,Pontchâteau,Redon
87481846,87476770,4.0,Pontchâteau,Drefféac
87481846,87481838,8.0,Pontchâteau,Savenay
87484006,87391003,81.0,Angers Saint-Laud,Paris Montparnasse Hall 1 - 2
87484006,87393702,74.0,Angers Saint-Laud,Massy TGV
87484006,87396002,37.0,Angers Saint-Laud,Le Mans
87484006,87396408,19.0,Angers Saint-Laud,Sablé-sur-Sarthe
87484006,87481002,36.0,Angers Saint-Laud,Nantes
87484006,87481192,21.0,Angers Saint-Laud,Ancenis
87484006,87484048,2.0,Angers Saint-Laud,Angers Maître École
87484006,87484329,6.0,Angers Saint-Laud,Savennières - Béhuard
87484006,87484337,8.0,Angers Saint-Laud,La Possonnière
87484006,87487603,20.0,Angers Saint-Laud,Saumur
87484006,87487884,11.0,Angers Saint-Laud,La Ménitré
87484006,87571240,22.0,Angers Saint-Laud,Saint-Pierre-des-Corps
87484006,87701532,4.0,Angers Saint-Laud,Trélazé
87484048,87484006,2.0,Angers Maître École,Angers Saint-Laud
87484048,87484139,7.0,Angers Maître École,Le Vieux Briollay
87484048,87484147,9.0,Angers Maître École,Tiercé
87484139,87484006,9.0,Le Vieux Briollay,Angers Saint-Laud
87484139,87484048,6.0,Le Vieux Briollay,Angers Maître École
87484139,87484147,3.0,Le Vieux Briollay,Tiercé
87484147,87484006,10.0,Tiercé,Angers Saint-Laud
87484147,87484048,9.0,Tiercé,Angers Maître École
87484147,87484139,3.0,Tiercé,Le Vieux Briollay
87484147,87484154,3.0,Tiercé,Étriché - Châteauneuf
87484154,87484147,3.0,Étriché - Châteauneuf,Tiercé
87484154,87484170,5.0,Étriché - Châteauneuf,Morannes
87484170,87396408,7.0,Morannes,Sablé-sur-Sarthe
87484170,87484154,5.0,Morannes,Étriché - Châteauneuf
87484204,87484246,9.0,Chalonnes,Chemillé
87484204,87484337,4.0,Chalonnes,La Possonnière
87484246,87484204,9.0,Chemillé,Chalonnes
87484246,87484303,14.0,Chemillé,Cholet
87484303,87462960,7.0,Cholet,Cholet Hôtel de Ville
87484303,87484246,13.0,Cholet,Chemillé
87484303,87486894,15.0,Cholet,Torfou
87484329,87484006,8.0,Savennières - Béhuard,Angers Saint-Laud
87484329,87484337,2.0,Savennières - Béhuard,La Possonnière
87484337,87484006,9.0,La Possonnière,Angers Saint-Laud
87484337,87484204,4.0,La Possonnière,Chalonnes
87484337,87484329,2.0,La Possonnière,Savennières - Béhuard
87484337,87484352,7.0,La Possonnière,Champtocé-sur-Loire
87484352,87484006,15.0,Champtocé-sur-Loire,Angers Saint-Laud
87484352,87484337,7.0,Champtocé-sur-Loire,La Possonnière
87484352,87484360,3.0,Champtocé-sur-Loire,Ingrandes
87484360,87484352,3.0,Ingrandes,Champtocé-sur-Loire
87484360,87484386,5.0,Ingrandes,Varades - Saint-Florent-le-Vieil
87484386,87481192,6.0,Varades - Saint-Florent-le-Vieil,Ancenis
87484386,87484360,4.0,Varades - Saint-Florent-le-Vieil,Ingrandes
87484576,87721852,2.0,Lamure-sur-Azergues Collège,Grandris La Folletière
87484576,87721860,2.0,Lamure-sur-Azergues Collège,Lamure-sur-Azergues
87484584,87677138,20.0,Poule-les-Écharmeaux Mairie,Chauffailles Gambetta
87484584,87694778,19.0,Poule-les-Écharmeaux Mairie,Chauffailles
87484584,87721878,8.0,Poule-les-Écharmeaux Mairie,Saint-Nizier-d'Azergues
87484584,87721894,2.0,Poule-les-Écharmeaux Mairie,Poule
87485003,87437798,5.0,La Rochelle,La Rochelle Porte Dauphine
87485003,87437806,3.0,La Rochelle,Aytré Plage
87485003,87485110,7.0,La Rochelle,Châtelaillon
87485003,87485144,19.0,La Rochelle,Rochefort
87485003,87485185,7.0,La Rochelle,La Jarrie
87485003,87485227,18.0,La Rochelle,Surgères
87485003,87485300,34.0,La Rochelle,Niort
87485003,87486258,38.0,La Rochelle,Luçon
87485102,87437806,2.0,Angoulins sur Mer,Aytré Plage
87485102,87485110,3.0,Angoulins sur Mer,Châtelaillon
87485110,87485003,7.0,Châtelaillon,La Rochelle
87485110,87485102,3.0,Châtelaillon,Angoulins sur Mer
87485110,87485136,7.0,Châtelaillon,Saint-Laurent-de-la-Prée - Fouras
87485110,87485144,13.0,Châtelaillon,Rochefort
87485136,87485110,7.0,Saint-Laurent-de-la-Prée - Fouras,Châtelaillon
87485136,87485144,6.0,Saint-Laurent-de-la-Prée - Fouras,Rochefort
87485144,87485003,19.0,Rochefort,La Rochelle
87485144,87485110,12.0,Rochefort,Châtelaillon
87485144,87485136,6.0,Rochefort,Saint-Laurent-de-la-Prée - Fouras
87485144,87485151,5.0,Rochefort,Tonnay-Charente
87485144,87491001,27.0,Rochefort,Saintes
87485151,87485144,5.0,Tonnay-Charente,Rochefort
87485151,87491019,7.0,Tonnay-Charente,Bords
87485185,87485003,9.0,La Jarrie,La Rochelle
87485185,87485193,4.0,La Jarrie,Aigrefeuille Le Thou
87485193,87485185,4.0,Aigrefeuille Le Thou,La Jarrie
87485193,87485227,8.0,Aigrefeuille Le Thou,Surgères
87485227,87485003,19.0,Surgères,La Rochelle
87485227,87485193,8.0,Surgères,Aigrefeuille Le Thou
87485227,87485250,7.0,Surgères,Mauzé
87485227,87485300,18.0,Surgères,Niort
87485250,87485227,7.0,Mauzé,Surgères
87485250,87485268,3.0,Mauzé,Prin-Deyrançon
87485250,87485300,11.0,Mauzé,Niort
87485268,87485250,3.0,Prin-Deyrançon,Mauzé
87485268,87485300,10.0,Prin-Deyrançon,Niort
87485300,87391003,110.0,Niort,Paris Montparnasse Hall 1 - 2
87485300,87485003,37.0,Niort,La Rochelle
87485300,87485227,18.0,Niort,Surgères
87485300,87485250,11.0,Niort,Mauzé
87485300,87485268,10.0,Niort,Prin-Deyrançon
87485300,87485326,8.0,Niort,Fors
87485300,87485474,7.0,Niort,La Crèche
87485300,87485490,13.0,Niort,Saint-Maixent-L'École
87485300,87571240,63.0,Niort,Saint-Pierre-des-Corps
87485300,87575001,40.0,Niort,Poitiers
87485326,87485300,9.0,Fors,Niort
87485326,87485334,3.0,Fors,Marigny
87485334,87485326,3.0,Marigny,Fors
87485334,87485342,4.0,Marigny,Beauvoir-sur-Niort
87485342,87485334,3.0,Beauvoir-sur-Niort,Marigny
87485342,87485359,3.0,Beauvoir-sur-Niort,Prissé-la-Charrière
87485342,87491357,21.0,Beauvoir-sur-Niort,Saint-Jean-d'Angély
87485359,87485342,3.0,Prissé-la-Charrière,Beauvoir-sur-Niort
87485359,87491258,5.0,Prissé-la-Charrière,Villeneuve-la-Comtesse
87485474,87485300,7.0,La Crèche,Niort
87485474,87485490,6.0,La Crèche,Saint-Maixent-L'École
87485490,87485300,14.0,Saint-Maixent-L'École,Niort
87485490,87485474,7.0,Saint-Maixent-L'École,La Crèche
87485490,87485508,5.0,Saint-Maixent-L'École,La Mothe-Saint-Héray
87485490,87485524,11.0,Saint-Maixent-L'École,Pamproux
87485490,87485540,13.0,Saint-Maixent-L'École,Lusignan
87485490,87575001,30.0,Saint-Maixent-L'École,Poitiers
87485508,87485490,5.0,La Mothe-Saint-Héray,Saint-Maixent-L'École
87485508,87485524,4.0,La Mothe-Saint-Héray,Pamproux
87485524,87485490,8.0,Pamproux,Saint-Maixent-L'École
87485524,87485508,4.0,Pamproux,La Mothe-Saint-Héray
87485524,87485532,4.0,Pamproux,Rouillé
87485532,87485524,4.0,Rouillé,Pamproux
87485532,87485540,4.0,Rouillé,Lusignan
87485540,87485490,14.0,Lusignan,Saint-Maixent-L'École
87485540,87485532,4.0,Lusignan,Rouillé
87485540,87575001,15.0,Lusignan,Poitiers
87486019,87481002,41.0,La Roche-sur-Yon,Nantes
87486019,87481440,26.0,La Roche-sur-Yon,Clisson
87486019,87486142,7.0,La Roche-sur-Yon,Belleville-Vendée
87486019,87486258,22.0,La Roche-sur-Yon,Luçon
87486019,87486308,10.0,La Roche-sur-Yon,La Chaize-le-Vicomte
87486019,87486332,25.0,La Roche-sur-Yon,Chantonnay
87486019,87486423,13.0,La Roche-sur-Yon,La Mothe-Achard
87486019,87486449,25.0,La Roche-sur-Yon,Les Sables-d'Olonne
87486126,87481465,5.0,L'Herbergement - Les Brouzils,Montaigu
87486126,87486142,8.0,L'Herbergement - Les Brouzils,Belleville-Vendée
87486142,87486019,7.0,Belleville-Vendée,La Roche-sur-Yon
87486142,87486126,8.0,Belleville-Vendée,L'Herbergement - Les Brouzils
87486258,87485003,39.0,Luçon,La Rochelle
87486258,87486019,22.0,Luçon,La Roche-sur-Yon
87486308,87486019,11.0,La Chaize-le-Vicomte,La Roche-sur-Yon
87486308,87486316,3.0,La Chaize-le-Vicomte,Fougeré
87486316,87486308,3.0,Fougeré,La Chaize-le-Vicomte
87486316,87486324,3.0,Fougeré,Bournezeau
87486324,87486316,4.0,Bournezeau,Fougeré
87486324,87486332,10.0,Bournezeau,Chantonnay
87486332,87333005,24.0,Chantonnay,Pouzauges
87486332,87486019,25.0,Chantonnay,La Roche-sur-Yon
87486332,87486324,9.0,Chantonnay,Bournezeau
87486332,87487314,19.0,Chantonnay,Pouzauges
87486423,87486019,14.0,La Mothe-Achard,La Roche-sur-Yon
87486423,87486431,7.0,La Mothe-Achard,Olonne-sur-Mer
87486423,87486449,13.0,La Mothe-Achard,Les Sables-d'Olonne
87486431,87486423,7.0,Olonne-sur-Mer,La Mothe-Achard
87486431,87486449,6.0,Olonne-sur-Mer,Les Sables-d'Olonne
87486449,87486019,24.0,Les Sables-d'Olonne,La Roche-sur-Yon
87486449,87486423,11.0,Les Sables-d'Olonne,La Mothe-Achard
87486449,87486431,5.0,Les Sables-d'Olonne,Olonne-sur-Mer
87486563,87389924,1.0,Saint-Hilaire-de-Riez,Saint-Hilaire-De-Riez
87486563,87481390,11.0,Saint-Hilaire-de-Riez,Challans
87486563,87486571,4.0,Saint-Hilaire-de-Riez,Saint-Gilles-Croix-de-Vie
87486571,87486563,3.0,Saint-Gilles-Croix-de-Vie,Saint-Hilaire-de-Riez
87486894,87481176,5.0,Torfou,Boussay - La Bruffière
87486894,87484303,16.0,Torfou,Cholet
87487009,87344440,13.0,Thouars,Sainte-Gemme
87487009,87487249,20.0,Thouars,Bressuire
87487009,87487611,11.0,Thouars,Brion-près-Thouet
87487009,87487637,19.0,Thouars,Montreuil-Bellay
87487231,87344440,9.0,Noirterre,Sainte-Gemme
87487231,87487249,14.0,Noirterre,Bressuire
87487249,87487009,21.0,Bressuire,Thouars
87487249,87487231,14.0,Bressuire,Noirterre
87487249,87487280,12.0,Bressuire,Cerizay
87487280,87487249,12.0,Cerizay,Bressuire
87487280,87487298,7.0,Cerizay,Saint-Mesmin le Vieux
87487280,87487314,12.0,Cerizay,Pouzauges
87487298,87333005,10.0,Saint-Mesmin le Vieux,Pouzauges
87487298,87487280,10.0,Saint-Mesmin le Vieux,Cerizay
87487314,87486332,18.0,Pouzauges,Chantonnay
87487314,87487280,13.0,Pouzauges,Cerizay
87487603,87484006,20.0,Saumur,Angers Saint-Laud
87487603,87487637,20.0,Saumur,Montreuil-Bellay
87487603,87487876,8.0,Saumur,Les Rosiers-sur-Loire
87487603,87487884,11.0,Saumur,La Ménitré
87487603,87571000,32.0,Saumur,Tours
87487603,87571240,31.0,Saumur,Saint-Pierre-des-Corps
87487603,87571794,8.0,Saumur,Port Boulet
87487603,87571828,21.0,Saumur,Langeais
87487611,87487009,11.0,Brion-près-Thouet,Thouars
87487611,87487637,11.0,Brion-près-Thouet,Montreuil-Bellay
87487637,87487009,20.0,Montreuil-Bellay,Thouars
87487637,87487603,24.0,Montreuil-Bellay,Saumur
87487637,87487611,14.0,Montreuil-Bellay,Brion-près-Thouet
87487843,87487892,4.0,La Bohalle,Saint-Mathurin
87487843,87701532,4.0,La Bohalle,Trélazé
87487876,87487603,8.0,Les Rosiers-sur-Loire,Saumur
87487876,87487884,3.0,Les Rosiers-sur-Loire,La Ménitré
87487884,87484006,11.0,La Ménitré,Angers Saint-Laud
87487884,87487603,11.0,La Ménitré,Saumur
87487884,87487876,3.0,La Ménitré,Les Rosiers-sur-Loire
87487884,87487892,3.0,La Ménitré,Saint-Mathurin
87487892,87487843,4.0,Saint-Mathurin,La Bohalle
87487892,87487884,3.0,Saint-Mathurin,La Ménitré
87487892,87701532,25.0,Saint-Mathurin,Trélazé
87491001,87485144,27.0,Saintes,Rochefort
87491001,87491035,10.0,Saintes,Saint-Savinien
87491001,87491076,7.0,Saintes,Beillant
87491001,87491100,16.0,Saintes,Pons
87491001,87491142,36.0,Saintes,Jonzac
87491001,87491324,11.0,Saintes,Saint-Hilaire - Brizambourg
87491001,87491357,19.0,Saintes,Saint-Jean-d'Angély
87491001,87491449,18.0,Saintes,Cognac
87491001,87491811,17.0,Saintes,Saujon
87491019,87485151,7.0,Bords,Tonnay-Charente
87491019,87491035,6.0,Bords,Saint-Savinien
87491035,87491001,11.0,Saint-Savinien,Saintes
87491035,87491019,7.0,Saint-Savinien,Bords
87491076,87491001,7.0,Beillant,Saintes
87491076,87491449,12.0,Beillant,Cognac
87491100,87491001,15.0,Pons,Saintes
87491100,87491142,20.0,Pons,Jonzac
87491142,87491001,38.0,Jonzac,Saintes
87491142,87491100,21.0,Jonzac,Pons
87491142,87491183,17.0,Jonzac,Montendre
87491142,87581009,54.0,Jonzac,Bordeaux Saint-Jean
87491183,87491142,15.0,Montendre,Jonzac
87491183,87491191,6.0,Montendre,Bussac
87491183,87491209,12.0,Montendre,Saint-Mariens - Saint-Yzan
87491191,87491183,6.0,Bussac,Montendre
87491191,87491209,8.0,Bussac,Saint-Mariens - Saint-Yzan
87491209,87491183,9.0,Saint-Mariens - Saint-Yzan,Montendre
87491209,87491191,6.0,Saint-Mariens - Saint-Yzan,Bussac
87491209,87491217,3.0,Saint-Mariens - Saint-Yzan,Cavignac
87491209,87491241,10.0,Saint-Mariens - Saint-Yzan,Saint-André-de-Cubzac
87491217,87491209,4.0,Cavignac,Saint-Mariens - Saint-Yzan
87491217,87491225,5.0,Cavignac,Gauriaguet
87491225,87491217,4.0,Gauriaguet,Cavignac
87491225,87491233,3.0,Gauriaguet,Aubie - Saint-Antoine
87491233,87491225,3.0,Aubie - Saint-Antoine,Gauriaguet
87491233,87491241,3.0,Aubie - Saint-Antoine,Saint-André-de-Cubzac
87491241,87491209,10.0,Saint-André-de-Cubzac,Saint-Mariens - Saint-Yzan
87491241,87491233,3.0,Saint-André-de-Cubzac,Aubie - Saint-Antoine
87491241,87491266,2.0,Saint-André-de-Cubzac,Cubzac-les-Ponts
87491241,87581595,12.0,Saint-André-de-Cubzac,Cenon
87491258,87485359,5.0,Villeneuve-la-Comtesse,Prissé-la-Charrière
87491258,87491290,5.0,Villeneuve-la-Comtesse,Loulay
87491266,87491241,2.0,Cubzac-les-Ponts,Saint-André-de-Cubzac
87491266,87491274,4.0,Cubzac-les-Ponts,La Grave d'Ambarès
87491274,87491266,4.0,La Grave d'Ambarès,Cubzac-les-Ponts
87491274,87491282,4.0,La Grave d'Ambarès,Sainte-Eulalie - Carbon-Blanc
87491282,87491274,3.0,Sainte-Eulalie - Carbon-Blanc,La Grave d'Ambarès
87491282,87581595,4.0,Sainte-Eulalie - Carbon-Blanc,Cenon
87491290,87491258,5.0,Loulay,Villeneuve-la-Comtesse
87491290,87491357,10.0,Loulay,Saint-Jean-d'Angély
87491324,87491001,11.0,Saint-Hilaire - Brizambourg,Saintes
87491324,87491357,8.0,Saint-Hilaire - Brizambourg,Saint-Jean-d'Angély
87491357,87485342,21.0,Saint-Jean-d'Angély,Beauvoir-sur-Niort
87491357,87491001,18.0,Saint-Jean-d'Angély,Saintes
87491357,87491290,10.0,Saint-Jean-d'Angély,Loulay
87491357,87491324,7.0,Saint-Jean-d'Angély,Saint-Hilaire - Brizambourg
87491449,87491001,19.0,Cognac,Saintes
87491449,87491076,12.0,Cognac,Beillant
87491449,87491472,9.0,Cognac,Jarnac
87491472,87491449,9.0,Jarnac,Cognac
87491472,87491506,8.0,Jarnac,Châteauneuf-sur-Charente
87491506,87491472,8.0,Châteauneuf-sur-Charente,Jarnac
87491506,87583005,17.0,Châteauneuf-sur-Charente,Angoulême
87491803,87491811,7.0,Royan,Saujon
87491811,87491001,17.0,Saujon,Saintes
87491811,87491803,8.0,Saujon,Royan
87497222,87696294,13.0,Chantenay-Saint-Imbert Bourg,Saint-Pierre-le-Moûtier
87497222,87696302,3.0,Chantenay-Saint-Imbert Bourg,Chantenay-Saint-Imbert
87497461,87446179,2.0,Gallieni-Cancéropôle,Saint-Cyprien Arènes
87497461,87611301,3.0,Gallieni-Cancéropôle,Saint-Agne
87499897,87499913,2.0,Decize Café Bel-Air,Decize Ville
87499897,87691675,7.0,Decize Café Bel-Air,Verneuil
87499913,87499897,2.0,Decize Ville,Decize Café Bel-Air
87499913,87696484,3.0,Decize Ville,Decize
87499939,87500900,3.0,Imphy Grand Vernay,Saint-Ouen le Port des Bois
87499954,87499939,3.0,Imphy Square Lamartine,Imphy Grand Vernay
87499954,87696450,4.0,Imphy Square Lamartine,Imphy
87500082,87685776,10.0,Luzy Champs de Foire,Rémilly Le Charnay Pont Bulvin
87500082,87696534,3.0,Luzy Champs de Foire,Luzy
87500793,87599753,2.0,Nevers Le Mouesse ANPE,Nevers Petit Canal
87500793,87696005,9.0,Nevers Le Mouesse ANPE,Nevers
87500876,87696468,2.0,Saint-Ouen Arrêt Cars,Béard
87500900,87500876,1.0,Saint-Ouen le Port des Bois,Saint-Ouen Arrêt Cars
87500934,87500991,3.0,Sougy-sur-Loire BIF,Saint-Léger-des-Vignes Faubourg les Valettes
87500934,87533547,5.0,Sougy-sur-Loire BIF,Béard Bourg
87500991,87676874,1.0,Saint-Léger-des-Vignes Faubourg les Valettes,Saint-Léger-des-Vignes Mairie
87501049,87696633,1.0,Tannay Place de l'Église,Flez-Cuzy - Tannay
87501049,87696807,19.0,Tannay Place de l'Église,Clamecy
87503524,87734350,26.0,L'Habitarelle,Langogne
87503524,87783605,28.0,L'Habitarelle,Mende
87515601,87139865,3.0,Longeville-sur-Mogne Mairie,Lirey la Chapelle
87515601,87139873,2.0,Longeville-sur-Mogne Mairie,Machy
87533547,87500934,4.0,Béard Bourg,Sougy-sur-Loire BIF
87533547,87696468,1.0,Béard Bourg,Béard
87533596,87533612,0.0,Mulhouse Tour Nessel,Daguerre
87533596,87533646,0.0,Mulhouse Tour Nessel,Mulhouse Porte Haute
87533612,87472639,1.0,Daguerre,Zu Rhein
87533612,87533596,0.0,Daguerre,Mulhouse Tour Nessel
87533620,87533661,1.0,Mulhouse Gare Centrale,Mulhouse République
87533620,87659995,10.0,Mulhouse Gare Centrale,Dornach Gare Dmc
87533638,87533646,1.0,Mulhouse Mairie,Mulhouse Porte Haute
87533638,87533653,0.0,Mulhouse Mairie,Porte Jeune
87533646,87533596,0.0,Mulhouse Porte Haute,Mulhouse Tour Nessel
87533646,87533638,1.0,Mulhouse Porte Haute,Mulhouse Mairie
87533653,87533638,1.0,Porte Jeune,Mulhouse Mairie
87533653,87533661,2.0,Porte Jeune,Mulhouse République
87533661,87533620,2.0,Mulhouse République,Mulhouse Gare Centrale
87533661,87533653,1.0,Mulhouse République,Porte Jeune
87534099,87417907,30.0,Bort-les-Orgues Ville,Ussel Place Henri Queuille
87534099,87645705,3.0,Bort-les-Orgues Ville,Bort-les-Orgues
87534321,87472639,1.0,Mulhouse Dornach Tram Train,Zu Rhein
87534321,87534339,1.0,Mulhouse Dornach Tram Train,Mulhouse Musées
87534339,87534321,1.0,Mulhouse Musées,Mulhouse Dornach Tram Train
87534339,87534347,2.0,Mulhouse Musées,Lutterbach Tram-train
87534347,87181131,5.0,Lutterbach Tram-train,Graffenwald
87534347,87534339,2.0,Lutterbach Tram-train,Mulhouse Musées
87535096,87337089,5.0,Aubenas Gare Routière,Aubenas Place de la Paix
87535096,87337097,10.0,Aubenas Gare Routière,Lavilledieu Centre
87543009,87543017,3.0,Orléans,Les Aubrais
87543009,87543116,8.0,Orléans,Saint-Cyr-en-Val
87543009,87543165,24.0,Orléans,Salbris
87543009,87543371,7.0,Orléans,La Chapelle-Saint-Mesmin
87543009,87574004,25.0,Orléans,Blois - Chambord
87543009,87574137,11.0,Orléans,Meung-sur-Loire
87543009,87737411,15.0,Orléans,Les Aubrais Gare Routière
87543017,87543009,3.0,Les Aubrais,Orléans
87543017,87543033,4.0,Les Aubrais,Cercottes
87543017,87543074,16.0,Les Aubrais,Toury
87543017,87543116,8.0,Les Aubrais,Saint-Cyr-en-Val
87543017,87543165,23.0,Les Aubrais,Salbris
87543017,87545244,49.0,Les Aubrais,Juvisy
87543017,87547000,55.0,Les Aubrais,Paris Austerlitz
87543017,87571240,52.0,Les Aubrais,Saint-Pierre-des-Corps
87543017,87574004,22.0,Les Aubrais,Blois - Chambord
87543017,87574137,9.0,Les Aubrais,Meung-sur-Loire
87543017,87576009,34.0,Les Aubrais,Vierzon
87543017,87582478,412.0,Les Aubrais,Biganos Facture
87543017,87594333,307.0,Les Aubrais,Souillac
87543017,87611244,398.0,Les Aubrais,Montauban Ville Bourbon
87543017,87613000,353.0,Les Aubrais,Cahors
87543017,87686667,62.0,Les Aubrais,Paris Bercy Bourg. Pays d'Auv.
87543033,87543017,6.0,Cercottes,Les Aubrais
87543033,87543041,3.0,Cercottes,Chevilly
87543033,87737411,20.0,Cercottes,Les Aubrais Gare Routière
87543041,87543017,9.0,Chevilly,Les Aubrais
87543041,87543033,3.0,Chevilly,Cercottes
87543041,87543058,4.0,Chevilly,Artenay
87543058,87543033,7.0,Artenay,Cercottes
87543058,87543041,4.0,Artenay,Chevilly
87543058,87543066,4.0,Artenay,Château-Gaillard
87543066,87543058,6.0,Château-Gaillard,Artenay
87543066,87543074,4.0,Château-Gaillard,Toury
87543074,87543017,22.0,Toury,Les Aubrais
87543074,87543033,13.0,Toury,Cercottes
87543074,87543058,9.0,Toury,Artenay
87543074,87543066,4.0,Toury,Château-Gaillard
87543074,87543082,7.0,Toury,Boisseaux
87543074,87543090,9.0,Toury,Angerville
87543074,87545137,18.0,Toury,Étampes
87543082,87543074,5.0,Boisseaux,Toury
87543082,87543090,6.0,Boisseaux,Angerville
87543090,87543074,7.0,Angerville,Toury
87543090,87543082,4.0,Angerville,Boisseaux
87543090,87545111,3.0,Angerville,Monnerville
87543090,87545137,10.0,Angerville,Étampes
87543116,87543009,9.0,Saint-Cyr-en-Val,Orléans
87543116,87543017,8.0,Saint-Cyr-en-Val,Les Aubrais
87543116,87543124,6.0,Saint-Cyr-en-Val,La Ferté-Saint-Aubin
87543124,87543116,6.0,La Ferté-Saint-Aubin,Saint-Cyr-en-Val
87543124,87543140,8.0,La Ferté-Saint-Aubin,Lamotte-Beuvron
87543140,87543124,8.0,Lamotte-Beuvron,La Ferté-Saint-Aubin
87543140,87543157,4.0,Lamotte-Beuvron,Nouan-le-Fuzelier
87543140,87543165,9.0,Lamotte-Beuvron,Salbris
87543157,87543140,4.0,Nouan-le-Fuzelier,Lamotte-Beuvron
87543157,87543165,6.0,Nouan-le-Fuzelier,Salbris
87543165,87543009,27.0,Salbris,Orléans
87543165,87543017,23.0,Salbris,Les Aubrais
87543165,87543140,10.0,Salbris,Lamotte-Beuvron
87543165,87543157,6.0,Salbris,Nouan-le-Fuzelier
87543165,87543199,6.0,Salbris,Theillay
87543165,87576009,12.0,Salbris,Vierzon
87543165,87576082,9.0,Salbris,La Ferté-Imbault
87543199,87543165,6.0,Theillay,Salbris
87543199,87576009,7.0,Theillay,Vierzon
87543371,87543009,8.0,La Chapelle-Saint-Mesmin,Orléans
87543371,87543017,7.0,La Chapelle-Saint-Mesmin,Les Aubrais
87543371,87574111,3.0,La Chapelle-Saint-Mesmin,Chaingy Fourneaux Plage
87545111,87543090,3.0,Monnerville,Angerville
87545111,87545129,3.0,Monnerville,Guillerval
87545129,87545111,3.0,Guillerval,Monnerville
87545129,87545137,6.0,Guillerval,Étampes
87545137,87543074,17.0,Étampes,Toury
87545137,87543090,10.0,Étampes,Angerville
87545137,87545129,6.0,Étampes,Guillerval
87545137,87547000,31.0,Étampes,Paris Austerlitz
87545244,87393579,12.0,Juvisy,Massy-Palaiseau
87545244,87543017,48.0,Juvisy,Les Aubrais
87545244,87547000,13.0,Juvisy,Paris Austerlitz
87545525,87545657,11.0,Dourdan,Auneau
87545525,87547000,36.0,Dourdan,Paris Austerlitz
87545525,87686667,39.0,Dourdan,Paris Bercy Bourg. Pays d'Auv.
87545657,87545525,12.0,Auneau,Dourdan
87545657,87545707,13.0,Auneau,Voves
87545657,87547000,59.0,Auneau,Paris Austerlitz
87545707,87394007,23.0,Voves,Chartres
87545707,87545657,13.0,Voves,Auneau
87545707,87545731,12.0,Voves,Bonneval
87545731,87545707,12.0,Bonneval,Voves
87545731,87545756,9.0,Bonneval,Châteaudun
87545756,87545731,8.0,Châteaudun,Bonneval
87545756,87574509,10.0,Châteaudun,Cloyes
87546192,87393009,20.0,Pont de Rungis Aéroport d'Orly,Versailles Chantiers
87546192,87694109,78.0,Pont de Rungis Aéroport d'Orly,Le Creusot-TGV
87546192,87723197,115.0,Pont de Rungis Aéroport d'Orly,Lyon Part Dieu
87547000,87393579,24.0,Paris Austerlitz,Massy-Palaiseau
87547000,87543017,56.0,Paris Austerlitz,Les Aubrais
87547000,87543074,47.0,Paris Austerlitz,Toury
87547000,87545137,30.0,Paris Austerlitz,Étampes
87547000,87545244,12.0,Paris Austerlitz,Juvisy
87547000,87545525,34.0,Paris Austerlitz,Dourdan
87547000,87545657,49.0,Paris Austerlitz,Auneau
87547000,87576009,92.0,Paris Austerlitz,Vierzon
87547000,87594572,550.0,Paris Austerlitz,Saint-Denis-Près-Martel
87547000,87597062,118.0,Paris Austerlitz,Issoudun
87547000,87683003,70.0,Paris Austerlitz,Sens
87547000,87684001,75.0,Paris Austerlitz,Montargis
87547000,87696005,136.0,Paris Austerlitz,Nevers
87547000,87751081,548.0,Paris Austerlitz,Marseille Blancarde
87547000,87761783,455.0,Paris Austerlitz,Crest
87547000,87763300,561.0,Paris Austerlitz,Veynes Dévoluy
87547000,87775007,507.0,Paris Austerlitz,Nîmes Centre
87551945,87611004,20.0,Toulouse Argoulets,Toulouse Matabiau
87552141,87643460,5.0,Ribeauville Gare Routière,Bergheim Porte haute
87552141,87678474,6.0,Ribeauville Gare Routière,Guémar Rond-point Sony
87552141,87702068,6.0,Ribeauville Gare Routière,Zellenberg Route du Vin
87556506,87698662,95.0,Valence Gare Routière,St-Etienne-Châtcrx. G Routière
87556506,87698803,60.0,Valence Gare Routière,Vienne-Gare-Routière
87556506,87761460,30.0,Valence Gare Routière,Tournon-Centre
87556506,87761510,15.0,Valence Gare Routière,Charmes-sur-Rhône-centre
87556506,87761783,35.0,Valence Gare Routière,Crest
87556506,87763029,20.0,Valence Gare Routière,Valence TGV Rhône-Alpes Sud
87556522,87335521,100.0,Montelimar Gare Routière,Grenoble
87556522,87763029,60.0,Montelimar Gare Routière,Valence TGV Rhône-Alpes Sud
87556522,87766832,10.0,Montelimar Gare Routière,Le Teil Rond-point Bénistant
87559070,87691600,1.0,Nevers le Banlay,Les Perrières
87559070,87696450,8.0,Nevers le Banlay,Imphy
87562421,87734004,8.0,Aulnat Aéroport,Clermont-Ferrand
87562421,87734087,4.0,Aulnat Aéroport,Pont-du-Château
87565143,87756775,3.0,Halte de Fontanil - Lycée de Drap,Drap - Cantaron
87565143,87756783,3.0,Halte de Fontanil - Lycée de Drap,Peillon - Sainte-Thècle
87566919,87698324,7.0,Lentilly Charpenay,La Tour-de-Salvagny Centre
87566919,87721548,3.0,Lentilly Charpenay,La Tour-de-Salvagny
87566919,87721555,2.0,Lentilly Charpenay,Lentilly
87571000,87396606,30.0,Tours,Château-du-Loir
87571000,87427393,21.0,Tours,Monnaie Jean-Baptiste Moreau
87571000,87487603,31.0,Tours,Saumur
87571000,87571240,4.0,Tours,Saint-Pierre-des-Corps
87571000,87571273,12.0,Tours,Montlouis
87571000,87571406,25.0,Tours,Montbazon
87571000,87571505,7.0,Tours,Fondettes - Saint-Cyr-sur-Loire
87571000,87571513,10.0,Tours,La Membrolle-sur-Choisille
87571000,87571554,23.0,Tours,Saint-Paterne
87571000,87571836,11.0,Tours,Cinq-Mars-la-Pile
87571000,87571851,7.0,Tours,Saint-Genouph
87571000,87571885,5.0,Tours,Joué-lès-Tours
87571000,87574004,65.0,Tours,Blois - Chambord
87571000,87574343,35.0,Tours,Amboise
87571000,87574475,40.0,Tours,Bléré - la Croix
87571000,87575035,7.0,Tours,Monts
87571000,87575142,29.0,Tours,Châtellerault
87571216,87391003,44.0,Vendôme - Villiers-sur-Loir,Paris Montparnasse Hall 1 - 2
87571216,87571240,19.0,Vendôme - Villiers-sur-Loir,Saint-Pierre-des-Corps
87571216,87575001,46.0,Vendôme - Villiers-sur-Loir,Poitiers
87571240,87111849,115.0,Saint-Pierre-des-Corps,Marne-la-Vallée Chessy
87571240,87324095,41.0,Saint-Pierre-des-Corps,Futuroscope
87571240,87391003,56.0,Saint-Pierre-des-Corps,Paris Montparnasse Hall 1 - 2
87571240,87393702,50.0,Saint-Pierre-des-Corps,Massy TGV
87571240,87396606,34.0,Saint-Pierre-des-Corps,Château-du-Loir
87571240,87484006,25.0,Saint-Pierre-des-Corps,Angers Saint-Laud
87571240,87485300,62.0,Saint-Pierre-des-Corps,Niort
87571240,87487603,30.0,Saint-Pierre-des-Corps,Saumur
87571240,87543017,52.0,Saint-Pierre-des-Corps,Les Aubrais
87571240,87571000,4.0,Saint-Pierre-des-Corps,Tours
87571240,87571216,18.0,Saint-Pierre-des-Corps,Vendôme - Villiers-sur-Loir
87571240,87571273,4.0,Saint-Pierre-des-Corps,Montlouis
87571240,87571836,11.0,Saint-Pierre-des-Corps,Cinq-Mars-la-Pile
87571240,87571885,6.0,Saint-Pierre-des-Corps,Joué-lès-Tours
87571240,87574004,24.0,Saint-Pierre-des-Corps,Blois - Chambord
87571240,87574343,10.0,Saint-Pierre-des-Corps,Amboise
87571240,87574434,6.0,Saint-Pierre-des-Corps,Véretz - Montlouis
87571240,87574475,12.0,Saint-Pierre-des-Corps,Bléré - la Croix
87571240,87575001,30.0,Saint-Pierre-des-Corps,Poitiers
87571240,87575035,8.0,Saint-Pierre-des-Corps,Monts
87571240,87575142,25.0,Saint-Pierre-des-Corps,Châtellerault
87571240,87576009,58.0,Saint-Pierre-des-Corps,Vierzon
87571273,87571240,5.0,Montlouis,Saint-Pierre-des-Corps
87571273,87574343,6.0,Montlouis,Amboise
87571273,87574368,4.0,Montlouis,Noizay
87571406,87009696,7.0,Montbazon,La Douzillère
87571406,87571000,25.0,Montbazon,Tours
87571406,87571414,2.0,Montbazon,Veigné
87571414,87571406,2.0,Veigné,Montbazon
87571414,87571422,3.0,Veigné,Esvres-sur-Indre
87571422,87571414,3.0,Esvres-sur-Indre,Veigné
87571422,87571430,4.0,Esvres-sur-Indre,Cormery
87571430,87571422,5.0,Cormery,Esvres-sur-Indre
87571430,87571448,3.0,Cormery,Courcay - Tauxigny
87571430,87571471,25.0,Cormery,Loches
87571430,87644104,5.0,Cormery,Courcay Rouvre
87571448,87571430,3.0,Courcay - Tauxigny,Cormery
87571448,87571455,4.0,Courcay - Tauxigny,Reignac
87571455,87571448,3.0,Reignac,Courcay - Tauxigny
87571455,87571463,5.0,Reignac,Chambourg
87571463,87571455,6.0,Chambourg,Reignac
87571463,87571471,6.0,Chambourg,Loches
87571471,87337543,12.0,Loches,Chambourg-sur-Indre Chopin
87571471,87571463,6.0,Loches,Chambourg
87571505,87571000,7.0,Fondettes - Saint-Cyr-sur-Loire,Tours
87571505,87571513,4.0,Fondettes - Saint-Cyr-sur-Loire,La Membrolle-sur-Choisille
87571505,87571547,12.0,Fondettes - Saint-Cyr-sur-Loire,Neuillé-Pont-Pierre
87571505,87574699,8.0,Fondettes - Saint-Cyr-sur-Loire,Notre-Dame-d'Oé
87571513,87571505,3.0,La Membrolle-sur-Choisille,Fondettes - Saint-Cyr-sur-Loire
87571513,87571539,6.0,La Membrolle-sur-Choisille,Saint-Antoine-du-Rocher
87571539,87571000,16.0,Saint-Antoine-du-Rocher,Tours
87571539,87571505,8.0,Saint-Antoine-du-Rocher,Fondettes - Saint-Cyr-sur-Loire
87571539,87571513,6.0,Saint-Antoine-du-Rocher,La Membrolle-sur-Choisille
87571539,87571547,5.0,Saint-Antoine-du-Rocher,Neuillé-Pont-Pierre
87571547,87571539,5.0,Neuillé-Pont-Pierre,Saint-Antoine-du-Rocher
87571547,87571554,6.0,Neuillé-Pont-Pierre,Saint-Paterne
87571554,87396606,9.0,Saint-Paterne,Château-du-Loir
87571554,87571000,22.0,Saint-Paterne,Tours
87571554,87571547,6.0,Saint-Paterne,Neuillé-Pont-Pierre
87571604,87571612,5.0,Ballan,Druye
87571604,87571885,4.0,Ballan,Joué-lès-Tours
87571612,87571604,5.0,Druye,Ballan
87571612,87571638,7.0,Druye,Azay-le-Rideau
87571638,87571000,35.0,Azay-le-Rideau,Tours
87571638,87571612,7.0,Azay-le-Rideau,Druye
87571638,87571653,6.0,Azay-le-Rideau,Rivarennes
87571653,87571638,6.0,Rivarennes,Azay-le-Rideau
87571653,87571687,13.0,Rivarennes,Chinon
87571687,87571638,25.0,Chinon,Azay-le-Rideau
87571687,87571653,12.0,Chinon,Rivarennes
87571794,87487603,8.0,Port Boulet,Saumur
87571794,87571802,3.0,Port Boulet,La Chapelle-sur-Loire
87571794,87571828,10.0,Port Boulet,Langeais
87571802,87571794,3.0,La Chapelle-sur-Loire,Port Boulet
87571802,87571810,5.0,La Chapelle-sur-Loire,Saint-Patrice
87571810,87571802,5.0,Saint-Patrice,La Chapelle-sur-Loire
87571810,87571828,5.0,Saint-Patrice,Langeais
87571828,87571000,16.0,Langeais,Tours
87571828,87571794,10.0,Langeais,Port Boulet
87571828,87571810,5.0,Langeais,Saint-Patrice
87571828,87571836,3.0,Langeais,Cinq-Mars-la-Pile
87571836,87571000,12.0,Cinq-Mars-la-Pile,Tours
87571836,87571240,14.0,Cinq-Mars-la-Pile,Saint-Pierre-des-Corps
87571836,87571828,3.0,Cinq-Mars-la-Pile,Langeais
87571836,87571844,4.0,Cinq-Mars-la-Pile,Savonnières
87571844,87571000,11.0,Savonnières,Tours
87571844,87571836,4.0,Savonnières,Cinq-Mars-la-Pile
87571844,87571851,3.0,Savonnières,Saint-Genouph
87571851,87571000,8.0,Saint-Genouph,Tours
87571851,87571844,3.0,Saint-Genouph,Savonnières
87571885,87009696,3.0,Joué-lès-Tours,La Douzillère
87571885,87571000,6.0,Joué-lès-Tours,Tours
87571885,87571240,5.0,Joué-lès-Tours,Saint-Pierre-des-Corps
87571885,87571604,4.0,Joué-lès-Tours,Ballan
87574004,87543009,26.0,Blois - Chambord,Orléans
87574004,87543017,24.0,Blois - Chambord,Les Aubrais
87574004,87571000,60.0,Blois - Chambord,Tours
87574004,87571240,25.0,Blois - Chambord,Saint-Pierre-des-Corps
87574004,87574160,14.0,Blois - Chambord,Beaugency
87574004,87574194,9.0,Blois - Chambord,Mer
87574004,87574251,3.0,Blois - Chambord,La Chaussée-Saint-Victor
87574004,87574301,7.0,Blois - Chambord,Chouzy
87574004,87574319,7.0,Blois - Chambord,Onzain - Chaumont-sur-Loire
87574004,87574343,14.0,Blois - Chambord,Amboise
87574004,87744243,70.0,Blois - Chambord,Orléans Avenue de Paris
87574111,87543371,3.0,Chaingy Fourneaux Plage,La Chapelle-Saint-Mesmin
87574111,87574129,3.0,Chaingy Fourneaux Plage,Saint-Ay
87574129,87574111,3.0,Saint-Ay,Chaingy Fourneaux Plage
87574129,87574137,4.0,Saint-Ay,Meung-sur-Loire
87574137,87543009,12.0,Meung-sur-Loire,Orléans
87574137,87543017,10.0,Meung-sur-Loire,Les Aubrais
87574137,87574129,4.0,Meung-sur-Loire,Saint-Ay
87574137,87574152,2.0,Meung-sur-Loire,Baule
87574137,87574160,5.0,Meung-sur-Loire,Beaugency
87574137,87744243,45.0,Meung-sur-Loire,Orléans Avenue de Paris
87574152,87574137,3.0,Baule,Meung-sur-Loire
87574152,87574160,3.0,Baule,Beaugency
87574160,87543017,14.0,Beaugency,Les Aubrais
87574160,87574137,4.0,Beaugency,Meung-sur-Loire
87574160,87574152,3.0,Beaugency,Baule
87574160,87574194,6.0,Beaugency,Mer
87574160,87744243,45.0,Beaugency,Orléans Avenue de Paris
87574194,87574004,9.0,Mer,Blois - Chambord
87574194,87574160,6.0,Mer,Beaugency
87574194,87574236,3.0,Mer,Suèvres
87574236,87574194,4.0,Suèvres,Mer
87574236,87574244,4.0,Suèvres,Menars
87574244,87574236,4.0,Menars,Suèvres
87574244,87574251,4.0,Menars,La Chaussée-Saint-Victor
87574251,87574004,4.0,La Chaussée-Saint-Victor,Blois - Chambord
87574251,87574244,3.0,La Chaussée-Saint-Victor,Menars
87574301,87574004,6.0,Chouzy,Blois - Chambord
87574301,87574319,4.0,Chouzy,Onzain - Chaumont-sur-Loire
87574319,87574004,8.0,Onzain - Chaumont-sur-Loire,Blois - Chambord
87574319,87574301,4.0,Onzain - Chaumont-sur-Loire,Chouzy
87574319,87574327,4.0,Onzain - Chaumont-sur-Loire,Veuves - Monteaux
87574319,87574335,6.0,Onzain - Chaumont-sur-Loire,Limeray
87574319,87574343,8.0,Onzain - Chaumont-sur-Loire,Amboise
87574327,87574319,4.0,Veuves - Monteaux,Onzain - Chaumont-sur-Loire
87574327,87574343,7.0,Veuves - Monteaux,Amboise
87574335,87574319,6.0,Limeray,Onzain - Chaumont-sur-Loire
87574335,87574343,5.0,Limeray,Amboise
87574343,87571000,35.0,Amboise,Tours
87574343,87571240,11.0,Amboise,Saint-Pierre-des-Corps
87574343,87571273,7.0,Amboise,Montlouis
87574343,87574319,8.0,Amboise,Onzain - Chaumont-sur-Loire
87574343,87574327,10.0,Amboise,Veuves - Monteaux
87574343,87574335,4.0,Amboise,Limeray
87574343,87574368,4.0,Amboise,Noizay
87574368,87571273,5.0,Noizay,Montlouis
87574368,87574343,5.0,Noizay,Amboise
87574434,87571240,6.0,Véretz - Montlouis,Saint-Pierre-des-Corps
87574434,87574442,2.0,Véretz - Montlouis,Azay-sur-Cher
87574442,87574434,3.0,Azay-sur-Cher,Véretz - Montlouis
87574442,87574459,2.0,Azay-sur-Cher,Saint-Martin-le-Beau
87574459,87574442,3.0,Saint-Martin-le-Beau,Azay-sur-Cher
87574459,87574475,4.0,Saint-Martin-le-Beau,Bléré - la Croix
87574475,87571000,40.0,Bléré - la Croix,Tours
87574475,87571240,13.0,Bléré - la Croix,Saint-Pierre-des-Corps
87574475,87574459,4.0,Bléré - la Croix,Saint-Martin-le-Beau
87574475,87574491,4.0,Bléré - la Croix,Chenonceaux
87574475,87574897,40.0,Bléré - la Croix,Saint-Aignan - Noyers
87574491,87574475,4.0,Chenonceaux,Bléré - la Croix
87574491,87574848,4.0,Chenonceaux,Chissay-en-Touraine
87574491,87574855,5.0,Chenonceaux,Montrichard
87574509,87545756,10.0,Cloyes,Châteaudun
87574509,87574533,10.0,Cloyes,Fréteval - Morée
87574533,87574509,10.0,Fréteval - Morée,Cloyes
87574533,87574541,5.0,Fréteval - Morée,Pezou
87574541,87574533,5.0,Pezou,Fréteval - Morée
87574541,87574558,8.0,Pezou,Vendôme
87574558,87574541,8.0,Vendôme,Pezou
87574558,87574640,11.0,Vendôme,Saint-Amand de Vendôme
87574640,87574558,12.0,Saint-Amand de Vendôme,Vendôme
87574640,87574665,12.0,Saint-Amand de Vendôme,Château-Renault
87574665,87427393,15.0,Château-Renault,Monnaie Jean-Baptiste Moreau
87574665,87574640,12.0,Château-Renault,Saint-Amand de Vendôme
87574665,87574681,9.0,Château-Renault,Monnaie
87574681,87574665,9.0,Monnaie,Château-Renault
87574681,87574699,6.0,Monnaie,Notre-Dame-d'Oé
87574699,87571505,8.0,Notre-Dame-d'Oé,Fondettes - Saint-Cyr-sur-Loire
87574699,87574681,6.0,Notre-Dame-d'Oé,Monnaie
87574848,87574491,4.0,Chissay-en-Touraine,Chenonceaux
87574848,87574855,2.0,Chissay-en-Touraine,Montrichard
87574855,87328195,7.0,Montrichard,Thésée
87574855,87574491,4.0,Montrichard,Chenonceaux
87574855,87574848,2.0,Montrichard,Chissay-en-Touraine
87574855,87574897,10.0,Montrichard,Saint-Aignan - Noyers
87574897,87328195,4.0,Saint-Aignan - Noyers,Thésée
87574897,87574475,40.0,Saint-Aignan - Noyers,Bléré - la Croix
87574897,87574855,9.0,Saint-Aignan - Noyers,Montrichard
87574897,87576009,60.0,Saint-Aignan - Noyers,Vierzon
87574897,87576868,7.0,Saint-Aignan - Noyers,Selles-sur-Cher
87575001,87324095,7.0,Poitiers,Futuroscope
87575001,87391003,78.0,Poitiers,Paris Montparnasse Hall 1 - 2
87575001,87393702,74.0,Poitiers,Massy TGV
87575001,87485300,40.0,Poitiers,Niort
87575001,87485490,29.0,Poitiers,Saint-Maixent-L'École
87575001,87485540,14.0,Poitiers,Lusignan
87575001,87571216,51.0,Poitiers,Vendôme - Villiers-sur-Loir
87575001,87571240,29.0,Poitiers,Saint-Pierre-des-Corps
87575001,87575142,14.0,Poitiers,Châtellerault
87575001,87575225,5.0,Poitiers,Chasseneuil-du-Poitou
87575001,87575274,4.0,Poitiers,Ligugé
87575001,87575704,9.0,Poitiers,Mignaloux - Nouaillé
87575001,87581009,58.0,Poitiers,Bordeaux Saint-Jean
87575001,87583005,36.0,Poitiers,Angoulême
87575035,87571000,9.0,Monts,Tours
87575035,87571240,9.0,Monts,Saint-Pierre-des-Corps
87575035,87575043,5.0,Monts,Villeperdue
87575035,87575050,30.0,Monts,Sainte-Maure - Noyant
87575043,87575035,5.0,Villeperdue,Monts
87575043,87575050,6.0,Villeperdue,Sainte-Maure - Noyant
87575050,87575035,30.0,Sainte-Maure - Noyant,Monts
87575050,87575043,7.0,Sainte-Maure - Noyant,Villeperdue
87575050,87575068,3.0,Sainte-Maure - Noyant,Maillé
87575050,87575076,20.0,Sainte-Maure - Noyant,Port-de-Piles
87575068,87575050,4.0,Maillé,Sainte-Maure - Noyant
87575068,87575076,3.0,Maillé,Port-de-Piles
87575076,87571000,23.0,Port-de-Piles,Tours
87575076,87575050,20.0,Port-de-Piles,Sainte-Maure - Noyant
87575076,87575068,3.0,Port-de-Piles,Maillé
87575076,87575118,3.0,Port-de-Piles,Les Ormes
87575076,87575126,4.0,Port-de-Piles,Dangé-Saint-Romain
87575118,87575076,3.0,Les Ormes,Port-de-Piles
87575118,87575126,3.0,Les Ormes,Dangé-Saint-Romain
87575126,87575076,5.0,Dangé-Saint-Romain,Port-de-Piles
87575126,87575118,3.0,Dangé-Saint-Romain,Les Ormes
87575126,87575134,5.0,Dangé-Saint-Romain,Ingrandes sur Vienne
87575126,87575142,7.0,Dangé-Saint-Romain,Châtellerault
87575134,87575126,5.0,Ingrandes sur Vienne,Dangé-Saint-Romain
87575134,87575142,4.0,Ingrandes sur Vienne,Châtellerault
87575142,87324095,11.0,Châtellerault,Futuroscope
87575142,87391003,80.0,Châtellerault,Paris Montparnasse Hall 1 - 2
87575142,87571240,27.0,Châtellerault,Saint-Pierre-des-Corps
87575142,87575001,17.0,Châtellerault,Poitiers
87575142,87575126,7.0,Châtellerault,Dangé-Saint-Romain
87575142,87575134,4.0,Châtellerault,Ingrandes sur Vienne
87575142,87575167,3.0,Châtellerault,Nerpuy
87575167,87575142,3.0,Nerpuy,Châtellerault
87575167,87575175,3.0,Nerpuy,Naintré les Barres
87575175,87575142,11.0,Naintré les Barres,Châtellerault
87575175,87575167,3.0,Naintré les Barres,Nerpuy
87575175,87575183,4.0,Naintré les Barres,La Tricherie
87575183,87575175,3.0,La Tricherie,Naintré les Barres
87575183,87575191,3.0,La Tricherie,Dissay
87575191,87575183,2.0,Dissay,La Tricherie
87575191,87575217,3.0,Dissay,Jaunay-Clan
87575217,87324095,2.0,Jaunay-Clan,Futuroscope
87575217,87575183,8.0,Jaunay-Clan,La Tricherie
87575217,87575191,3.0,Jaunay-Clan,Dissay
87575225,87324095,2.0,Chasseneuil-du-Poitou,Futuroscope
87575225,87575001,6.0,Chasseneuil-du-Poitou,Poitiers
87575274,87575001,5.0,Ligugé,Poitiers
87575274,87575290,6.0,Ligugé,Vivonne
87575274,87577403,3.0,Ligugé,Iteuil
87575290,87575274,7.0,Vivonne,Ligugé
87575290,87575332,5.0,Vivonne,Anché - Voulon
87575290,87575365,15.0,Vivonne,Saint-Saviol
87575290,87577403,5.0,Vivonne,Iteuil
87575332,87575290,5.0,Anché - Voulon,Vivonne
87575332,87575357,7.0,Anché - Voulon,Épanvilliers
87575332,87575365,11.0,Anché - Voulon,Saint-Saviol
87575357,87575332,7.0,Épanvilliers,Anché - Voulon
87575357,87575365,5.0,Épanvilliers,Saint-Saviol
87575365,87575290,15.0,Saint-Saviol,Vivonne
87575365,87575332,11.0,Saint-Saviol,Anché - Voulon
87575365,87575357,5.0,Saint-Saviol,Épanvilliers
87575365,87583849,7.0,Saint-Saviol,Ruffec
87575480,87575498,7.0,Montmorillon,Lathus
87575480,87575845,8.0,Montmorillon,Lussac-les-Châteaux
87575480,87592543,16.0,Montmorillon,Le Dorat
87575498,87575480,7.0,Lathus,Montmorillon
87575498,87592543,10.0,Lathus,Le Dorat
87575704,87575001,10.0,Mignaloux - Nouaillé,Poitiers
87575704,87575845,16.0,Mignaloux - Nouaillé,Lussac-les-Châteaux
87575845,87575480,8.0,Lussac-les-Châteaux,Montmorillon
87575845,87575704,16.0,Lussac-les-Châteaux,Mignaloux - Nouaillé
87576009,87543009,42.0,Vierzon,Orléans
87576009,87543017,33.0,Vierzon,Les Aubrais
87576009,87543165,11.0,Vierzon,Salbris
87576009,87543199,6.0,Vierzon,Theillay
87576009,87547000,90.0,Vierzon,Paris Austerlitz
87576009,87571240,59.0,Vierzon,Saint-Pierre-des-Corps
87576009,87574897,33.0,Vierzon,Saint-Aignan - Noyers
87576009,87576090,3.0,Vierzon,Vierzon Forges
87576009,87576116,9.0,Vierzon,Mehun-sur-Yèvre
87576009,87576207,16.0,Vierzon,Bourges
87576009,87576272,22.0,Vierzon,Saint-Florent-sur-Cher
87576009,87576322,60.0,Vierzon,Saint-Amand-Montrond - Orval
87576009,87576728,11.0,Vierzon,Mennetou-sur-Cher
87576009,87576884,16.0,Vierzon,Villefranche-sur-Cher
87576009,87597005,29.0,Vierzon,Châteauroux
87576009,87597039,10.0,Vierzon,Reuilly
87576009,87597062,18.0,Vierzon,Issoudun
87576009,87641001,95.0,Vierzon,Montluçon
87576009,87686667,95.0,Vierzon,Paris Bercy Bourg. Pays d'Auv.
87576025,87576173,3.0,Romorantin Blanc Argent,Faubourg d'Orléans
87576025,87576181,5.0,Romorantin Blanc Argent,Les Quatre Roues
87576025,87699223,9.0,Romorantin Blanc Argent,Base Aérienne
87576082,87543165,9.0,La Ferté-Imbault,Salbris
87576082,87576140,4.0,La Ferté-Imbault,Selles-Saint-Denis
87576090,87576009,5.0,Vierzon Forges,Vierzon
87576090,87576108,4.0,Vierzon Forges,Foëcy
87576108,87576090,4.0,Foëcy,Vierzon Forges
87576108,87576116,4.0,Foëcy,Mehun-sur-Yèvre
87576116,87576009,10.0,Mehun-sur-Yèvre,Vierzon
87576116,87576108,4.0,Mehun-sur-Yèvre,Foëcy
87576116,87576132,5.0,Mehun-sur-Yèvre,Marmagne
87576116,87576207,9.0,Mehun-sur-Yèvre,Bourges
87576132,87576116,5.0,Marmagne,Mehun-sur-Yèvre
87576132,87576207,6.0,Marmagne,Bourges
87576140,87576082,4.0,Selles-Saint-Denis,La Ferté-Imbault
87576140,87576157,5.0,Selles-Saint-Denis,Loreux
87576140,87576165,9.0,Selles-Saint-Denis,Villeherviers
87576157,87576140,7.0,Loreux,Selles-Saint-Denis
87576157,87576165,4.0,Loreux,Villeherviers
87576165,87576140,9.0,Villeherviers,Selles-Saint-Denis
87576165,87576157,4.0,Villeherviers,Loreux
87576165,87576173,5.0,Villeherviers,Faubourg d'Orléans
87576173,87576025,3.0,Faubourg d'Orléans,Romorantin Blanc Argent
87576173,87576165,5.0,Faubourg d'Orléans,Villeherviers
87576181,87576025,5.0,Les Quatre Roues,Romorantin Blanc Argent
87576181,87699223,2.0,Les Quatre Roues,Base Aérienne
87576199,87576876,6.0,Pruniers,Gièvres
87576199,87699223,2.0,Pruniers,Base Aérienne
87576207,87576009,16.0,Bourges,Vierzon
87576207,87576116,8.0,Bourges,Mehun-sur-Yèvre
87576207,87576132,5.0,Bourges,Marmagne
87576207,87576272,12.0,Bourges,Saint-Florent-sur-Cher
87576207,87576405,4.0,Bourges,Saint-Germain-du-Puy
87576207,87576439,12.0,Bourges,Avord
87576207,87696005,35.0,Bourges,Nevers
87576207,87696260,31.0,Bourges,Saincaize
87576215,87576231,7.0,Valençay,Varennes-sur-Fouzon
87576215,87576355,11.0,Valençay,La Gauterie
87576215,87766824,5.0,Valençay,Valençay Collège Alain Fournier
87576223,87576231,6.0,Chabris,Varennes-sur-Fouzon
87576223,87576876,6.0,Chabris,Gièvres
87576231,87576215,7.0,Varennes-sur-Fouzon,Valençay
87576231,87576223,6.0,Varennes-sur-Fouzon,Chabris
87576272,87576009,23.0,Saint-Florent-sur-Cher,Vierzon
87576272,87576207,13.0,Saint-Florent-sur-Cher,Bourges
87576272,87576280,5.0,Saint-Florent-sur-Cher,Lunery
87576272,87576298,11.0,Saint-Florent-sur-Cher,Châteauneuf-sur-Cher
87576280,87576272,5.0,Lunery,Saint-Florent-sur-Cher
87576280,87576298,7.0,Lunery,Châteauneuf-sur-Cher
87576298,87576272,11.0,Châteauneuf-sur-Cher,Saint-Florent-sur-Cher
87576298,87576280,7.0,Châteauneuf-sur-Cher,Lunery
87576298,87576306,6.0,Châteauneuf-sur-Cher,Bigny
87576298,87576322,18.0,Châteauneuf-sur-Cher,Saint-Amand-Montrond - Orval
87576306,87576298,6.0,Bigny,Châteauneuf-sur-Cher
87576306,87576322,13.0,Bigny,Saint-Amand-Montrond - Orval
87576322,87409490,15.0,Saint-Amand-Montrond - Orval,Urcay Hôtel du Lyon d'Or
87576322,87576009,57.0,Saint-Amand-Montrond - Orval,Vierzon
87576322,87576298,18.0,Saint-Amand-Montrond - Orval,Châteauneuf-sur-Cher
87576322,87576306,13.0,Saint-Amand-Montrond - Orval,Bigny
87576322,87576348,11.0,Saint-Amand-Montrond - Orval,Urçay
87576322,87641001,60.0,Saint-Amand-Montrond - Orval,Montluçon
87576322,87641357,17.0,Saint-Amand-Montrond - Orval,Vallon-en-Sully
87576348,87576322,11.0,Urçay,Saint-Amand-Montrond - Orval
87576348,87641357,7.0,Urçay,Vallon-en-Sully
87576355,87576215,8.0,La Gauterie,Valençay
87576355,87576363,4.0,La Gauterie,Luçay-le-Mâle
87576363,87576355,7.0,Luçay-le-Mâle,La Gauterie
87576363,87733733,5.0,Luçay-le-Mâle,Lucay-le-Mâle Champ de Foire
87576405,87576207,5.0,Saint-Germain-du-Puy,Bourges
87576405,87576439,8.0,Saint-Germain-du-Puy,Avord
87576439,87576207,12.0,Avord,Bourges
87576439,87576405,8.0,Avord,Saint-Germain-du-Puy
87576439,87576447,5.0,Avord,Bengy
87576439,87696005,26.0,Avord,Nevers
87576439,87696260,20.0,Avord,Saincaize
87576447,87576439,5.0,Bengy,Avord
87576447,87576454,4.0,Bengy,Nérondes
87576454,87576447,4.0,Nérondes,Bengy
87576454,87576470,7.0,Nérondes,La Guerche-sur-l'Aubois
87576470,87576454,7.0,La Guerche-sur-l'Aubois,Nérondes
87576470,87696005,12.0,La Guerche-sur-l'Aubois,Nevers
87576470,87696260,8.0,La Guerche-sur-l'Aubois,Saincaize
87576728,87576009,11.0,Mennetou-sur-Cher,Vierzon
87576728,87576884,5.0,Mennetou-sur-Cher,Villefranche-sur-Cher
87576868,87574897,7.0,Selles-sur-Cher,Saint-Aignan - Noyers
87576868,87576876,5.0,Selles-sur-Cher,Gièvres
87576876,87576199,6.0,Gièvres,Pruniers
87576876,87576223,6.0,Gièvres,Chabris
87576876,87576868,5.0,Gièvres,Selles-sur-Cher
87576876,87576884,4.0,Gièvres,Villefranche-sur-Cher
87576884,87576009,16.0,Villefranche-sur-Cher,Vierzon
87576884,87576728,5.0,Villefranche-sur-Cher,Mennetou-sur-Cher
87576884,87576876,5.0,Villefranche-sur-Cher,Gièvres
87577403,87575274,3.0,Iteuil,Ligugé
87577403,87575290,4.0,Iteuil,Vivonne
87578229,87338152,1.0,Bayard-Route-Eurville,Gourzon
87578229,87402826,5.0,Bayard-Route-Eurville,Bienville
87580340,87751008,5.0,Marseille Arenc Euroméditerranée,Marseille Saint-Charles
87580340,87751602,9.0,Marseille Arenc Euroméditerranée,L'Estaque
87581009,87278259,25.0,Bordeaux Saint-Jean,Mérignac Arlac
87581009,87391003,122.0,Bordeaux Saint-Jean,Paris Montparnasse Hall 1 - 2
87581009,87393702,116.0,Bordeaux Saint-Jean,Massy TGV
87581009,87491142,45.0,Bordeaux Saint-Jean,Jonzac
87581009,87571216,87.0,Bordeaux Saint-Jean,Vendôme - Villiers-sur-Loir
87581009,87571240,79.0,Bordeaux Saint-Jean,Saint-Pierre-des-Corps
87581009,87575001,59.0,Bordeaux Saint-Jean,Poitiers
87581009,87581595,3.0,Bordeaux Saint-Jean,Cenon
87581009,87581751,4.0,Bordeaux Saint-Jean,Pessac
87581009,87581801,3.0,Bordeaux Saint-Jean,Bègles
87581009,87581835,15.0,Bordeaux Saint-Jean,Villenave-d'Ornon
87581009,87582478,19.0,Bordeaux Saint-Jean,Biganos Facture
87581009,87582536,36.0,Bordeaux Saint-Jean,Ychoux
87581009,87582700,20.0,Bordeaux Saint-Jean,Beautiran
87581009,87582775,40.0,Bordeaux Saint-Jean,Langon
87581009,87583005,34.0,Bordeaux Saint-Jean,Angoulême
87581009,87584052,17.0,Bordeaux Saint-Jean,Libourne
87581009,87586008,71.0,Bordeaux Saint-Jean,Agen
87581009,87586545,47.0,Bordeaux Saint-Jean,Marmande
87581009,87611004,140.0,Bordeaux Saint-Jean,Toulouse Matabiau
87581009,87611244,108.0,Bordeaux Saint-Jean,Montauban Ville Bourbon
87581009,87673202,69.0,Bordeaux Saint-Jean,Dax
87581009,87748350,3.0,Bordeaux Saint-Jean,Talence-Médoquine
87581181,87581199,3.0,Ludon,Macau
87581181,87581710,2.0,Ludon,Parempuyre
87581199,87581181,3.0,Macau,Ludon
87581199,87581215,5.0,Macau,Margaux
87581199,87581728,8.0,Macau,Blanquefort
87581215,87581199,5.0,Margaux,Macau
87581215,87581231,5.0,Margaux,Moulis - Listrac
87581215,87581256,17.0,Margaux,Pauillac
87581231,87581215,5.0,Moulis - Listrac,Margaux
87581231,87581256,11.0,Moulis - Listrac,Pauillac
87581256,87581215,17.0,Pauillac,Margaux
87581256,87581231,11.0,Pauillac,Moulis - Listrac
87581256,87581314,14.0,Pauillac,Lesparre
87581314,87581256,14.0,Lesparre,Pauillac
87581314,87581371,21.0,Lesparre,Soulac-sur-Mer
87581371,87581314,22.0,Soulac-sur-Mer,Lesparre
87581371,87581389,7.0,Soulac-sur-Mer,Le Verdon
87581389,87581371,6.0,Le Verdon,Soulac-sur-Mer
87581389,87581397,3.0,Le Verdon,Pointe de Grave
87581397,87581389,3.0,Pointe de Grave,Le Verdon
87581538,87278259,2.0,Caudéran-Mérignac,Mérignac Arlac
87581538,87738096,3.0,Caudéran-Mérignac,Le Bouscat Sainte-Germaine
87581595,87491241,13.0,Cenon,Saint-André-de-Cubzac
87581595,87491282,4.0,Cenon,Sainte-Eulalie - Carbon-Blanc
87581595,87581009,4.0,Cenon,Bordeaux Saint-Jean
87581595,87581850,4.0,Cenon,Bassens
87581595,87584052,16.0,Cenon,Libourne
87581595,87584730,10.0,Cenon,Saint-Loubès
87581595,87584755,6.0,Cenon,La Gorp
87581710,87581181,2.0,Parempuyre,Ludon
87581710,87581728,3.0,Parempuyre,Blanquefort
87581728,87581199,8.0,Blanquefort,Macau
87581728,87581710,2.0,Blanquefort,Parempuyre
87581728,87581736,3.0,Blanquefort,Bruges
87581728,87738096,5.0,Blanquefort,Le Bouscat Sainte-Germaine
87581736,87581728,3.0,Bruges,Blanquefort
87581736,87738096,2.0,Bruges,Le Bouscat Sainte-Germaine
87581751,87278259,3.0,Pessac,Mérignac Arlac
87581751,87581009,5.0,Pessac,Bordeaux Saint-Jean
87581751,87581793,2.0,Pessac,Pessac-Alouette
87581751,87582478,15.0,Pessac,Biganos Facture
87581751,87748350,2.0,Pessac,Talence-Médoquine
87581793,87581751,2.0,Pessac-Alouette,Pessac
87581793,87582403,3.0,Pessac-Alouette,Gazinet - Cestas
87581801,87581009,3.0,Bègles,Bordeaux Saint-Jean
87581801,87581835,3.0,Bègles,Villenave-d'Ornon
87581801,87582684,7.0,Bègles,Cadaujac
87581835,87581009,16.0,Villenave-d'Ornon,Bordeaux Saint-Jean
87581835,87581801,5.0,Villenave-d'Ornon,Bègles
87581835,87582684,5.0,Villenave-d'Ornon,Cadaujac
87581835,87582692,10.0,Villenave-d'Ornon,Saint-Médard-d'Eyrans
87581850,87581595,3.0,Bassens,Cenon
87581850,87584755,3.0,Bassens,La Gorp
87582346,87586008,17.0,Boé,Agen
87582346,87586305,9.0,Boé,Layrac
87582353,87586321,7.0,Sainte-Mère,Astaffort
87582353,87589200,4.0,Sainte-Mère,Ragegat
87582403,87581793,2.0,Gazinet - Cestas,Pessac-Alouette
87582403,87582445,8.0,Gazinet - Cestas,Marcheprime
87582445,87582403,7.0,Marcheprime,Gazinet - Cestas
87582445,87582478,5.0,Marcheprime,Biganos Facture
87582478,87543017,363.0,Biganos Facture,Les Aubrais
87582478,87581009,24.0,Biganos Facture,Bordeaux Saint-Jean
87582478,87581751,14.0,Biganos Facture,Pessac
87582478,87582445,5.0,Biganos Facture,Marcheprime
87582478,87582536,16.0,Biganos Facture,Ychoux
87582478,87582601,4.0,Biganos Facture,Le Teich
87582478,87582643,11.0,Biganos Facture,La Teste
87582478,87582668,15.0,Biganos Facture,Arcachon
87582478,87673103,31.0,Biganos Facture,Morcenx
87582478,87673202,49.0,Biganos Facture,Dax
87582536,87581751,35.0,Ychoux,Pessac
87582536,87582478,17.0,Ychoux,Biganos Facture
87582536,87582551,7.0,Ychoux,Labouheyre
87582551,87582536,7.0,Labouheyre,Ychoux
87582551,87673103,9.0,Labouheyre,Morcenx
87582601,87582478,4.0,Le Teich,Biganos Facture
87582601,87582619,3.0,Le Teich,Gujan-Mestras
87582619,87582601,3.0,Gujan-Mestras,Le Teich
87582619,87582635,3.0,Gujan-Mestras,La Hume
87582635,87582619,3.0,La Hume,Gujan-Mestras
87582635,87582643,2.0,La Hume,La Teste
87582643,87582478,12.0,La Teste,Biganos Facture
87582643,87582635,2.0,La Teste,La Hume
87582643,87582668,4.0,La Teste,Arcachon
87582668,87582478,14.0,Arcachon,Biganos Facture
87582668,87582643,3.0,Arcachon,La Teste
87582684,87581801,8.0,Cadaujac,Bègles
87582684,87581835,3.0,Cadaujac,Villenave-d'Ornon
87582684,87582692,9.0,Cadaujac,Saint-Médard-d'Eyrans
87582692,87581801,16.0,Saint-Médard-d'Eyrans,Bègles
87582692,87581835,11.0,Saint-Médard-d'Eyrans,Villenave-d'Ornon
87582692,87582684,7.0,Saint-Médard-d'Eyrans,Cadaujac
87582692,87582700,3.0,Saint-Médard-d'Eyrans,Beautiran
87582700,87581009,20.0,Beautiran,Bordeaux Saint-Jean
87582700,87582692,3.0,Beautiran,Saint-Médard-d'Eyrans
87582700,87582718,2.0,Beautiran,Portets
87582700,87582742,6.0,Beautiran,Cérons
87582718,87582700,2.0,Portets,Beautiran
87582718,87582726,2.0,Portets,Arbanats
87582718,87582734,4.0,Portets,Podensac
87582726,87582718,2.0,Arbanats,Portets
87582726,87582734,3.0,Arbanats,Podensac
87582734,87582718,4.0,Podensac,Portets
87582734,87582726,3.0,Podensac,Arbanats
87582734,87582742,2.0,Podensac,Cérons
87582742,87582700,6.0,Cérons,Beautiran
87582742,87582734,2.0,Cérons,Podensac
87582742,87582759,2.0,Cérons,Barsac
87582742,87582767,4.0,Cérons,Preignac
87582742,87582775,6.0,Cérons,Langon
87582759,87582742,2.0,Barsac,Cérons
87582759,87582775,5.0,Barsac,Langon
87582767,87582742,4.0,Preignac,Cérons
87582767,87582759,3.0,Preignac,Barsac
87582767,87582775,4.0,Preignac,Langon
87582775,87581009,32.0,Langon,Bordeaux Saint-Jean
87582775,87582742,6.0,Langon,Cérons
87582775,87582759,5.0,Langon,Barsac
87582775,87582767,3.0,Langon,Preignac
87582775,87582825,2.0,Langon,Saint-Macaire
87582775,87582833,4.0,Langon,Saint-Pierre-d'Aurillac
87582775,87582841,5.0,Langon,Caudrot
87582775,87582866,9.0,Langon,La Réole
87582825,87582775,2.0,Saint-Macaire,Langon
87582825,87582833,2.0,Saint-Macaire,Saint-Pierre-d'Aurillac
87582825,87582841,4.0,Saint-Macaire,Caudrot
87582833,87582775,4.0,Saint-Pierre-d'Aurillac,Langon
87582833,87582825,2.0,Saint-Pierre-d'Aurillac,Saint-Macaire
87582833,87582841,3.0,Saint-Pierre-d'Aurillac,Caudrot
87582833,87582858,5.0,Saint-Pierre-d'Aurillac,Gironde
87582833,87582866,7.0,Saint-Pierre-d'Aurillac,La Réole
87582841,87582825,4.0,Caudrot,Saint-Macaire
87582841,87582833,2.0,Caudrot,Saint-Pierre-d'Aurillac
87582841,87582858,3.0,Caudrot,Gironde
87582841,87582866,5.0,Caudrot,La Réole
87582858,87582841,3.0,Gironde,Caudrot
87582858,87582866,3.0,Gironde,La Réole
87582866,87582775,9.0,La Réole,Langon
87582866,87582833,7.0,La Réole,Saint-Pierre-d'Aurillac
87582866,87582841,5.0,La Réole,Caudrot
87582866,87582858,3.0,La Réole,Gironde
87582866,87582882,4.0,La Réole,Lamothe-Landerron
87582866,87586479,6.0,La Réole,Sainte-Bazeille
87582866,87586545,9.0,La Réole,Marmande
87582882,87582866,4.0,Lamothe-Landerron,La Réole
87582882,87586479,3.0,Lamothe-Landerron,Sainte-Bazeille
87583005,87391003,108.0,Angoulême,Paris Montparnasse Hall 1 - 2
87583005,87491506,16.0,Angoulême,Châteauneuf-sur-Charente
87583005,87571240,56.0,Angoulême,Saint-Pierre-des-Corps
87583005,87575001,37.0,Angoulême,Poitiers
87583005,87581009,36.0,Angoulême,Bordeaux Saint-Jean
87583005,87583617,6.0,Angoulême,La Couronne Charente
87583005,87583823,15.0,Angoulême,Luxé
87583005,87584052,41.0,Angoulême,Libourne
87583617,87583005,6.0,La Couronne Charente,Angoulême
87583617,87583674,14.0,La Couronne Charente,Montmoreau
87583674,87583617,13.0,Montmoreau,La Couronne Charente
87583674,87583690,8.0,Montmoreau,Chalais
87583690,87583674,8.0,Chalais,Montmoreau
87583690,87584540,7.0,Chalais,Saint-Aigulin - La Roche-Chalais
87583823,87583005,16.0,Luxé,Angoulême
87583823,87583849,10.0,Luxé,Ruffec
87583849,87575365,7.0,Ruffec,Saint-Saviol
87583849,87583823,10.0,Ruffec,Luxé
87584052,87581009,19.0,Libourne,Bordeaux Saint-Jean
87584052,87581595,15.0,Libourne,Cenon
87584052,87583005,41.0,Libourne,Angoulême
87584052,87584102,6.0,Libourne,Saint-Émilion
87584052,87584508,4.0,Libourne,Saint-Denis-de-Pile
87584052,87584516,8.0,Libourne,Coutras
87584052,87584714,4.0,Libourne,Vayres
87584052,87584722,10.0,Libourne,Saint-Sulpice - Izon
87584052,87595009,44.0,Libourne,Périgueux
87584102,87584052,6.0,Saint-Émilion,Libourne
87584102,87584136,6.0,Saint-Émilion,Castillon
87584136,87584102,6.0,Castillon,Saint-Émilion
87584136,87584151,4.0,Castillon,Lamothe-Montravel
87584136,87584177,7.0,Castillon,Vélines
87584151,87584136,4.0,Lamothe-Montravel,Castillon
87584151,87584177,5.0,Lamothe-Montravel,Vélines
87584177,87584136,7.0,Vélines,Castillon
87584177,87584151,4.0,Vélines,Lamothe-Montravel
87584177,87584193,6.0,Vélines,Sainte-Foy-la-Grande
87584177,87584201,3.0,Vélines,Saint-Antoine-de-Breuilh
87584193,87584177,6.0,Sainte-Foy-la-Grande,Vélines
87584193,87584201,4.0,Sainte-Foy-la-Grande,Saint-Antoine-de-Breuilh
87584193,87584235,6.0,Sainte-Foy-la-Grande,Gardonne
87584193,87584268,14.0,Sainte-Foy-la-Grande,Bergerac
87584201,87584177,3.0,Saint-Antoine-de-Breuilh,Vélines
87584201,87584193,4.0,Saint-Antoine-de-Breuilh,Sainte-Foy-la-Grande
87584235,87584193,6.0,Gardonne,Sainte-Foy-la-Grande
87584235,87584243,3.0,Gardonne,Lamonzie-Saint-Martin
87584235,87584268,9.0,Gardonne,Bergerac
87584243,87584235,3.0,Lamonzie-Saint-Martin,Gardonne
87584243,87584268,7.0,Lamonzie-Saint-Martin,Bergerac
87584268,87584193,13.0,Bergerac,Sainte-Foy-la-Grande
87584268,87584235,8.0,Bergerac,Gardonne
87584268,87584243,6.0,Bergerac,Lamonzie-Saint-Martin
87584268,87584441,15.0,Bergerac,Lalinde
87584441,87584268,16.0,Lalinde,Bergerac
87584441,87584466,4.0,Lalinde,Mauzac
87584441,87584474,6.0,Lalinde,Trémolat
87584441,87595751,13.0,Lalinde,Le Buisson
87584466,87584441,3.0,Mauzac,Lalinde
87584466,87584474,3.0,Mauzac,Trémolat
87584466,87595751,10.0,Mauzac,Le Buisson
87584474,87584441,7.0,Trémolat,Lalinde
87584474,87584466,3.0,Trémolat,Mauzac
87584474,87595751,7.0,Trémolat,Le Buisson
87584508,87584052,4.0,Saint-Denis-de-Pile,Libourne
87584508,87584516,5.0,Saint-Denis-de-Pile,Coutras
87584516,87584052,8.0,Coutras,Libourne
87584516,87584508,5.0,Coutras,Saint-Denis-de-Pile
87584516,87584532,5.0,Coutras,Les Églisottes
87584516,87584607,5.0,Coutras,Saint-Médard-de-Guizières
87584516,87584615,7.0,Coutras,Saint-Seurin-sur-l'Isle
87584516,87595298,19.0,Coutras,Mussidan
87584532,87584516,5.0,Les Églisottes,Coutras
87584532,87584540,4.0,Les Églisottes,Saint-Aigulin - La Roche-Chalais
87584540,87583690,7.0,Saint-Aigulin - La Roche-Chalais,Chalais
87584540,87584532,4.0,Saint-Aigulin - La Roche-Chalais,Les Églisottes
87584607,87584516,5.0,Saint-Médard-de-Guizières,Coutras
87584607,87584615,3.0,Saint-Médard-de-Guizières,Saint-Seurin-sur-l'Isle
87584615,87584607,3.0,Saint-Seurin-sur-l'Isle,Saint-Médard-de-Guizières
87584615,87595322,7.0,Saint-Seurin-sur-l'Isle,Montpon-Ménestérol
87584714,87584052,5.0,Vayres,Libourne
87584714,87584722,4.0,Vayres,Saint-Sulpice - Izon
87584722,87584052,9.0,Saint-Sulpice - Izon,Libourne
87584722,87584714,4.0,Saint-Sulpice - Izon,Vayres
87584722,87584730,2.0,Saint-Sulpice - Izon,Saint-Loubès
87584730,87581595,10.0,Saint-Loubès,Cenon
87584730,87584722,2.0,Saint-Loubès,Saint-Sulpice - Izon
87584730,87584755,3.0,Saint-Loubès,La Gorp
87584755,87581595,7.0,La Gorp,Cenon
87584755,87581850,3.0,La Gorp,Bassens
87584755,87584730,3.0,La Gorp,Saint-Loubès
87586008,87581009,73.0,Agen,Bordeaux Saint-Jean
87586008,87582346,15.0,Agen,Boé
87586008,87586107,10.0,Agen,Port-Sainte-Marie
87586008,87586412,16.0,Agen,Laroque
87586008,87586438,28.0,Agen,Penne
87586008,87611004,68.0,Agen,Toulouse Matabiau
87586008,87611244,34.0,Agen,Montauban Ville Bourbon
87586008,87611855,10.0,Agen,Lamagistère
87586008,87611897,50.0,Agen,Castelsarrasin
87586107,87586008,11.0,Port-Sainte-Marie,Agen
87586107,87586693,4.0,Port-Sainte-Marie,Aiguillon
87586263,87586339,15.0,Lectoure,Fleurance Allée Aristide Briand
87586263,87589200,6.0,Lectoure,Ragegat
87586305,87582346,8.0,Layrac,Boé
87586305,87586313,5.0,Layrac,Goulens
87586313,87586305,4.0,Goulens,Layrac
87586313,87586321,2.0,Goulens,Astaffort
87586321,87582353,6.0,Astaffort,Sainte-Mère
87586321,87586313,5.0,Astaffort,Goulens
87586339,87462390,2.0,Fleurance Allée Aristide Briand,Fleurance Gendarmerie
87586339,87586263,14.0,Fleurance Allée Aristide Briand,Lectoure
87586347,87462390,7.0,Montestruc-sur-Gers,Fleurance Gendarmerie
87586347,87586362,3.0,Montestruc-sur-Gers,Sainte-Christie
87586362,87586347,5.0,Sainte-Christie,Montestruc-sur-Gers
87586362,87586370,5.0,Sainte-Christie,Rambert Preignan
87586370,87134387,8.0,Rambert Preignan,Auch Le Seilhan
87586370,87586362,4.0,Rambert Preignan,Sainte-Christie
87586412,87586008,17.0,Laroque,Agen
87586412,87586438,13.0,Laroque,Penne
87586438,87586008,30.0,Penne,Agen
87586438,87586412,13.0,Penne,Laroque
87586438,87586453,13.0,Penne,Monsempron-Libos
87586453,87586438,12.0,Monsempron-Libos,Penne
87586453,87586495,12.0,Monsempron-Libos,Sauveterre-la-Lémance
87586479,87582866,6.0,Sainte-Bazeille,La Réole
87586479,87582882,4.0,Sainte-Bazeille,Lamothe-Landerron
87586479,87586545,5.0,Sainte-Bazeille,Marmande
87586495,87586453,13.0,Sauveterre-la-Lémance,Monsempron-Libos
87586495,87595892,5.0,Sauveterre-la-Lémance,Villefranche-du-Périgord
87586545,87581009,47.0,Marmande,Bordeaux Saint-Jean
87586545,87582866,9.0,Marmande,La Réole
87586545,87586479,5.0,Marmande,Sainte-Bazeille
87586545,87586651,8.0,Marmande,Tonneins
87586545,87611244,62.0,Marmande,Montauban Ville Bourbon
87586651,87586545,8.0,Tonneins,Marmande
87586651,87586693,6.0,Tonneins,Aiguillon
87586693,87586107,4.0,Aiguillon,Port-Sainte-Marie
87586693,87586651,6.0,Aiguillon,Tonneins
87589200,87582353,5.0,Ragegat,Sainte-Mère
87589200,87586263,7.0,Ragegat,Lectoure
87589564,87589572,8.0,Gannat Lycee Eiffel,Gannat Lycee Ste Procule
87589564,87732404,5.0,Gannat Lycee Eiffel,Gannat
87589564,87734129,10.0,Gannat Lycee Eiffel,Aigueperse
87589572,87589564,4.0,Gannat Lycee Ste Procule,Gannat Lycee Eiffel
87589572,87732404,7.0,Gannat Lycee Ste Procule,Gannat
87589580,87641001,7.0,La Ville Gozet Square H. Duna,Montluçon
87589580,87641365,22.0,La Ville Gozet Square H. Duna,Magnette
87589580,87680504,15.0,La Ville Gozet Square H. Duna,Les Trilliers Pn Carrefour
87589598,87024380,1.0,Le Puy En Velay Hôpital E.Roux,Le Puy-en-Velay Lafayette
87589598,87734681,10.0,Le Puy En Velay Hôpital E.Roux,Borne (Haute-Loire)
87589804,87407726,7.0,Reugny Rue De La Bascul,La Grave Carrefour
87590299,87751529,3.0,Nice Pont Michel,L'Ariane La Trinité
87590299,87756056,5.0,Nice Pont Michel,Nice-Ville
87590331,87481002,9.0,Haluchère Batignolles Beaujoire,Nantes
87590331,87590349,3.0,Haluchère Batignolles Beaujoire,Babinière
87590349,87590331,4.0,Babinière,Haluchère Batignolles Beaujoire
87590349,87590356,2.0,Babinière,Erdre-Active
87590356,87481564,2.0,Erdre-Active,La Chapelle Centre
87590356,87590349,3.0,Erdre-Active,Babinière
87590364,87481564,1.0,La Chapelle - Aulnay,La Chapelle Centre
87590364,87590828,3.0,La Chapelle - Aulnay,Sucé-sur-Erdre
87590372,87481622,9.0,Châteaubriant Tram Train,Issé
87590828,87481598,9.0,Sucé-sur-Erdre,Nort-sur-Erdre
87590828,87590364,3.0,Sucé-sur-Erdre,La Chapelle - Aulnay
87592006,87592022,7.0,Limoges Bénédictins,Limoges Montjovis
87592006,87592048,7.0,Limoges Bénédictins,Les Bardys
87592006,87592055,10.0,Limoges Bénédictins,Saint-Priest-Taurion
87592006,87592246,8.0,Limoges Bénédictins,Solignac - Le Vigen
87592006,87592253,13.0,Limoges Bénédictins,Pierre-Buffière
87592006,87592311,10.0,Limoges Bénédictins,Ambazac
87592006,87592378,30.0,Limoges Bénédictins,La Souterraine
87592006,87592410,14.0,Limoges Bénédictins,Nieul
87592006,87592444,22.0,Limoges Bénédictins,Nantiat
87592006,87592634,6.0,Limoges Bénédictins,L'Aiguille
87592006,87592725,13.0,Limoges Bénédictins,Nexon
87592006,87594002,60.0,Limoges Bénédictins,Brive-la-Gaillarde
87592006,87594200,36.0,Limoges Bénédictins,Uzerche
87592006,87595124,37.0,Limoges Bénédictins,Thiviers
87592006,87597120,50.0,Limoges Bénédictins,Argenton-sur-Creuse
87592022,87592006,7.0,Limoges Montjovis,Limoges Bénédictins
87592022,87592667,8.0,Limoges Montjovis,Aixe-sur-Vienne
87592048,87592006,7.0,Les Bardys,Limoges Bénédictins
87592048,87592311,4.0,Les Bardys,Ambazac
87592055,87592006,10.0,Saint-Priest-Taurion,Limoges Bénédictins
87592055,87592063,4.0,Saint-Priest-Taurion,Brignac
87592063,87592055,4.0,Brignac,Saint-Priest-Taurion
87592063,87592071,5.0,Brignac,Saint-Léonard-de-Noblat
87592071,87592063,5.0,Saint-Léonard-de-Noblat,Brignac
87592071,87592097,6.0,Saint-Léonard-de-Noblat,Saint-Denis-des-Murs
87592097,87592071,6.0,Saint-Denis-des-Murs,Saint-Léonard-de-Noblat
87592097,87592105,8.0,Saint-Denis-des-Murs,Châteauneuf - Bujaleuf
87592105,87592097,8.0,Châteauneuf - Bujaleuf,Saint-Denis-des-Murs
87592105,87592121,8.0,Châteauneuf - Bujaleuf,Eymoutiers Vassivière
87592121,87592105,8.0,Eymoutiers Vassivière,Châteauneuf - Bujaleuf
87592121,87592147,13.0,Eymoutiers Vassivière,Lacelle Corrèze
87592147,87592121,13.0,Lacelle Corrèze,Eymoutiers Vassivière
87592147,87592162,8.0,Lacelle Corrèze,Bugeat
87592162,87592147,8.0,Bugeat,Lacelle Corrèze
87592162,87592170,6.0,Bugeat,Pérols-sur-Vézère
87592170,87592162,5.0,Pérols-sur-Vézère,Bugeat
87592170,87594085,14.0,Pérols-sur-Vézère,Jassonneix
87592246,87592006,9.0,Solignac - Le Vigen,Limoges Bénédictins
87592246,87592253,6.0,Solignac - Le Vigen,Pierre-Buffière
87592253,87592006,14.0,Pierre-Buffière,Limoges Bénédictins
87592253,87592246,6.0,Pierre-Buffière,Solignac - Le Vigen
87592253,87592279,8.0,Pierre-Buffière,Magnac - Vicq
87592253,87594200,23.0,Pierre-Buffière,Uzerche
87592279,87592253,7.0,Magnac - Vicq,Pierre-Buffière
87592279,87592287,3.0,Magnac - Vicq,Saint-Germain-les-Belles
87592287,87592253,23.0,Saint-Germain-les-Belles,Pierre-Buffière
87592287,87592279,3.0,Saint-Germain-les-Belles,Magnac - Vicq
87592287,87592295,5.0,Saint-Germain-les-Belles,La Porcherie
87592295,87592287,4.0,La Porcherie,Saint-Germain-les-Belles
87592295,87594820,4.0,La Porcherie,Masseret
87592311,87592006,10.0,Ambazac,Limoges Bénédictins
87592311,87592048,3.0,Ambazac,Les Bardys
87592311,87592337,5.0,Ambazac,La Jonchère
87592311,87592345,9.0,Ambazac,Saint-Sulpice-Laurière
87592337,87592311,4.0,La Jonchère,Ambazac
87592337,87592345,4.0,La Jonchère,Saint-Sulpice-Laurière
87592345,87592311,10.0,Saint-Sulpice-Laurière,Ambazac
87592345,87592337,4.0,Saint-Sulpice-Laurière,La Jonchère
87592345,87592352,4.0,Saint-Sulpice-Laurière,Bersac
87592345,87592378,13.0,Saint-Sulpice-Laurière,La Souterraine
87592345,87597625,10.0,Saint-Sulpice-Laurière,Marsac
87592352,87592345,4.0,Bersac,Saint-Sulpice-Laurière
87592352,87592360,6.0,Bersac,Fromental
87592360,87592352,6.0,Fromental,Bersac
87592360,87592378,5.0,Fromental,La Souterraine
87592378,87592006,30.0,La Souterraine,Limoges Bénédictins
87592378,87592345,13.0,La Souterraine,Saint-Sulpice-Laurière
87592378,87592360,5.0,La Souterraine,Fromental
87592378,87592493,10.0,La Souterraine,Saint-Sébastien
87592378,87597005,36.0,La Souterraine,Châteauroux
87592378,87597120,23.0,La Souterraine,Argenton-sur-Creuse
87592410,87592006,14.0,Nieul,Limoges Bénédictins
87592410,87592428,4.0,Nieul,Peyrilhac - Saint-Jouvent
87592428,87592410,4.0,Peyrilhac - Saint-Jouvent,Nieul
87592428,87592444,6.0,Peyrilhac - Saint-Jouvent,Nantiat
87592444,87592006,24.0,Nantiat,Limoges Bénédictins
87592444,87592428,6.0,Nantiat,Peyrilhac - Saint-Jouvent
87592444,87592485,17.0,Nantiat,Bellac
87592485,87592444,17.0,Bellac,Nantiat
87592485,87592543,10.0,Bellac,Le Dorat
87592493,87592378,10.0,Saint-Sébastien,La Souterraine
87592493,87597153,4.0,Saint-Sébastien,Éguzon
87592501,87592741,6.0,La Coquille,Bussière-Galant
87592501,87595124,9.0,La Coquille,Thiviers
87592543,87575480,16.0,Le Dorat,Montmorillon
87592543,87575498,10.0,Le Dorat,Lathus
87592543,87592485,11.0,Le Dorat,Bellac
87592634,87592006,7.0,L'Aiguille,Limoges Bénédictins
87592634,87592725,8.0,L'Aiguille,Nexon
87592667,87592022,8.0,Aixe-sur-Vienne,Limoges Montjovis
87592667,87592683,12.0,Aixe-sur-Vienne,Saint-Victurnien
87592683,87592667,13.0,Saint-Victurnien,Aixe-sur-Vienne
87592683,87592691,4.0,Saint-Victurnien,Saint-Brice-sur-Vienne
87592691,87592683,4.0,Saint-Brice-sur-Vienne,Saint-Victurnien
87592691,87592709,4.0,Saint-Brice-sur-Vienne,Saint-Junien
87592709,87592691,3.0,Saint-Junien,Saint-Brice-sur-Vienne
87592709,87592717,5.0,Saint-Junien,Saillat - Chassenon
87592717,87592709,6.0,Saillat - Chassenon,Saint-Junien
87592725,87592006,14.0,Nexon,Limoges Bénédictins
87592725,87592634,9.0,Nexon,L'Aiguille
87592725,87592733,6.0,Nexon,Lafarge
87592725,87592741,11.0,Nexon,Bussière-Galant
87592725,87592808,8.0,Nexon,La Meyze
87592725,87595124,26.0,Nexon,Thiviers
87592733,87592725,6.0,Lafarge,Nexon
87592733,87592741,7.0,Lafarge,Bussière-Galant
87592741,87592501,6.0,Bussière-Galant,La Coquille
87592741,87592725,11.0,Bussière-Galant,Nexon
87592741,87592733,6.0,Bussière-Galant,Lafarge
87592741,87595124,16.0,Bussière-Galant,Thiviers
87592808,87592725,8.0,La Meyze,Nexon
87592808,87592824,12.0,La Meyze,Saint-Yrieix
87592824,87592808,12.0,Saint-Yrieix,La Meyze
87594002,87592006,59.0,Brive-la-Gaillarde,Limoges Bénédictins
87594002,87594200,25.0,Brive-la-Gaillarde,Uzerche
87594002,87594234,10.0,Brive-la-Gaillarde,Allassac
87594002,87594325,13.0,Brive-la-Gaillarde,Gignac - Cressensac
87594002,87594333,23.0,Brive-la-Gaillarde,Souillac
87594002,87594408,12.0,Brive-la-Gaillarde,Terrasson
87594002,87594416,9.0,Brive-la-Gaillarde,La Rivière de Mansac
87594002,87594465,8.0,Brive-la-Gaillarde,Aubazines - Saint-Hilaire
87594002,87594556,12.0,Brive-la-Gaillarde,Turenne
87594002,87594564,16.0,Brive-la-Gaillarde,Les Quatre-Routes
87594002,87594572,21.0,Brive-la-Gaillarde,Saint-Denis-Près-Martel
87594002,87594606,13.0,Brive-la-Gaillarde,Varetz
87594002,87594713,40.0,Brive-la-Gaillarde,Martel
87594002,87645135,85.0,Brive-la-Gaillarde,Laroquebrou
87594085,87592170,14.0,Jassonneix,Pérols-sur-Vézère
87594085,87594275,3.0,Jassonneix,Meymac
87594093,87344598,16.0,Ussel,Saint-Angel
87594093,87417907,5.0,Ussel,Ussel Place Henri Queuille
87594093,87594275,12.0,Ussel,Meymac
87594119,87417865,5.0,Corrèze,Eyrein
87594119,87594135,8.0,Corrèze,Montaignac
87594119,87594499,16.0,Corrèze,Tulle
87594135,87361980,5.0,Montaignac,Rosiers-d'Égletons
87594135,87417865,5.0,Montaignac,Eyrein
87594135,87594119,9.0,Montaignac,Corrèze
87594135,87594168,9.0,Montaignac,Égletons
87594168,87417881,14.0,Égletons,Maussac le Poteau
87594168,87450064,22.0,Égletons,Meymac Bourg
87594168,87594135,8.0,Égletons,Montaignac
87594168,87594275,17.0,Égletons,Meymac
87594168,87594499,40.0,Égletons,Tulle
87594168,87693390,5.0,Égletons,Egletons-ville
87594200,87592006,37.0,Uzerche,Limoges Bénédictins
87594200,87592253,22.0,Uzerche,Pierre-Buffière
87594200,87592287,23.0,Uzerche,Saint-Germain-les-Belles
87594200,87594002,25.0,Uzerche,Brive-la-Gaillarde
87594200,87594218,6.0,Uzerche,Vigeois
87594200,87594234,15.0,Uzerche,Allassac
87594200,87594820,8.0,Uzerche,Masseret
87594218,87594200,6.0,Vigeois,Uzerche
87594218,87594234,10.0,Vigeois,Allassac
87594234,87594002,11.0,Allassac,Brive-la-Gaillarde
87594234,87594200,15.0,Allassac,Uzerche
87594234,87594218,10.0,Allassac,Vigeois
87594275,87344598,5.0,Meymac,Saint-Angel
87594275,87450064,2.0,Meymac,Meymac Bourg
87594275,87594085,3.0,Meymac,Jassonneix
87594275,87594093,12.0,Meymac,Ussel
87594275,87594168,17.0,Meymac,Égletons
87594325,87594002,15.0,Gignac - Cressensac,Brive-la-Gaillarde
87594325,87594333,11.0,Gignac - Cressensac,Souillac
87594333,87543017,323.0,Souillac,Les Aubrais
87594333,87594002,24.0,Souillac,Brive-la-Gaillarde
87594333,87594325,11.0,Souillac,Gignac - Cressensac
87594333,87613141,14.0,Souillac,Gourdon
87594382,87594408,4.0,Condat - Le Lardin,Terrasson
87594382,87595579,9.0,Condat - Le Lardin,Thenon
87594408,87594002,12.0,Terrasson,Brive-la-Gaillarde
87594408,87594382,4.0,Terrasson,Condat - Le Lardin
87594408,87594416,4.0,Terrasson,La Rivière de Mansac
87594416,87594002,10.0,La Rivière de Mansac,Brive-la-Gaillarde
87594416,87594408,4.0,La Rivière de Mansac,Terrasson
87594465,87594002,9.0,Aubazines - Saint-Hilaire,Brive-la-Gaillarde
87594465,87594481,7.0,Aubazines - Saint-Hilaire,Cornil
87594481,87594465,6.0,Cornil,Aubazines - Saint-Hilaire
87594481,87594499,7.0,Cornil,Tulle
87594499,87594119,14.0,Tulle,Corrèze
87594499,87594481,7.0,Tulle,Cornil
87594556,87594002,13.0,Turenne,Brive-la-Gaillarde
87594556,87594564,5.0,Turenne,Les Quatre-Routes
87594556,87594572,9.0,Turenne,Saint-Denis-Près-Martel
87594564,87594002,17.0,Les Quatre-Routes,Brive-la-Gaillarde
87594564,87594556,4.0,Les Quatre-Routes,Turenne
87594564,87594572,5.0,Les Quatre-Routes,Saint-Denis-Près-Martel
87594572,87547000,453.0,Saint-Denis-Près-Martel,Paris Austerlitz
87594572,87594002,21.0,Saint-Denis-Près-Martel,Brive-la-Gaillarde
87594572,87594556,9.0,Saint-Denis-Près-Martel,Turenne
87594572,87594564,5.0,Saint-Denis-Près-Martel,Les Quatre-Routes
87594572,87594739,4.0,Saint-Denis-Près-Martel,Vayrac
87594572,87594754,9.0,Saint-Denis-Près-Martel,Puybrun
87594572,87594762,17.0,Saint-Denis-Près-Martel,Bretenoux - Biars
87594572,87613042,17.0,Saint-Denis-Près-Martel,Rocamadour - Padirac
87594606,87594002,14.0,Varetz,Brive-la-Gaillarde
87594606,87594614,4.0,Varetz,Le Burg
87594614,87594606,4.0,Le Burg,Varetz
87594614,87594622,5.0,Le Burg,Saint-Aulaire
87594622,87594614,6.0,Saint-Aulaire,Le Burg
87594622,87594630,4.0,Saint-Aulaire,Objat
87594630,87594622,2.0,Objat,Saint-Aulaire
87594713,87594002,43.0,Martel,Brive-la-Gaillarde
87594713,87613042,23.0,Martel,Rocamadour - Padirac
87594739,87594572,5.0,Vayrac,Saint-Denis-Près-Martel
87594739,87594747,2.0,Vayrac,Bétaille
87594747,87594739,3.0,Bétaille,Vayrac
87594747,87594754,4.0,Bétaille,Puybrun
87594754,87594572,9.0,Puybrun,Saint-Denis-Près-Martel
87594754,87594747,4.0,Puybrun,Bétaille
87594754,87594762,5.0,Puybrun,Bretenoux - Biars
87594762,87594572,16.0,Bretenoux - Biars,Saint-Denis-Près-Martel
87594762,87594754,5.0,Bretenoux - Biars,Puybrun
87594762,87594796,9.0,Bretenoux - Biars,Laval-de-Cère
87594762,87645135,39.0,Bretenoux - Biars,Laroquebrou
87594796,87594762,9.0,Laval-de-Cère,Bretenoux - Biars
87594796,87645135,29.0,Laval-de-Cère,Laroquebrou
87594820,87592295,3.0,Masseret,La Porcherie
87594820,87594200,8.0,Masseret,Uzerche
87595009,87584052,44.0,Périgueux,Libourne
87595009,87595124,21.0,Périgueux,Thiviers
87595009,87595157,10.0,Périgueux,Agonac
87595009,87595165,6.0,Périgueux,Château-l'Évêque
87595009,87595207,3.0,Périgueux,Marsac Dordogne
87595009,87595223,6.0,Périgueux,Razac
87595009,87595249,9.0,Périgueux,Saint-Astier
87595009,87595298,18.0,Périgueux,Mussidan
87595009,87595579,22.0,Périgueux,Thenon
87595009,87595736,28.0,Périgueux,Les Eyzies
87595009,87725473,5.0,Périgueux,Boulazac Isle Manoire
87595124,87592006,40.0,Thiviers,Limoges Bénédictins
87595124,87592501,9.0,Thiviers,La Coquille
87595124,87592725,27.0,Thiviers,Nexon
87595124,87595009,20.0,Thiviers,Périgueux
87595124,87595132,6.0,Thiviers,Négrondes
87595124,87595157,12.0,Thiviers,Agonac
87595132,87595009,15.0,Négrondes,Périgueux
87595132,87595124,8.0,Négrondes,Thiviers
87595132,87595157,7.0,Négrondes,Agonac
87595157,87595009,10.0,Agonac,Périgueux
87595157,87595132,7.0,Agonac,Négrondes
87595157,87595165,5.0,Agonac,Château-l'Évêque
87595165,87595009,7.0,Château-l'Évêque,Périgueux
87595165,87595157,5.0,Château-l'Évêque,Agonac
87595207,87595009,4.0,Marsac Dordogne,Périgueux
87595207,87595223,4.0,Marsac Dordogne,Razac
87595223,87595009,7.0,Razac,Périgueux
87595223,87595207,4.0,Razac,Marsac Dordogne
87595223,87595249,4.0,Razac,Saint-Astier
87595249,87595009,10.0,Saint-Astier,Périgueux
87595249,87595223,4.0,Saint-Astier,Razac
87595249,87595264,2.0,Saint-Astier,Saint-Léon-sur-l'Isle
87595249,87595272,5.0,Saint-Astier,Neuvic
87595249,87595298,10.0,Saint-Astier,Mussidan
87595264,87595249,2.0,Saint-Léon-sur-l'Isle,Saint-Astier
87595264,87595272,3.0,Saint-Léon-sur-l'Isle,Neuvic
87595272,87595249,5.0,Neuvic,Saint-Astier
87595272,87595264,3.0,Neuvic,Saint-Léon-sur-l'Isle
87595272,87595298,6.0,Neuvic,Mussidan
87595298,87584052,29.0,Mussidan,Libourne
87595298,87595009,17.0,Mussidan,Périgueux
87595298,87595249,9.0,Mussidan,Saint-Astier
87595298,87595272,6.0,Mussidan,Neuvic
87595298,87595322,8.0,Mussidan,Montpon-Ménestérol
87595322,87584615,7.0,Montpon-Ménestérol,Saint-Seurin-sur-l'Isle
87595322,87595298,8.0,Montpon-Ménestérol,Mussidan
87595512,87595520,3.0,Niversac,Saint-Pierre-de-Chignac
87595512,87595579,25.0,Niversac,Thenon
87595512,87595702,5.0,Niversac,Les Versannes
87595512,87725473,4.0,Niversac,Boulazac Isle Manoire
87595520,87595512,3.0,Saint-Pierre-de-Chignac,Niversac
87595520,87595579,12.0,Saint-Pierre-de-Chignac,Thenon
87595579,87594382,10.0,Thenon,Condat - Le Lardin
87595579,87595009,23.0,Thenon,Périgueux
87595579,87595512,25.0,Thenon,Niversac
87595579,87595520,13.0,Thenon,Saint-Pierre-de-Chignac
87595702,87595512,5.0,Les Versannes,Niversac
87595702,87595736,16.0,Les Versannes,Les Eyzies
87595736,87595009,29.0,Les Eyzies,Périgueux
87595736,87595702,16.0,Les Eyzies,Les Versannes
87595736,87595744,7.0,Les Eyzies,Le Bugue
87595744,87595736,7.0,Le Bugue,Les Eyzies
87595744,87595751,8.0,Le Bugue,Le Buisson
87595751,87584441,13.0,Le Buisson,Lalinde
87595751,87584466,10.0,Le Buisson,Mauzac
87595751,87584474,7.0,Le Buisson,Trémolat
87595751,87595744,8.0,Le Buisson,Le Bugue
87595751,87595769,6.0,Le Buisson,Siorac-en-Périgord
87595769,87595751,6.0,Siorac-en-Périgord,Le Buisson
87595769,87595777,6.0,Siorac-en-Périgord,Saint-Cyprien
87595769,87595876,6.0,Siorac-en-Périgord,Belvès
87595777,87595769,6.0,Saint-Cyprien,Siorac-en-Périgord
87595777,87595827,15.0,Saint-Cyprien,Sarlat
87595827,87595777,14.0,Sarlat,Saint-Cyprien
87595876,87595769,7.0,Belvès,Siorac-en-Périgord
87595876,87595892,16.0,Belvès,Villefranche-du-Périgord
87595892,87586495,5.0,Villefranche-du-Périgord,Sauveterre-la-Lémance
87595892,87595876,16.0,Villefranche-du-Périgord,Belvès
87595983,87213884,3.0,La Walck Monument Aux Morts,Niedermodern Pont de la Moder
87595983,87658849,2.0,La Walck Monument Aux Morts,Pfaffenhoffen Mairie
87597005,87543017,64.0,Châteauroux,Les Aubrais
87597005,87547000,132.0,Châteauroux,Paris Austerlitz
87597005,87576009,30.0,Châteauroux,Vierzon
87597005,87592006,72.0,Châteauroux,Limoges Bénédictins
87597005,87592378,36.0,Châteauroux,La Souterraine
87597005,87597062,13.0,Châteauroux,Issoudun
87597005,87597070,7.0,Châteauroux,Neuvy-Pailloux
87597005,87597096,6.0,Châteauroux,Luant
87597005,87597120,14.0,Châteauroux,Argenton-sur-Creuse
87597039,87576009,11.0,Reuilly,Vierzon
87597039,87597054,6.0,Reuilly,Sainte-Lizaigne
87597039,87597062,8.0,Reuilly,Issoudun
87597054,87597039,5.0,Sainte-Lizaigne,Reuilly
87597054,87597062,5.0,Sainte-Lizaigne,Issoudun
87597062,87576009,19.0,Issoudun,Vierzon
87597062,87597005,13.0,Issoudun,Châteauroux
87597062,87597039,8.0,Issoudun,Reuilly
87597062,87597054,4.0,Issoudun,Sainte-Lizaigne
87597062,87597070,6.0,Issoudun,Neuvy-Pailloux
87597070,87597005,8.0,Neuvy-Pailloux,Châteauroux
87597070,87597062,6.0,Neuvy-Pailloux,Issoudun
87597096,87597005,8.0,Luant,Châteauroux
87597096,87597104,4.0,Luant,Lothiers
87597104,87597096,4.0,Lothiers,Luant
87597104,87597112,5.0,Lothiers,Chabenet
87597112,87597104,6.0,Chabenet,Lothiers
87597112,87597120,3.0,Chabenet,Argenton-sur-Creuse
87597120,87592378,24.0,Argenton-sur-Creuse,La Souterraine
87597120,87597005,15.0,Argenton-sur-Creuse,Châteauroux
87597120,87597112,4.0,Argenton-sur-Creuse,Chabenet
87597120,87597153,10.0,Argenton-sur-Creuse,Éguzon
87597153,87592493,4.0,Éguzon,Saint-Sébastien
87597153,87597120,10.0,Éguzon,Argenton-sur-Creuse
87597609,87417808,12.0,Guéret,Ajain
87597609,87597674,12.0,Guéret,Montaigut
87597609,87597708,11.0,Guéret,Busseau sur Creuse
87597609,87597724,23.0,Guéret,Parsac - Gouzon
87597625,87592345,10.0,Marsac,Saint-Sulpice-Laurière
87597625,87597633,6.0,Marsac,Vieilleville
87597633,87597625,6.0,Vieilleville,Marsac
87597633,87597674,6.0,Vieilleville,Montaigut
87597674,87597609,12.0,Montaigut,Guéret
87597674,87597633,6.0,Montaigut,Vieilleville
87597708,87597609,12.0,Busseau sur Creuse,Guéret
87597708,87597724,12.0,Busseau sur Creuse,Parsac - Gouzon
87597724,87597609,24.0,Parsac - Gouzon,Guéret
87597724,87597708,12.0,Parsac - Gouzon,Busseau sur Creuse
87597724,87597740,11.0,Parsac - Gouzon,Lavaufranche
87597724,87641001,43.0,Parsac - Gouzon,Montluçon
87597740,87597724,11.0,Lavaufranche,Parsac - Gouzon
87597740,87641217,12.0,Lavaufranche,Huriel
87598219,85043166,3.0,Le Locle Col des Roches,Le Locle
87598219,87718619,11.0,Le Locle Col des Roches,Morteau
87598755,87615146,7.0,Limoux - Flassian,Pomas
87598755,87615161,2.0,Limoux - Flassian,Limoux
87599753,87500793,2.0,Nevers Petit Canal,Nevers Le Mouesse ANPE
87599753,87676833,5.0,Nevers Petit Canal,Saint-Éloi Église
87611004,87165852,20.0,Toulouse Matabiau,Montastruc-la-Conseillère RN 88
87611004,87581009,140.0,Toulouse Matabiau,Bordeaux Saint-Jean
87611004,87586008,68.0,Toulouse Matabiau,Agen
87611004,87611038,35.0,Toulouse Matabiau,Muret
87611004,87611137,47.0,Toulouse Matabiau,Saint-Gaudens
87611004,87611152,55.0,Toulouse Matabiau,Montréjeau - Gourdan-Polignan
87611004,87611244,34.0,Toulouse Matabiau,Montauban Ville Bourbon
87611004,87611301,3.0,Toulouse Matabiau,Saint-Agne
87611004,87611392,32.0,Toulouse Matabiau,Venerque - Le Vernet
87611004,87611400,30.0,Toulouse Matabiau,Portet Saint-Simon
87611004,87611434,6.0,Toulouse Matabiau,Lacourtensourt
87611004,87611467,23.0,Toulouse Matabiau,Colomiers
87611004,87611665,19.0,Toulouse Matabiau,Castelnau-d'Estrétefonds
87611004,87611848,6.0,Toulouse Matabiau,Montrabé
87611004,87612002,8.0,Toulouse Matabiau,Labège Innopole
87611004,87612010,4.0,Toulouse Matabiau,Montaudran
87611004,87613893,120.0,Toulouse Matabiau,Villefranche-de-Rouergue
87611004,87615286,42.0,Toulouse Matabiau,Carcassonne
87611004,87615344,20.0,Toulouse Matabiau,Saint-Sulpice
87611004,87615377,11.0,Toulouse Matabiau,Gragnague
87611004,87671123,66.0,Toulouse Matabiau,Lannemezan
87611038,87611046,4.0,Muret,Le Fauga
87611038,87611061,10.0,Muret,Carbonne
87611038,87611095,23.0,Muret,Boussens
87611038,87611137,65.0,Muret,Saint-Gaudens
87611038,87611301,9.0,Muret,Saint-Agne
87611038,87611400,5.0,Muret,Portet Saint-Simon
87611046,87611038,5.0,Le Fauga,Muret
87611046,87611053,4.0,Le Fauga,Longages - Noé
87611053,87611038,8.0,Longages - Noé,Muret
87611053,87611046,4.0,Longages - Noé,Le Fauga
87611053,87611061,4.0,Longages - Noé,Carbonne
87611061,87611038,11.0,Carbonne,Muret
87611061,87611053,4.0,Carbonne,Longages - Noé
87611061,87611079,7.0,Carbonne,Cazères
87611079,87611061,7.0,Cazères,Carbonne
87611079,87611087,4.0,Cazères,Martres-Tolosane
87611079,87611095,6.0,Cazères,Boussens
87611087,87611079,4.0,Martres-Tolosane,Cazères
87611087,87611095,3.0,Martres-Tolosane,Boussens
87611095,87611038,23.0,Boussens,Muret
87611095,87611079,6.0,Boussens,Cazères
87611095,87611087,3.0,Boussens,Martres-Tolosane
87611095,87611103,4.0,Boussens,Saint-Martory
87611095,87611137,13.0,Boussens,Saint-Gaudens
87611103,87611095,4.0,Saint-Martory,Boussens
87611103,87611137,10.0,Saint-Martory,Saint-Gaudens
87611137,87611004,48.0,Saint-Gaudens,Toulouse Matabiau
87611137,87611095,12.0,Saint-Gaudens,Boussens
87611137,87611103,10.0,Saint-Gaudens,Saint-Martory
87611137,87611152,9.0,Saint-Gaudens,Montréjeau - Gourdan-Polignan
87611137,87671008,41.0,Saint-Gaudens,Tarbes
87611152,87611004,54.0,Montréjeau - Gourdan-Polignan,Toulouse Matabiau
87611152,87611137,7.0,Montréjeau - Gourdan-Polignan,Saint-Gaudens
87611152,87611178,7.0,Montréjeau - Gourdan-Polignan,Loures - Barbazan
87611152,87671008,32.0,Montréjeau - Gourdan-Polignan,Tarbes
87611152,87671123,11.0,Montréjeau - Gourdan-Polignan,Lannemezan
87611178,87611152,7.0,Loures - Barbazan,Montréjeau - Gourdan-Polignan
87611178,87618710,6.0,Loures - Barbazan,Saléchan - Siradan
87611194,87611236,14.0,Marignac - Saint-Béat,Luchon
87611194,87618710,5.0,Marignac - Saint-Béat,Saléchan - Siradan
87611236,87611194,13.0,Luchon,Marignac - Saint-Béat
87611244,87139089,12.0,Montauban Ville Bourbon,Albias
87611244,87442442,9.0,Montauban Ville Bourbon,Montauban Prax Paris
87611244,87543017,416.0,Montauban Ville Bourbon,Les Aubrais
87611244,87586008,35.0,Montauban Ville Bourbon,Agen
87611244,87586545,63.0,Montauban Ville Bourbon,Marmande
87611244,87611004,35.0,Montauban Ville Bourbon,Toulouse Matabiau
87611244,87611459,6.0,Montauban Ville Bourbon,Lavilledieu
87611244,87611665,14.0,Montauban Ville Bourbon,Castelnau-d'Estrétefonds
87611244,87611699,6.0,Montauban Ville Bourbon,Montbartier
87611244,87613000,44.0,Montauban Ville Bourbon,Cahors
87611244,87613356,14.0,Montauban Ville Bourbon,Caussade
87611244,87613398,8.0,Montauban Ville Bourbon,Albias
87611244,87752998,13.0,Montauban Ville Bourbon,Lacourt-Saint-Pierre Talicous
87611301,87497461,3.0,Saint-Agne,Gallieni-Cancéropôle
87611301,87611004,4.0,Saint-Agne,Toulouse Matabiau
87611301,87611038,9.0,Saint-Agne,Muret
87611301,87611400,5.0,Saint-Agne,Portet Saint-Simon
87611327,87443937,6.0,Varilhes,Saint-Jean-de-Verges Centre
87611327,87611343,6.0,Varilhes,Pamiers
87611327,87611616,5.0,Varilhes,Foix
87611327,87611624,3.0,Varilhes,Saint-Jean-de-Verges
87611343,87130831,2.0,Pamiers,Pamiers Centre
87611343,87130880,11.0,Pamiers,Le Vernet
87611343,87611327,5.0,Pamiers,Varilhes
87611343,87611350,5.0,Pamiers,Le Vernet d'Ariège
87611343,87611368,10.0,Pamiers,Saverdun
87611350,87611343,5.0,Le Vernet d'Ariège,Pamiers
87611350,87611368,4.0,Le Vernet d'Ariège,Saverdun
87611368,87130880,11.0,Saverdun,Le Vernet
87611368,87611343,11.0,Saverdun,Pamiers
87611368,87611350,4.0,Saverdun,Le Vernet d'Ariège
87611368,87611376,5.0,Saverdun,Cintegabelle
87611368,87611384,9.0,Saverdun,Auterive
87611368,87697821,9.0,Saverdun,Cintegabelle-Rond-Point
87611376,87611368,5.0,Cintegabelle,Saverdun
87611376,87611384,4.0,Cintegabelle,Auterive
87611384,87543017,517.0,Auterive,Les Aubrais
87611384,87611368,11.0,Auterive,Saverdun
87611384,87611376,4.0,Auterive,Cintegabelle
87611384,87611392,6.0,Auterive,Venerque - Le Vernet
87611384,87618116,8.0,Auterive,Pins-Justaret
87611384,87697821,6.0,Auterive,Cintegabelle-Rond-Point
87611392,87611384,6.0,Venerque - Le Vernet,Auterive
87611392,87611400,6.0,Venerque - Le Vernet,Portet Saint-Simon
87611392,87618116,3.0,Venerque - Le Vernet,Pins-Justaret
87611400,87611004,30.0,Portet Saint-Simon,Toulouse Matabiau
87611400,87611038,5.0,Portet Saint-Simon,Muret
87611400,87611301,5.0,Portet Saint-Simon,Saint-Agne
87611400,87611384,13.0,Portet Saint-Simon,Auterive
87611400,87611392,7.0,Portet Saint-Simon,Venerque - Le Vernet
87611400,87618116,4.0,Portet Saint-Simon,Pins-Justaret
87611434,87611004,8.0,Lacourtensourt,Toulouse Matabiau
87611434,87611657,9.0,Lacourtensourt,Saint-Jory
87611459,87611244,6.0,Lavilledieu,Montauban Ville Bourbon
87611459,87611897,5.0,Lavilledieu,Castelsarrasin
87611467,87353581,2.0,Colomiers,Les Ramassiers
87611467,87446179,5.0,Colomiers,Saint-Cyprien Arènes
87611467,87611004,23.0,Colomiers,Toulouse Matabiau
87611467,87611921,2.0,Colomiers,Colomiers Lycée International
87611467,87611939,3.0,Colomiers,Lardenne
87611475,87753087,6.0,Larrazet,Beaumont-de-Lomagne Place Jean Moulin
87611483,87611509,14.0,Latour-de-Carol - Enveitg,Porté-Puymorens
87611483,87784892,2.0,Latour-de-Carol - Enveitg,Bena Fanes
87611509,87611483,14.0,Porté-Puymorens,Latour-de-Carol - Enveitg
87611509,87611517,7.0,Porté-Puymorens,Andorre l'Hospitalet
87611517,87611509,5.0,Andorre l'Hospitalet,Porté-Puymorens
87611517,87611525,10.0,Andorre l'Hospitalet,Mérens-les-Vals
87611525,87611517,11.0,Mérens-les-Vals,Andorre l'Hospitalet
87611525,87611533,11.0,Mérens-les-Vals,Ax-les-Thermes
87611533,87130849,13.0,Ax-les-Thermes,Merens-Les-Vals
87611533,87611525,11.0,Ax-les-Thermes,Mérens-les-Vals
87611533,87611558,7.0,Ax-les-Thermes,Luzenac - Garanou
87611558,87130823,8.0,Luzenac - Garanou,Les Cabannes Centre
87611558,87611533,8.0,Luzenac - Garanou,Ax-les-Thermes
87611558,87611574,6.0,Luzenac - Garanou,Les Cabannes
87611558,87611590,14.0,Luzenac - Garanou,Tarascon-sur-Ariège
87611566,87611558,4.0,Vèbre,Luzenac - Garanou
87611574,87611558,5.0,Les Cabannes,Luzenac - Garanou
87611574,87611590,8.0,Les Cabannes,Tarascon-sur-Ariège
87611582,87130823,7.0,Ussat les Bains,Les Cabannes Centre
87611590,87130823,14.0,Tarascon-sur-Ariège,Les Cabannes Centre
87611590,87611558,14.0,Tarascon-sur-Ariège,Luzenac - Garanou
87611590,87611574,8.0,Tarascon-sur-Ariège,Les Cabannes
87611590,87611582,5.0,Tarascon-sur-Ariège,Ussat les Bains
87611590,87611616,13.0,Tarascon-sur-Ariège,Foix
87611608,87618348,6.0,Saint-Paul - Saint-Antoine,Mercus-Garrabet
87611616,87443937,10.0,Foix,Saint-Jean-de-Verges Centre
87611616,87455006,5.0,Foix,Montgaillard
87611616,87611327,5.0,Foix,Varilhes
87611616,87611343,12.0,Foix,Pamiers
87611616,87611590,13.0,Foix,Tarascon-sur-Ariège
87611616,87611624,4.0,Foix,Saint-Jean-de-Verges
87611624,87611327,3.0,Saint-Jean-de-Verges,Varilhes
87611624,87611616,4.0,Saint-Jean-de-Verges,Foix
87611657,87611434,9.0,Saint-Jory,Lacourtensourt
87611657,87611665,6.0,Saint-Jory,Castelnau-d'Estrétefonds
87611665,87611004,22.0,Castelnau-d'Estrétefonds,Toulouse Matabiau
87611665,87611244,15.0,Castelnau-d'Estrétefonds,Montauban Ville Bourbon
87611665,87611657,6.0,Castelnau-d'Estrétefonds,Saint-Jory
87611665,87611673,4.0,Castelnau-d'Estrétefonds,Grisolles
87611673,87611665,3.0,Grisolles,Castelnau-d'Estrétefonds
87611673,87611681,3.0,Grisolles,Dieupentale
87611681,87611673,3.0,Dieupentale,Grisolles
87611681,87611699,4.0,Dieupentale,Montbartier
87611699,87611244,7.0,Montbartier,Montauban Ville Bourbon
87611699,87611681,4.0,Montbartier,Dieupentale
87611707,87611723,5.0,Escalquens,Baziège
87611707,87612002,3.0,Escalquens,Labège Innopole
87611707,87612028,2.0,Escalquens,Labège Village
87611707,87618207,4.0,Escalquens,Montlaur
87611723,87611707,5.0,Baziège,Escalquens
87611723,87612002,7.0,Baziège,Labège Innopole
87611723,87615013,5.0,Baziège,Villefranche-de-Lauragais
87611723,87618207,3.0,Baziège,Montlaur
87611723,87618215,3.0,Baziège,Villenouvelle
87611749,87134387,7.0,Auch,Auch Le Seilhan
87611749,87462796,20.0,Auch,Saint-Sauvy
87611749,87611764,14.0,Auch,Aubiet
87611749,87611772,22.0,Auch,Gimont Cahuzac
87611749,87668459,9.0,Auch,Auch Allée Baylac
87611764,87611749,15.0,Aubiet,Auch
87611764,87611772,6.0,Aubiet,Gimont Cahuzac
87611772,87611764,6.0,Gimont Cahuzac,Aubiet
87611772,87611806,16.0,Gimont Cahuzac,L'Isle-Jourdain
87611806,87611772,16.0,L'Isle-Jourdain,Gimont Cahuzac
87611806,87611814,4.0,L'Isle-Jourdain,Mérenvielle
87611806,87611822,12.0,L'Isle-Jourdain,Brax - Léguevin
87611814,87611806,4.0,Mérenvielle,L'Isle-Jourdain
87611814,87611822,8.0,Mérenvielle,Brax - Léguevin
87611822,87611467,8.0,Brax - Léguevin,Colomiers
87611822,87611806,11.0,Brax - Léguevin,L'Isle-Jourdain
87611822,87611814,7.0,Brax - Léguevin,Mérenvielle
87611822,87611830,3.0,Brax - Léguevin,Pibrac
87611830,87611822,4.0,Pibrac,Brax - Léguevin
87611830,87611921,3.0,Pibrac,Colomiers Lycée International
87611848,87611004,7.0,Montrabé,Toulouse Matabiau
87611848,87615369,8.0,Montrabé,Montastruc-la-Conseillère
87611848,87615377,6.0,Montrabé,Gragnague
87611855,87586008,12.0,Lamagistère,Agen
87611855,87611863,3.0,Lamagistère,Valence d'Agen
87611863,87611855,3.0,Valence d'Agen,Lamagistère
87611863,87611889,9.0,Valence d'Agen,Moissac
87611889,87611863,9.0,Moissac,Valence d'Agen
87611889,87611897,5.0,Moissac,Castelsarrasin
87611897,87611244,40.0,Castelsarrasin,Montauban Ville Bourbon
87611897,87611459,5.0,Castelsarrasin,Lavilledieu
87611897,87611889,5.0,Castelsarrasin,Moissac
87611921,87611467,2.0,Colomiers Lycée International,Colomiers
87611921,87611830,3.0,Colomiers Lycée International,Pibrac
87611939,87353573,2.0,Lardenne,Le Toec
87611939,87353599,2.0,Lardenne,Saint-Martin du Touch
87611939,87446179,2.0,Lardenne,Saint-Cyprien Arènes
87611939,87611467,3.0,Lardenne,Colomiers
87612002,87611004,7.0,Labège Innopole,Toulouse Matabiau
87612002,87611707,3.0,Labège Innopole,Escalquens
87612002,87611723,8.0,Labège Innopole,Baziège
87612002,87612010,2.0,Labège Innopole,Montaudran
87612002,87612028,2.0,Labège Innopole,Labège Village
87612010,87611004,5.0,Montaudran,Toulouse Matabiau
87612010,87612002,3.0,Montaudran,Labège Innopole
87612028,87611707,2.0,Labège Village,Escalquens
87612028,87612002,2.0,Labège Village,Labège Innopole
87613000,87543017,387.0,Cahors,Les Aubrais
87613000,87611244,44.0,Cahors,Montauban Ville Bourbon
87613000,87613141,25.0,Cahors,Gourdon
87613000,87613174,18.0,Cahors,Dégagnac
87613000,87613323,11.0,Cahors,Lalbenque - Fontanes
87613000,87613356,25.0,Cahors,Caussade
87613042,87594572,17.0,Rocamadour - Padirac,Saint-Denis-Près-Martel
87613042,87594713,20.0,Rocamadour - Padirac,Martel
87613042,87613059,6.0,Rocamadour - Padirac,Gramat
87613059,87613042,6.0,Gramat,Rocamadour - Padirac
87613059,87613075,10.0,Gramat,Assier
87613075,87613059,10.0,Assier,Gramat
87613075,87613091,14.0,Assier,Figeac
87613091,87613075,14.0,Figeac,Assier
87613091,87613109,6.0,Figeac,Capdenac
87613091,87613604,13.0,Figeac,Bagnac
87613109,87594002,105.0,Capdenac,Brive-la-Gaillarde
87613109,87613091,6.0,Capdenac,Figeac
87613109,87613661,14.0,Capdenac,Viviez - Decazeville
87613109,87613877,12.0,Capdenac,Salles-Courbatiès
87613109,87613885,20.0,Capdenac,Villeneuve-d'Aveyron
87613109,87613893,45.0,Capdenac,Villefranche-de-Rouergue
87613141,87594333,14.0,Gourdon,Souillac
87613141,87613000,25.0,Gourdon,Cahors
87613141,87613174,8.0,Gourdon,Dégagnac
87613174,87613000,17.0,Dégagnac,Cahors
87613174,87613141,8.0,Dégagnac,Gourdon
87613224,87613232,3.0,Aubin,Cransac
87613224,87613257,25.0,Aubin,Saint-Christophe
87613224,87613661,4.0,Aubin,Viviez - Decazeville
87613232,87613224,3.0,Cransac,Aubin
87613232,87613257,11.0,Cransac,Saint-Christophe
87613257,87613224,25.0,Saint-Christophe,Aubin
87613257,87613232,11.0,Saint-Christophe,Cransac
87613257,87613422,25.0,Saint-Christophe,Rodez
87613323,87613000,11.0,Lalbenque - Fontanes,Cahors
87613323,87613356,14.0,Lalbenque - Fontanes,Caussade
87613356,87611244,13.0,Caussade,Montauban Ville Bourbon
87613356,87613000,24.0,Caussade,Cahors
87613356,87613323,14.0,Caussade,Lalbenque - Fontanes
87613356,87613398,6.0,Caussade,Albias
87613398,87611244,7.0,Albias,Montauban Ville Bourbon
87613398,87613356,6.0,Albias,Caussade
87613422,87613257,26.0,Rodez,Saint-Christophe
87613422,87615625,67.0,Rodez,Carmaux
87613422,87615732,34.0,Rodez,Naucelle
87613422,87615773,9.0,Rodez,Luc-Primaube
87613422,87755140,4.0,Rodez,Onet-le-Château Route de Sévérac
87613463,87440016,10.0,Najac,La Fouillade
87613463,87613471,9.0,Najac,Laguépie
87613463,87613893,14.0,Najac,Villefranche-de-Rouergue
87613471,87440016,17.0,Laguépie,La Fouillade
87613471,87613463,9.0,Laguépie,Najac
87613471,87613489,7.0,Laguépie,Lexos
87613489,87613471,7.0,Lexos,Laguépie
87613489,87613802,9.0,Lexos,Cordes - Vindrac
87613604,87613091,13.0,Bagnac,Figeac
87613604,87645168,6.0,Bagnac,Maurs
87613661,87613109,14.0,Viviez - Decazeville,Capdenac
87613661,87613224,4.0,Viviez - Decazeville,Aubin
87613802,87613489,8.0,Cordes - Vindrac,Lexos
87613802,87615245,33.0,Cordes - Vindrac,Tessonnières
87613802,87615252,17.0,Cordes - Vindrac,Gaillac
87613877,87613109,12.0,Salles-Courbatiès,Capdenac
87613877,87613893,14.0,Salles-Courbatiès,Villefranche-de-Rouergue
87613885,87613109,30.0,Villeneuve-d'Aveyron,Capdenac
87613885,87613893,17.0,Villeneuve-d'Aveyron,Villefranche-de-Rouergue
87613893,87440016,20.0,Villefranche-de-Rouergue,La Fouillade
87613893,87611004,120.0,Villefranche-de-Rouergue,Toulouse Matabiau
87613893,87613109,45.0,Villefranche-de-Rouergue,Capdenac
87613893,87613463,14.0,Villefranche-de-Rouergue,Najac
87613893,87613877,13.0,Villefranche-de-Rouergue,Salles-Courbatiès
87613893,87613885,15.0,Villefranche-de-Rouergue,Villeneuve-d'Aveyron
87613893,87615245,98.0,Villefranche-de-Rouergue,Tessonnières
87615005,87611004,70.0,Albi Ville,Toulouse Matabiau
87615005,87615195,2.0,Albi Ville,Albi Madeleine
87615005,87615252,12.0,Albi Ville,Gaillac
87615005,87615419,6.0,Albi Ville,Marssac-sur-tarn
87615005,87615625,35.0,Albi Ville,Carmaux
87615013,87611723,5.0,Villefranche-de-Lauragais,Baziège
87615013,87615039,10.0,Villefranche-de-Lauragais,Castelnaudary
87615013,87616011,4.0,Villefranche-de-Lauragais,Avignonet
87615013,87618215,3.0,Villefranche-de-Lauragais,Villenouvelle
87615039,87615013,10.0,Castelnaudary,Villefranche-de-Lauragais
87615039,87615054,8.0,Castelnaudary,Bram
87615039,87616011,7.0,Castelnaudary,Avignonet
87615054,87615039,8.0,Bram,Castelnaudary
87615054,87615286,10.0,Bram,Carcassonne
87615112,87615286,17.0,Lézignan-Corbières,Carcassonne
87615112,87781104,12.0,Lézignan-Corbières,Narbonne
87615120,87615138,3.0,Couffoulens - Leuc,Verzeille
87615120,87615286,10.0,Couffoulens - Leuc,Carcassonne
87615138,87615120,3.0,Verzeille,Couffoulens - Leuc
87615138,87615146,4.0,Verzeille,Pomas
87615146,87598755,7.0,Pomas,Limoux - Flassian
87615146,87615138,3.0,Pomas,Verzeille
87615161,87598755,2.0,Limoux,Limoux - Flassian
87615161,87615187,13.0,Limoux,Alet-les-Bains
87615187,87615161,13.0,Alet-les-Bains,Limoux
87615187,87640714,8.0,Alet-les-Bains,Couiza Saint-Anne
87615195,87615005,3.0,Albi Madeleine,Albi Ville
87615195,87615625,12.0,Albi Madeleine,Carmaux
87615203,87615211,6.0,Couiza - Montazels,Espéraza
87615203,87640714,2.0,Couiza - Montazels,Couiza Saint-Anne
87615211,87615203,6.0,Espéraza,Couiza - Montazels
87615211,87640706,5.0,Espéraza,Campagne-sur-Aude Le Vieux Pont
87615245,87613802,35.0,Tessonnières,Cordes - Vindrac
87615245,87613893,100.0,Tessonnières,Villefranche-de-Rouergue
87615245,87615252,3.0,Tessonnières,Gaillac
87615245,87615419,6.0,Tessonnières,Marssac-sur-tarn
87615252,87551945,55.0,Gaillac,Toulouse Argoulets
87615252,87613802,17.0,Gaillac,Cordes - Vindrac
87615252,87615005,13.0,Gaillac,Albi Ville
87615252,87615245,4.0,Gaillac,Tessonnières
87615252,87615310,6.0,Gaillac,Lisle-sur-Tarn
87615260,87640706,10.0,Quillan,Campagne-sur-Aude Le Vieux Pont
87615286,87611004,41.0,Carcassonne,Toulouse Matabiau
87615286,87615054,9.0,Carcassonne,Bram
87615286,87615112,17.0,Carcassonne,Lézignan-Corbières
87615286,87615120,8.0,Carcassonne,Couffoulens - Leuc
87615286,87781104,28.0,Carcassonne,Narbonne
87615310,87615252,6.0,Lisle-sur-Tarn,Gaillac
87615310,87615328,5.0,Lisle-sur-Tarn,Rabastens - Couffouleux
87615310,87615344,9.0,Lisle-sur-Tarn,Saint-Sulpice
87615328,87615310,5.0,Rabastens - Couffouleux,Lisle-sur-Tarn
87615328,87615344,4.0,Rabastens - Couffouleux,Saint-Sulpice
87615344,87328021,6.0,Saint-Sulpice,Les Cauquillous
87615344,87611004,20.0,Saint-Sulpice,Toulouse Matabiau
87615344,87615252,25.0,Saint-Sulpice,Gaillac
87615344,87615310,8.0,Saint-Sulpice,Lisle-sur-Tarn
87615344,87615328,5.0,Saint-Sulpice,Rabastens - Couffouleux
87615344,87615351,4.0,Saint-Sulpice,Roquesérière - Buzet
87615344,87615369,7.0,Saint-Sulpice,Montastruc-la-Conseillère
87615344,87615377,11.0,Saint-Sulpice,Gragnague
87615344,87615476,15.0,Saint-Sulpice,Lavaur
87615351,87615344,5.0,Roquesérière - Buzet,Saint-Sulpice
87615351,87615369,5.0,Roquesérière - Buzet,Montastruc-la-Conseillère
87615369,87611004,14.0,Montastruc-la-Conseillère,Toulouse Matabiau
87615369,87611848,8.0,Montastruc-la-Conseillère,Montrabé
87615369,87615344,7.0,Montastruc-la-Conseillère,Saint-Sulpice
87615369,87615351,4.0,Montastruc-la-Conseillère,Roquesérière - Buzet
87615369,87615377,4.0,Montastruc-la-Conseillère,Gragnague
87615377,87611004,12.0,Gragnague,Toulouse Matabiau
87615377,87611848,6.0,Gragnague,Montrabé
87615377,87615369,4.0,Gragnague,Montastruc-la-Conseillère
87615419,87615005,6.0,Marssac-sur-tarn,Albi Ville
87615419,87615245,6.0,Marssac-sur-tarn,Tessonnières
87615419,87615252,9.0,Marssac-sur-tarn,Gaillac
87615468,87615476,45.0,Castres,Lavaur
87615468,87615492,9.0,Castres,Vielmur-sur-Agout
87615468,87615526,9.0,Castres,Labruguière
87615476,87328021,5.0,Lavaur,Les Cauquillous
87615476,87615344,15.0,Lavaur,Saint-Sulpice
87615476,87615468,45.0,Lavaur,Castres
87615476,87615484,10.0,Lavaur,Damiatte - Saint-Paul
87615484,87615476,9.0,Damiatte - Saint-Paul,Lavaur
87615484,87615492,7.0,Damiatte - Saint-Paul,Vielmur-sur-Agout
87615492,87615468,10.0,Vielmur-sur-Agout,Castres
87615492,87615484,8.0,Vielmur-sur-Agout,Damiatte - Saint-Paul
87615526,87615468,8.0,Labruguière,Castres
87615526,87615542,10.0,Labruguière,Mazamet
87615542,87615526,8.0,Mazamet,Labruguière
87615625,87613422,67.0,Carmaux,Rodez
87615625,87615005,35.0,Carmaux,Albi Ville
87615625,87615195,11.0,Carmaux,Albi Madeleine
87615625,87615674,10.0,Carmaux,Tanus
87615625,87615732,23.0,Carmaux,Naucelle
87615674,87615625,14.0,Tanus,Carmaux
87615674,87615732,10.0,Tanus,Naucelle
87615732,87613422,34.0,Naucelle,Rodez
87615732,87615625,22.0,Naucelle,Carmaux
87615732,87615674,9.0,Naucelle,Tanus
87615732,87615757,13.0,Naucelle,Baraqueville
87615757,87615732,11.0,Baraqueville,Naucelle
87615757,87615773,10.0,Baraqueville,Luc-Primaube
87615773,87613422,10.0,Luc-Primaube,Rodez
87615773,87615757,10.0,Luc-Primaube,Baraqueville
87616011,87615013,4.0,Avignonet,Villefranche-de-Lauragais
87616011,87615039,7.0,Avignonet,Castelnaudary
87618116,87611384,9.0,Pins-Justaret,Auterive
87618116,87611392,3.0,Pins-Justaret,Venerque - Le Vernet
87618116,87611400,4.0,Pins-Justaret,Portet Saint-Simon
87618207,87611707,4.0,Montlaur,Escalquens
87618207,87611723,3.0,Montlaur,Baziège
87618215,87611723,3.0,Villenouvelle,Baziège
87618215,87615013,4.0,Villenouvelle,Villefranche-de-Lauragais
87618348,87137158,7.0,Mercus-Garrabet,Tarascon-sur-Ariège Espace Francois Mitterrand
87618710,87611178,7.0,Saléchan - Siradan,Loures - Barbazan
87618710,87611194,5.0,Saléchan - Siradan,Marignac - Saint-Béat
87635581,87751701,1.0,La Barasse,Saint-Marcel
87635581,87751743,2.0,La Barasse,La Penne-sur-Huveaune
87635771,87406959,7.0,Lemberg Mairie,Enchenberg Mairie
87635771,87686360,2.0,Lemberg Mairie,Lemberg Grand-Rue
87635821,87703694,3.0,Koenigsmacker Centre,Koenigsmacker Metrich École
87635821,87703769,6.0,Koenigsmacker Centre,Basse-Ham Stade
87635847,87635854,4.0,Sierck-les-Bains Place Morbach,Apach Église
87635847,87703694,7.0,Sierck-les-Bains Place Morbach,Koenigsmacker Metrich École
87635854,87635847,5.0,Apach Église,Sierck-les-Bains Place Morbach
87635854,87697839,4.0,Apach Église,Perl Gare Routière
87635862,87635870,7.0,Les Islettes Centre,Clermont-en-Argonne Centre
87635862,87635938,10.0,Les Islettes Centre,Sainte-Ménéhould Médiathèque
87635870,87175778,28.0,Clermont-en-Argonne Centre,Verdun
87635870,87635862,7.0,Clermont-en-Argonne Centre,Les Islettes Centre
87635920,87635938,27.0,Suippes Camp,Sainte-Ménéhould Médiathèque
87635920,87640144,3.0,Suippes Camp,Suippes Garage
87635938,87635862,10.0,Sainte-Ménéhould Médiathèque,Les Islettes Centre
87635938,87635920,27.0,Sainte-Ménéhould Médiathèque,Suippes Camp
87639922,87212142,5.0,Minversheim Rue Principale,Mommenheim
87639922,87639930,2.0,Minversheim Rue Principale,Alteckendorf Eckendorf
87639930,87639922,2.0,Alteckendorf Eckendorf,Minversheim Rue Principale
87639930,87639948,1.0,Alteckendorf Eckendorf,Alteckendorf Mairie
87639948,87639930,1.0,Alteckendorf Mairie,Alteckendorf Eckendorf
87639948,87639955,1.0,Alteckendorf Mairie,Alteckendorf Altdorf
87639955,87213827,2.0,Alteckendorf Altdorf,Ettendorf
87639955,87639948,1.0,Alteckendorf Altdorf,Alteckendorf Mairie
87639963,87213827,1.0,Ettendorf Place de l'école,Ettendorf
87639971,87213827,1.0,Ettendorf  Rue du Pont,Ettendorf
87639971,87639963,1.0,Ettendorf  Rue du Pont,Ettendorf Place de l'école
87639971,87936989,4.0,Ettendorf  Rue du Pont,Buswiller-Eglise
87640144,87635920,3.0,Suippes Garage,Suippes Camp
87640144,87742221,30.0,Suippes Garage,Châlons-en-Champagne Marne
87640375,87640383,4.0,Sélestat  Schweisguth,Sélestat Koeberlé
87640383,87640391,6.0,Sélestat Koeberlé,Sélestat Schwilgué
87640391,87214056,7.0,Sélestat Schwilgué,Sélestat
87640391,87640375,4.0,Sélestat Schwilgué,Sélestat  Schweisguth
87640391,87640789,24.0,Sélestat Schwilgué,Lièpvre Centre
87640409,87214056,2.0,Sélestat R. Ste-Marie-a.-Mines,Sélestat
87640409,87640441,5.0,Sélestat R. Ste-Marie-a.-Mines,Châtenois Gare
87640441,87640409,5.0,Châtenois Gare,Sélestat R. Ste-Marie-a.-Mines
87640441,87640458,3.0,Châtenois Gare,Châtenois Val-de-Villé Gare
87640458,87640441,1.0,Châtenois Val-de-Villé Gare,Châtenois Gare
87640458,87640466,4.0,Châtenois Val-de-Villé Gare,La Vancelle Hurst
87640458,87640490,5.0,Châtenois Val-de-Villé Gare,Lièpvre Bois l'Abesse ZI
87640458,87640789,8.0,Châtenois Val-de-Villé Gare,Lièpvre Centre
87640458,87640797,9.0,Châtenois Val-de-Villé Gare,Lièpvre Écoles
87640458,87744235,15.0,Châtenois Val-de-Villé Gare,Châtenois Collège
87640466,87640458,3.0,La Vancelle Hurst,Châtenois Val-de-Villé Gare
87640466,87640474,5.0,La Vancelle Hurst,La Vancelle Centre
87640474,87640466,4.0,La Vancelle Centre,La Vancelle Hurst
87640474,87640482,6.0,La Vancelle Centre,Lièpvre Route La Vancelle
87640482,87640474,4.0,Lièpvre Route La Vancelle,La Vancelle Centre
87640482,87640797,3.0,Lièpvre Route La Vancelle,Lièpvre Écoles
87640490,87640458,5.0,Lièpvre Bois l'Abesse ZI,Châtenois Val-de-Villé Gare
87640490,87640789,5.0,Lièpvre Bois l'Abesse ZI,Lièpvre Centre
87640623,87775007,15.0,Saint-Césaire Mas du Cheylon,Nîmes Centre
87640623,87775791,16.0,Saint-Césaire Mas du Cheylon,Générac
87640631,87783266,16.0,Marvejols Place du Chayla,Aumont-Aubrac
87640631,87783282,3.0,Marvejols Place du Chayla,Marvejols
87640631,87783605,38.0,Marvejols Place du Chayla,Mende
87640649,87640698,2.0,Chirac Ville,Le Monastier Ville
87640649,87783282,6.0,Chirac Ville,Marvejols
87640656,87783563,4.0,Balsièges Arrêt RN88,Barjac
87640656,87783605,12.0,Balsièges Arrêt RN88,Mende
87640672,87783308,6.0,Les Salelles Embranchement RN 88,Le Monastier
87640672,87783530,5.0,Les Salelles Embranchement RN 88,Chanac
87640680,87783530,2.0,Le Bruel Route Nationale 88,Chanac
87640680,87783563,6.0,Le Bruel Route Nationale 88,Barjac
87640698,87640649,2.0,Le Monastier Ville,Chirac Ville
87640698,87783308,1.0,Le Monastier Ville,Le Monastier
87640706,87615211,5.0,Campagne-sur-Aude Le Vieux Pont,Espéraza
87640706,87615260,10.0,Campagne-sur-Aude Le Vieux Pont,Quillan
87640714,87615187,8.0,Couiza Saint-Anne,Alet-les-Bains
87640714,87615203,2.0,Couiza Saint-Anne,Couiza - Montazels
87640789,87640839,2.0,Lièpvre Centre,Lièpvre Rue Robert Guth
87640789,87640847,4.0,Lièpvre Centre,Lièpvre Musloch
87640797,87640805,2.0,Lièpvre Écoles,Rombach-le-Franc  Place des Fêtes
87640805,87640813,1.0,Rombach-le-Franc  Place des Fêtes,Rombach-le-Franc Scierie
87640813,87640821,3.0,Rombach-le-Franc Scierie,Lièpvre Rue du Vieux Moulin
87640821,87640458,10.0,Lièpvre Rue du Vieux Moulin,Châtenois Val-de-Villé Gare
87640821,87640482,2.0,Lièpvre Rue du Vieux Moulin,Lièpvre Route La Vancelle
87640821,87640789,3.0,Lièpvre Rue du Vieux Moulin,Lièpvre Centre
87640839,87640847,2.0,Lièpvre Rue Robert Guth,Lièpvre Musloch
87640839,87678482,5.0,Lièpvre Rue Robert Guth,Sainte-Croix-aux-Mines Centre
87640839,87678490,2.0,Lièpvre Rue Robert Guth,Lièpvre Pharmacie
87640847,87640839,2.0,Lièpvre Musloch,Lièpvre Rue Robert Guth
87640847,87640854,2.0,Lièpvre Musloch,Ste-Croix-aux-Mines Stimbach
87640854,87640847,2.0,Ste-Croix-aux-Mines Stimbach,Lièpvre Musloch
87640854,87678482,1.0,Ste-Croix-aux-Mines Stimbach,Sainte-Croix-aux-Mines Centre
87640870,87214858,12.0,Ste-Croix Sq. G. de Gaulle,Sainte-Marie-aux-Mines Cité Scolaire
87640870,87640912,2.0,Ste-Croix Sq. G. de Gaulle,Ste-Marie-aux-M S. Techniques
87640870,87678482,1.0,Ste-Croix Sq. G. de Gaulle,Sainte-Croix-aux-Mines Centre
87640912,87640870,1.0,Ste-Marie-aux-M S. Techniques,Ste-Croix Sq. G. de Gaulle
87640912,87640920,1.0,Ste-Marie-aux-M S. Techniques,Ste-Marie-aux-Mines Espace Musées
87640912,87640979,16.0,Ste-Marie-aux-M S. Techniques,Raves (Ancienne Gare)
87640920,87214858,6.0,Ste-Marie-aux-Mines Espace Musées,Sainte-Marie-aux-Mines Cité Scolaire
87640920,87640938,1.0,Ste-Marie-aux-Mines Espace Musées,Ste-Marie-aux-Mines Mairie
87640920,87640946,2.0,Ste-Marie-aux-Mines Espace Musées,Ste-Marie-aux-Ms P. de Gaulle
87640938,87214858,4.0,Ste-Marie-aux-Mines Mairie,Sainte-Marie-aux-Mines Cité Scolaire
87640938,87640946,1.0,Ste-Marie-aux-Mines Mairie,Ste-Marie-aux-Ms P. de Gaulle
87640946,87214858,4.0,Ste-Marie-aux-Ms P. de Gaulle,Sainte-Marie-aux-Mines Cité Scolaire
87640946,87640953,1.0,Ste-Marie-aux-Ms P. de Gaulle,Ste-Marie-aux-Mines Théâtre
87640953,87640961,1.0,Ste-Marie-aux-Mines Théâtre,Ste-Marie-aux-Mines Super U
87640961,87640912,2.0,Ste-Marie-aux-Mines Super U,Ste-Marie-aux-M S. Techniques
87640979,87640912,16.0,Raves (Ancienne Gare),Ste-Marie-aux-M S. Techniques
87640979,87640987,3.0,Raves (Ancienne Gare),Remomeix Abri
87640987,87640979,2.0,Remomeix Abri,Raves (Ancienne Gare)
87640987,87640995,2.0,Remomeix Abri,Sainte-Marguerite Village
87640995,87640987,1.0,Sainte-Marguerite Village,Remomeix Abri
87640995,87641027,2.0,Sainte-Marguerite Village,Ste Marguerite Cora
87641001,87158006,35.0,Montluçon,Gouzon Champ de Foire
87641001,87323675,2.0,Montluçon,Montluçon Rimard
87641001,87417840,5.0,Montluçon,Montluçon LEM
87641001,87576009,95.0,Montluçon,Vierzon
87641001,87589580,7.0,Montluçon,La Ville Gozet Square H. Duna
87641001,87597724,42.0,Montluçon,Parsac - Gouzon
87641001,87641191,2.0,Montluçon,La Ville Gozet
87641001,87641217,9.0,Montluçon,Huriel
87641001,87641357,14.0,Montluçon,Vallon-en-Sully
87641001,87641415,10.0,Montluçon,Commentry
87641001,87694257,38.0,Montluçon,Parsac Centre
87641001,87732008,90.0,Montluçon,Vichy
87641001,87732206,85.0,Montluçon,Saint-Germain-des-Fossés
87641001,87732404,70.0,Montluçon,Gannat
87641001,87765990,31.0,Montluçon,Vallon-en-Sully Marché couvert
87641027,87640995,2.0,Ste Marguerite Cora,Sainte-Marguerite Village
87641027,87641332,2.0,Ste Marguerite Cora,Saint-Dié Rue d'Alsace
87641043,87641050,7.0,Lapeyrouse,Louroux-de-Bouble
87641043,87641415,14.0,Lapeyrouse,Commentry
87641043,87732404,30.0,Lapeyrouse,Gannat
87641050,87641043,8.0,Louroux-de-Bouble,Lapeyrouse
87641050,87641068,7.0,Louroux-de-Bouble,Bellenaves
87641068,87641043,14.0,Bellenaves,Lapeyrouse
87641068,87641050,7.0,Bellenaves,Louroux-de-Bouble
87641068,87641076,8.0,Bellenaves,Saint-Bonnet-de-Rochefort
87641068,87732404,17.0,Bellenaves,Gannat
87641076,87641068,8.0,Saint-Bonnet-de-Rochefort,Bellenaves
87641076,87732404,8.0,Saint-Bonnet-de-Rochefort,Gannat
87641191,87641001,3.0,La Ville Gozet,Montluçon
87641191,87641373,6.0,La Ville Gozet,Les Trillers
87641217,87597740,12.0,Huriel,Lavaufranche
87641217,87641001,9.0,Huriel,Montluçon
87641332,87144014,5.0,Saint-Dié Rue d'Alsace,Saint-Dié-des-Vosges
87641332,87641027,2.0,Saint-Dié Rue d'Alsace,Ste Marguerite Cora
87641357,87576322,17.0,Vallon-en-Sully,Saint-Amand-Montrond - Orval
87641357,87576348,8.0,Vallon-en-Sully,Urçay
87641357,87641001,15.0,Vallon-en-Sully,Montluçon
87641357,87641365,6.0,Vallon-en-Sully,Magnette
87641365,87589580,25.0,Magnette,La Ville Gozet Square H. Duna
87641365,87589804,3.0,Magnette,Reugny Rue De La Bascul
87641365,87641357,6.0,Magnette,Vallon-en-Sully
87641365,87641373,5.0,Magnette,Les Trillers
87641365,87765990,10.0,Magnette,Vallon-en-Sully Marché couvert
87641373,87641191,5.0,Les Trillers,La Ville Gozet
87641373,87641365,5.0,Les Trillers,Magnette
87641415,87323675,9.0,Commentry,Montluçon Rimard
87641415,87417840,20.0,Commentry,Montluçon LEM
87641415,87641001,11.0,Commentry,Montluçon
87641415,87641043,19.0,Commentry,Lapeyrouse
87641415,87732404,48.0,Commentry,Gannat
87641423,87641449,11.0,Volvic,Durtol - Nohanent
87641423,87680710,15.0,Volvic,Durtol T2C square Ch Sabourin
87641449,87641423,12.0,Durtol - Nohanent,Volvic
87641449,87734038,5.0,Durtol - Nohanent,Royat - Chamalières
87642223,87212225,7.0,Saverne Lycée Verne,Saverne
87642223,87642249,6.0,Saverne Lycée Verne,Saverne Place des Dragons
87642249,87642223,4.0,Saverne Place des Dragons,Saverne Lycée Verne
87642249,87642256,6.0,Saverne Place des Dragons,Saverne Haut Barr
87642256,87212225,7.0,Saverne Haut Barr,Saverne
87642256,87642249,8.0,Saverne Haut Barr,Saverne Place des Dragons
87642264,87642272,1.0,Dossenheim Mairie,Dossenheim Lotissement
87642264,87754192,1.0,Dossenheim Mairie,Dossenheim-sur-Zinsel Pressoir
87642272,87642264,1.0,Dossenheim Lotissement,Dossenheim Mairie
87642272,87642280,2.0,Dossenheim Lotissement,Neuwiller Pharmacie
87642280,87642272,3.0,Neuwiller Pharmacie,Dossenheim Lotissement
87642280,87642298,1.0,Neuwiller Pharmacie,Neuwiller Rue de Bouxwiller
87642298,87642280,1.0,Neuwiller Rue de Bouxwiller,Neuwiller Pharmacie
87642298,87763177,3.0,Neuwiller Rue de Bouxwiller,Griesbach-le-Bastberg Église
87642306,87642314,2.0,Bouxwiller Lycée Schattenmann,Bouxwiller Centre
87642306,87763177,5.0,Bouxwiller Lycée Schattenmann,Griesbach-le-Bastberg Église
87642314,87642306,2.0,Bouxwiller Centre,Bouxwiller Lycée Schattenmann
87642314,87702084,2.0,Bouxwiller Centre,Bouxwiller Clos Des Seigneurs
87642330,87213165,6.0,Menchhoffen Abri,Obermodern
87642330,87213785,4.0,Menchhoffen Abri,Ingwiller
87642330,87678466,4.0,Menchhoffen Abri,Uttwiller Croisement
87642348,87213744,6.0,Wimmenau D.919 - Rue de la Gare,Wingen-sur-Moder
87642348,87213785,7.0,Wimmenau D.919 - Rue de la Gare,Ingwiller
87642355,87213744,2.0,Wingen-sur-Moder Mairie,Wingen-sur-Moder
87642355,87642363,4.0,Wingen-sur-Moder Mairie,Rosteig Monument aux Morts
87642363,87642355,4.0,Rosteig Monument aux Morts,Wingen-sur-Moder Mairie
87642363,87642371,6.0,Rosteig Monument aux Morts,Col de Puberg
87642371,87213744,8.0,Col de Puberg,Wingen-sur-Moder
87642371,87642363,6.0,Col de Puberg,Rosteig Monument aux Morts
87642371,87642389,5.0,Col de Puberg,Frohmuhl Lavoir
87642389,87215699,3.0,Frohmuhl Lavoir,Tieffenbach - Struth
87642389,87642371,5.0,Frohmuhl Lavoir,Col de Puberg
87642801,87193821,5.0,Bitche Quartier Driant,Bitche Ancienne Gare
87642801,87193839,2.0,Bitche Quartier Driant,Bitche Camp
87643403,87214056,8.0,Cigoland,Sélestat
87643403,87643411,3.0,Cigoland,Kintzheim Mairie
87643411,87643403,3.0,Kintzheim Mairie,Cigoland
87643411,87643429,3.0,Kintzheim Mairie,Orschwiller Chapelle
87643429,87643411,3.0,Orschwiller Chapelle,Kintzheim Mairie
87643429,87643437,3.0,Orschwiller Chapelle,Saint-Hippolyte Hôtel Munsch
87643437,87643429,3.0,Saint-Hippolyte Hôtel Munsch,Orschwiller Chapelle
87643437,87643445,1.0,Saint-Hippolyte Hôtel Munsch,Saint-Hippolyte Parc Walter
87643445,87643437,1.0,Saint-Hippolyte Parc Walter,Saint-Hippolyte Hôtel Munsch
87643445,87748749,2.0,Saint-Hippolyte Parc Walter,Rorschwihr Cimetière
87643452,87643445,2.0,Rorschwihr Mairie,Saint-Hippolyte Parc Walter
87643460,87552141,5.0,Bergheim Porte haute,Ribeauville Gare Routière
87643460,87643452,3.0,Bergheim Porte haute,Rorschwihr Mairie
87644104,87337527,4.0,Courcay Rouvre,Reignac Café Brulé
87644104,87571430,5.0,Courcay Rouvre,Cormery
87645002,87645101,6.0,Aurillac,Ytrac
87645002,87645135,20.0,Aurillac,Laroquebrou
87645002,87645176,20.0,Aurillac,Pers
87645002,87645192,22.0,Aurillac,Le Rouget
87645002,87645440,13.0,Aurillac,Vic-sur-Cère
87645101,87645002,7.0,Ytrac,Aurillac
87645101,87645150,8.0,Ytrac,Lacapelle-Viescamp
87645135,87594762,43.0,Laroquebrou,Bretenoux - Biars
87645135,87594796,30.0,Laroquebrou,Laval-de-Cère
87645135,87645002,20.0,Laroquebrou,Aurillac
87645150,87645101,8.0,Lacapelle-Viescamp,Ytrac
87645150,87645176,6.0,Lacapelle-Viescamp,Pers
87645168,87613604,6.0,Maurs,Bagnac
87645168,87645184,13.0,Maurs,Boisset
87645168,87645192,22.0,Maurs,Le Rouget
87645176,87645150,6.0,Pers,Lacapelle-Viescamp
87645176,87645192,4.0,Pers,Le Rouget
87645184,87645168,13.0,Boisset,Maurs
87645184,87645192,10.0,Boisset,Le Rouget
87645192,87645002,23.0,Le Rouget,Aurillac
87645192,87645168,22.0,Le Rouget,Maurs
87645192,87645176,4.0,Le Rouget,Pers
87645192,87645184,11.0,Le Rouget,Boisset
87645440,87645002,12.0,Vic-sur-Cère,Aurillac
87645440,87645473,16.0,Vic-sur-Cère,Le Lioran
87645473,87645440,15.0,Le Lioran,Vic-sur-Cère
87645473,87645481,10.0,Le Lioran,Murat
87645481,87645473,11.0,Murat,Le Lioran
87645481,87645507,8.0,Murat,Neussargues
87645507,87645481,8.0,Neussargues,Murat
87645507,87734871,20.0,Neussargues,Massiac - Blesle
87645507,87783175,19.0,Neussargues,Saint-Flour - Chaudes-Aigues
87645705,87534099,3.0,Bort-les-Orgues,Bort-les-Orgues Ville
87654384,87213785,10.0,Lichtenberg Église,Ingwiller
87654384,87654392,2.0,Lichtenberg Église,Lichtenberg Picardie
87654392,87654384,3.0,Lichtenberg Picardie,Lichtenberg Église
87654392,87654442,4.0,Lichtenberg Picardie,Reipertswiller Salle Polyvalente
87654442,87213769,6.0,Reipertswiller Salle Polyvalente,Wimmenau
87654442,87654392,4.0,Reipertswiller Salle Polyvalente,Lichtenberg Picardie
87654467,87213769,1.0,Wimmenau Centre,Wimmenau
87654467,87213785,9.0,Wimmenau Centre,Ingwiller
87654475,87182725,10.0,Rouffach CHS,Merxheim
87654541,87182717,4.0,Merxheim Pl. Général de Gaulle,Raedersheim
87654558,87182238,8.0,Illfurth Croisement Gare-CD68,Altkirch
87654558,87654574,4.0,Illfurth Croisement Gare-CD68,Zillisheim Auberge Mohn
87654574,87182063,13.0,Zillisheim Auberge Mohn,Mulhouse
87654574,87654558,3.0,Zillisheim Auberge Mohn,Illfurth Croisement Gare-CD68
87654590,87654673,3.0,Stephansfeld Hôpital,Brumath Mairie
87654673,87212142,10.0,Brumath Mairie,Mommenheim
87658716,87212167,4.0,Schwindratzheim Général Leclerc,Hochfelden
87658740,87212183,5.0,Wilwisheim Haute-Montée,Dettwiller
87658849,87213165,7.0,Pfaffenhoffen Mairie,Obermodern
87658849,87595983,2.0,Pfaffenhoffen Mairie,La Walck Monument Aux Morts
87658849,87678730,1.0,Pfaffenhoffen Mairie,Pfaffenhoffen Pl. République
87658856,87215699,6.0,Adamswiller Lotissement la Forêt,Tieffenbach - Struth
87658856,87658922,1.0,Adamswiller Lotissement la Forêt,Adamswiller Mairie
87658922,87215665,7.0,Adamswiller Mairie,Diemeringen
87658922,87658856,1.0,Adamswiller Mairie,Adamswiller Lotissement la Forêt
87658930,87212027,10.0,Bischheim Arrêt CTS R. Gare,Strasbourg
87658930,87338517,6.0,Bischheim Arrêt CTS R. Gare,Hoenheim Tram
87658948,87212027,27.0,Kilstett 13 Route Nationale,Strasbourg
87658948,87212332,6.0,Kilstett 13 Route Nationale,Gambsheim
87658948,87659730,3.0,Kilstett 13 Route Nationale,Gambsheim Garage Peugeot
87658948,87757419,5.0,Kilstett 13 Route Nationale,La Wantzenau Église
87659631,87659664,5.0,Bouverans Halte Routière,Dompierre Halte Routière
87659631,87715144,2.0,Bouverans Halte Routière,La Rivière
87659649,87659722,4.0,Domblans Halte Routière,Voiteur Halte Routière
87659649,87718205,11.0,Domblans Halte Routière,Passenans
87659656,87718155,8.0,Buvilly Halte Routière,Arbois
87659656,87718189,5.0,Buvilly Halte Routière,Poligny
87659664,87659631,3.0,Dompierre Halte Routière,Bouverans Halte Routière
87659664,87715136,5.0,Dompierre Halte Routière,Frasne
87659722,87659649,4.0,Voiteur Halte Routière,Domblans Halte Routière
87659722,87718221,5.0,Voiteur Halte Routière,Montain-Lavigny
87659730,87212332,3.0,Gambsheim Garage Peugeot,Gambsheim
87659730,87658948,3.0,Gambsheim Garage Peugeot,Kilstett 13 Route Nationale
87659755,87212027,16.0,Hoerdt Maison de Retraite,Strasbourg
87659755,87659763,1.0,Hoerdt Maison de Retraite,Hoerdt Mairie
87659763,87212118,14.0,Hoerdt Mairie,Vendenheim
87659763,87659755,1.0,Hoerdt Mairie,Hoerdt Maison de Retraite
87659763,87659771,5.0,Hoerdt Mairie,Weyersheim Rue République
87659771,87659763,5.0,Weyersheim Rue République,Hoerdt Mairie
87659771,87659789,4.0,Weyersheim Rue République,Kurtzenhouse Mairie
87659771,87659797,6.0,Weyersheim Rue République,Kurtzenhouse 71 Route Principale
87659789,87659771,4.0,Kurtzenhouse Mairie,Weyersheim Rue République
87659789,87659797,1.0,Kurtzenhouse Mairie,Kurtzenhouse 71 Route Principale
87659797,87213611,9.0,Kurtzenhouse 71 Route Principale,Bischwiller
87659797,87659771,5.0,Kurtzenhouse 71 Route Principale,Weyersheim Rue République
87659797,87659789,2.0,Kurtzenhouse 71 Route Principale,Kurtzenhouse Mairie
87659797,87659805,7.0,Kurtzenhouse 71 Route Principale,Bischwiller Église Catholique
87659805,87213611,2.0,Bischwiller Église Catholique,Bischwiller
87659805,87659797,4.0,Bischwiller Église Catholique,Kurtzenhouse 71 Route Principale
87659813,87213611,2.0,Bischwiller Vestra,Bischwiller
87659813,87659821,5.0,Bischwiller Vestra,Kaltenhouse Rue de Bischwiller
87659821,87213058,10.0,Kaltenhouse Rue de Bischwiller,Haguenau
87659821,87659813,5.0,Kaltenhouse Rue de Bischwiller,Bischwiller Vestra
87659839,87213603,1.0,Marienthal Basilique Notre-Dame,Marienthal
87659847,87659839,4.0,Haguenau Statuette,Marienthal Basilique Notre-Dame
87659854,87182063,12.0,Rixheim Arrêt Soléa Barrières,Mulhouse
87659854,87182089,3.0,Rixheim Arrêt Soléa Barrières,Habsheim
87659862,87182089,12.0,Sierentz Centre,Habsheim
87659862,87182139,13.0,Sierentz Centre,Saint-Louis
87659862,87659870,5.0,Sierentz Centre,Bartenheim Pharmacie
87659870,87182139,12.0,Bartenheim Pharmacie,Saint-Louis
87659870,87659862,4.0,Bartenheim Pharmacie,Sierentz Centre
87659888,87182642,2.0,Oderen La Poste,Kruth
87659888,87659896,3.0,Oderen La Poste,Fellering Église
87659896,87182618,3.0,Fellering Église,Wesserling
87659896,87659888,3.0,Fellering Église,Oderen La Poste
87659904,87182618,1.0,Ranspach Ancienne Fonderie,Wesserling
87659904,87659912,2.0,Ranspach Ancienne Fonderie,Saint-Amarin Hôtel Le Cheval Blanc
87659912,87659904,3.0,Saint-Amarin Hôtel Le Cheval Blanc,Ranspach Ancienne Fonderie
87659912,87659920,3.0,Saint-Amarin Hôtel Le Cheval Blanc,Malmerspach Rond-point
87659912,87659938,4.0,Saint-Amarin Hôtel Le Cheval Blanc,Moosch Mairie
87659920,87659912,2.0,Malmerspach Rond-point,Saint-Amarin Hôtel Le Cheval Blanc
87659920,87659938,2.0,Malmerspach Rond-point,Moosch Mairie
87659938,87659912,4.0,Moosch Mairie,Saint-Amarin Hôtel Le Cheval Blanc
87659938,87659920,2.0,Moosch Mairie,Malmerspach Rond-point
87659938,87659946,3.0,Moosch Mairie,Willer-sur-Thur Mairie
87659946,87659938,3.0,Willer-sur-Thur Mairie,Moosch Mairie
87659946,87659953,3.0,Willer-sur-Thur Mairie,Bitschwiller-lès-Thann Mairie
87659953,87182881,4.0,Bitschwiller-lès-Thann Mairie,Thann Saint-Jacques
87659953,87659946,3.0,Bitschwiller-lès-Thann Mairie,Willer-sur-Thur Mairie
87659961,87659979,3.0,Thann La Poste,Vieux-Thann Parking de la Gare
87659979,87182568,4.0,Vieux-Thann Parking de la Gare,Thann
87659979,87659987,7.0,Vieux-Thann Parking de la Gare,Cernay Église
87659987,87182410,3.0,Cernay Église,Cernay
87659987,87659979,7.0,Cernay Église,Vieux-Thann Parking de la Gare
87659995,87182063,9.0,Dornach Gare Dmc,Mulhouse
87659995,87182667,5.0,Dornach Gare Dmc,Lutterbach
87660043,87660050,6.0,Walbourg Séminaire,Surbourg Rue Saint-Arbogast
87660050,87213405,7.0,Surbourg Rue Saint-Arbogast,Walbourg
87660050,87213421,5.0,Surbourg Rue Saint-Arbogast,Soultz-sous-Forêts
87660050,87660043,8.0,Surbourg Rue Saint-Arbogast,Walbourg Séminaire
87660126,87213421,7.0,Schoenenbourg Centre,Soultz-sous-Forêts
87660126,87660340,5.0,Schoenenbourg Centre,Ingolsheim Centre
87660340,87660126,5.0,Ingolsheim Centre,Schoenenbourg Centre
87660340,87660365,3.0,Ingolsheim Centre,Riedseltz Arrêt Chapelle
87660365,87660340,3.0,Riedseltz Arrêt Chapelle,Ingolsheim Centre
87660365,87660373,3.0,Riedseltz Arrêt Chapelle,Riedseltz Salle Polyvalente
87660373,87660365,3.0,Riedseltz Salle Polyvalente,Riedseltz Arrêt Chapelle
87660373,87660381,7.0,Riedseltz Salle Polyvalente,Wissembourg Altenstadt
87660381,87213470,2.0,Wissembourg Altenstadt,Wissembourg
87660381,87660373,7.0,Wissembourg Altenstadt,Riedseltz Salle Polyvalente
87660548,87214577,10.0,Mutzig Passage à Niveau,Molsheim
87660548,87214635,17.0,Mutzig Passage à Niveau,Urmatt
87660548,87660571,2.0,Mutzig Passage à Niveau,Mutzig Porte Centre
87660548,87660589,8.0,Mutzig Passage à Niveau,Gresswiller Abri
87660571,87660589,6.0,Mutzig Porte Centre,Gresswiller Abri
87660589,87214627,7.0,Gresswiller Abri,Heiligenberg - Mollkirch
87660589,87214635,12.0,Gresswiller Abri,Urmatt
87660589,87660548,9.0,Gresswiller Abri,Mutzig Passage à Niveau
87660605,87214635,8.0,Lutzelhouse Abri Église,Urmatt
87660605,87214643,3.0,Lutzelhouse Abri Église,Mullerhof
87660605,87214692,10.0,Lutzelhouse Abri Église,Schirmeck - La Broque
87660605,87660688,3.0,Lutzelhouse Abri Église,Wisches Église
87660688,87214684,3.0,Wisches Église,Russ-Hersbach
87660688,87214692,10.0,Wisches Église,Schirmeck - La Broque
87660688,87660605,3.0,Wisches Église,Lutzelhouse Abri Église
87660795,87214726,8.0,Devant Fouday Abri RN 420,Rothau
87660795,87214742,3.0,Devant Fouday Abri RN 420,Saint-Blaise-la-Roche
87660886,87214742,8.0,Bourg-Bruche Église,Saint-Blaise-la-Roche
87660886,87214783,6.0,Bourg-Bruche Église,Saales
87660910,87214247,12.0,Obernai Freppel - Gare,Barr
87660910,87214320,9.0,Obernai Freppel - Gare,Rosheim
87660936,87660977,5.0,Eichhoffen Carrefour Gare,Epfig Croisement Église - RN
87660977,87214213,9.0,Epfig Croisement Église - RN,Dambach-la-Ville
87665240,87182014,2.0,Colmar St-Joseph Rue du Val St-Grégoire,Colmar
87665240,87402297,3.0,Colmar St-Joseph Rue du Val St-Grégoire,Colmar Mésanges
87665240,87665331,4.0,Colmar St-Joseph Rue du Val St-Grégoire,Logelbach Hirn
87665265,87665331,4.0,Ingersheim Lycée R. Turckheim,Logelbach Hirn
87665265,87665356,2.0,Ingersheim Lycée R. Turckheim,Ingersheim Place du Général de Gaulle
87665265,87665380,2.0,Ingersheim Lycée R. Turckheim,Turckheim Place de la République
87665331,87402297,1.0,Logelbach Hirn,Colmar Mésanges
87665331,87665240,4.0,Logelbach Hirn,Colmar St-Joseph Rue du Val St-Grégoire
87665331,87665265,4.0,Logelbach Hirn,Ingersheim Lycée R. Turckheim
87665331,87665356,2.0,Logelbach Hirn,Ingersheim Place du Général de Gaulle
87665331,87665380,8.0,Logelbach Hirn,Turckheim Place de la République
87665356,87665265,2.0,Ingersheim Place du Général de Gaulle,Ingersheim Lycée R. Turckheim
87665356,87665331,2.0,Ingersheim Place du Général de Gaulle,Logelbach Hirn
87665356,87665380,4.0,Ingersheim Place du Général de Gaulle,Turckheim Place de la République
87665380,87181552,4.0,Turckheim Place de la République,Saint-Gilles Lycée Haut-Rhin
87665380,87182394,18.0,Turckheim Place de la République,Munster
87665380,87665265,3.0,Turckheim Place de la République,Ingersheim Lycée R. Turckheim
87665380,87665331,6.0,Turckheim Place de la République,Logelbach Hirn
87665380,87665455,5.0,Turckheim Place de la République,Walbach La Forge Abri D 417
87665380,87665463,8.0,Turckheim Place de la République,Wihr-au-Val - Soultzbach  D417
87665455,87181552,3.0,Walbach La Forge Abri D 417,Saint-Gilles Lycée Haut-Rhin
87665455,87665240,9.0,Walbach La Forge Abri D 417,Colmar St-Joseph Rue du Val St-Grégoire
87665455,87665380,5.0,Walbach La Forge Abri D 417,Turckheim Place de la République
87665455,87665463,2.0,Walbach La Forge Abri D 417,Wihr-au-Val - Soultzbach  D417
87665463,87181552,5.0,Wihr-au-Val - Soultzbach  D417,Saint-Gilles Lycée Haut-Rhin
87665463,87182394,9.0,Wihr-au-Val - Soultzbach  D417,Munster
87665463,87665380,9.0,Wihr-au-Val - Soultzbach  D417,Turckheim Place de la République
87665463,87665455,2.0,Wihr-au-Val - Soultzbach  D417,Walbach La Forge Abri D 417
87665463,87665471,2.0,Wihr-au-Val - Soultzbach  D417,Gunsbach D417
87665471,87665463,2.0,Gunsbach D417,Wihr-au-Val - Soultzbach  D417
87665471,87665489,2.0,Gunsbach D417,Munster Inter. D417-Badischhof
87665489,87182394,3.0,Munster Inter. D417-Badischhof,Munster
87665489,87665471,2.0,Munster Inter. D417-Badischhof,Gunsbach D417
87665505,87182394,2.0,Luttenbach Abri Route Principale,Munster
87665505,87665513,1.0,Luttenbach Abri Route Principale,Luttenbach Fronzell
87665513,87665505,1.0,Luttenbach Fronzell,Luttenbach Abri Route Principale
87665513,87665562,1.0,Luttenbach Fronzell,Breitenbach Restaurant Breit's bar
87665562,87665513,1.0,Breitenbach Restaurant Breit's bar,Luttenbach Fronzell
87665562,87665620,2.0,Breitenbach Restaurant Breit's bar,Muhlbach-sur-Munster Mairie
87665620,87182816,3.0,Muhlbach-sur-Munster Mairie,Metzeral
87665620,87665562,2.0,Muhlbach-sur-Munster Mairie,Breitenbach Restaurant Breit's bar
87666099,87409771,3.0,Chamelet Centre,Létra Gabodière
87666099,87721845,4.0,Chamelet Centre,Chambost-Allières
87667980,87694869,6.0,Diou Ville Bus,Gilly-sur-Loire
87667980,87696427,10.0,Diou Ville Bus,Dompierre Sept Fons
87668004,87696302,9.0,Villeneuve-sur-Allier Centre,Chantenay-Saint-Imbert
87668004,87696328,18.0,Villeneuve-sur-Allier Centre,Moulins sur Allier
87668095,87668111,7.0,Thiel-sur-Acolin abris-bus,Montbeugny Centre
87668095,87696427,7.0,Thiel-sur-Acolin abris-bus,Dompierre Sept Fons
87668111,87668095,7.0,Montbeugny Centre,Thiel-sur-Acolin abris-bus
87668111,87696328,17.0,Montbeugny Centre,Moulins sur Allier
87668137,87406926,2.0,Philippsbourg Falkenstein,Philippsbourg Lieschbach
87668137,87407296,6.0,Philippsbourg Falkenstein,Niederbronn-les-Bains Usine
87668152,87193821,8.0,Éguelshardt Abri,Bitche Ancienne Gare
87668152,87213298,3.0,Éguelshardt Abri,Bannstein Croisement
87668376,87668384,10.0,Séverac d'Aveyron Embrachement le Massegros,Verrieres Engayresque
87668376,87783365,5.0,Séverac d'Aveyron Embrachement le Massegros,Sévérac-le-Château
87668384,87668376,11.0,Verrieres Engayresque,Séverac d'Aveyron Embrachement le Massegros
87668384,87762583,7.0,Verrieres Engayresque,Aguessac Bellevue
87668384,87783001,20.0,Verrieres Engayresque,Millau
87668384,87783399,10.0,Verrieres Engayresque,Aguessac Avenue de Causses
87668459,87611749,10.0,Auch Allée Baylac,Auch
87671008,87611137,39.0,Tarbes,Saint-Gaudens
87671008,87611152,33.0,Tarbes,Montréjeau - Gourdan-Polignan
87671008,87671123,22.0,Tarbes,Lannemezan
87671008,87671172,11.0,Tarbes,Tournay
87671008,87671339,13.0,Tarbes,Lourdes
87671016,87671487,12.0,Mont-de-Marsan,Ygos
87671016,87671495,8.0,Mont-de-Marsan,Saint-Martin-d'Oney
87671016,87673103,20.0,Mont-de-Marsan,Morcenx
87671123,87611004,65.0,Lannemezan,Toulouse Matabiau
87671123,87611152,11.0,Lannemezan,Montréjeau - Gourdan-Polignan
87671123,87671008,22.0,Lannemezan,Tarbes
87671123,87671156,4.0,Lannemezan,Capvern
87671123,87671172,12.0,Lannemezan,Tournay
87671156,87671123,4.0,Capvern,Lannemezan
87671156,87671172,9.0,Capvern,Tournay
87671172,87671008,10.0,Tournay,Tarbes
87671172,87671123,12.0,Tournay,Lannemezan
87671172,87671156,9.0,Tournay,Capvern
87671339,87671008,13.0,Lourdes,Tarbes
87671339,87671362,8.0,Lourdes,Saint-Pé-de-Bigorre
87671339,87672006,25.0,Lourdes,Pau
87671339,87672139,14.0,Lourdes,Coarraze - Nay
87671362,87671339,8.0,Saint-Pé-de-Bigorre,Lourdes
87671362,87672113,4.0,Saint-Pé-de-Bigorre,Montaut Bétharram
87671479,87671487,5.0,Arengosse,Ygos
87671479,87673103,6.0,Arengosse,Morcenx
87671487,87671016,12.0,Ygos,Mont-de-Marsan
87671487,87671479,5.0,Ygos,Arengosse
87671487,87671495,5.0,Ygos,Saint-Martin-d'Oney
87671487,87673103,9.0,Ygos,Morcenx
87671495,87671016,8.0,Saint-Martin-d'Oney,Mont-de-Marsan
87671495,87671487,6.0,Saint-Martin-d'Oney,Ygos
87672006,87671339,25.0,Pau,Lourdes
87672006,87672139,10.0,Pau,Coarraze - Nay
87672006,87672162,5.0,Pau,Assat
87672006,87672212,11.0,Pau,Artix
87672006,87672253,20.0,Pau,Orthez
87672006,87672600,2.0,Pau,Croix du Prince
87672006,87673202,45.0,Pau,Dax
87672113,87671362,4.0,Montaut Bétharram,Saint-Pé-de-Bigorre
87672113,87672139,5.0,Montaut Bétharram,Coarraze - Nay
87672139,87671339,15.0,Coarraze - Nay,Lourdes
87672139,87672006,11.0,Coarraze - Nay,Pau
87672139,87672113,5.0,Coarraze - Nay,Montaut Bétharram
87672139,87672162,5.0,Coarraze - Nay,Assat
87672162,87672006,5.0,Assat,Pau
87672162,87672139,6.0,Assat,Coarraze - Nay
87672212,87672006,11.0,Artix,Pau
87672212,87672253,10.0,Artix,Orthez
87672253,87672006,21.0,Orthez,Pau
87672253,87672212,10.0,Orthez,Artix
87672253,87672279,9.0,Orthez,Puyoô
87672253,87673004,42.0,Orthez,Bayonne
87672253,87673202,26.0,Orthez,Dax
87672279,87672253,9.0,Puyoô,Orthez
87672279,87672337,12.0,Puyoô,Peyrehorade
87672279,87673202,17.0,Puyoô,Dax
87672337,87672279,12.0,Peyrehorade,Puyoô
87672337,87672386,10.0,Peyrehorade,Urt
87672337,87673004,25.0,Peyrehorade,Bayonne
87672386,87672337,10.0,Urt,Peyrehorade
87672386,87673004,12.0,Urt,Bayonne
87672600,87672006,3.0,Croix du Prince,Pau
87672600,87672618,6.0,Croix du Prince,Gan
87672618,87672600,5.0,Gan,Croix du Prince
87672618,87672634,10.0,Gan,Buzy en Béarn
87672634,87672618,10.0,Buzy en Béarn,Gan
87672634,87672709,4.0,Buzy en Béarn,Ogeu-les-Bains
87672709,87672634,5.0,Ogeu-les-Bains,Buzy en Béarn
87672709,87672725,8.0,Ogeu-les-Bains,Oloron-Sainte-Marie
87672725,87672709,8.0,Oloron-Sainte-Marie,Ogeu-les-Bains
87672725,87691949,3.0,Oloron-Sainte-Marie,Bidos
87672741,87672766,8.0,Lurbe-Saint-Christau,Sarrance
87672741,87691949,7.0,Lurbe-Saint-Christau,Bidos
87672766,87672741,9.0,Sarrance,Lurbe-Saint-Christau
87672766,87672774,7.0,Sarrance,Bedous
87672774,87672766,7.0,Bedous,Sarrance
87673004,87672253,41.0,Bayonne,Orthez
87673004,87672337,23.0,Bayonne,Peyrehorade
87673004,87672386,12.0,Bayonne,Urt
87673004,87673095,3.0,Bayonne,Boucau
87673004,87673202,30.0,Bayonne,Dax
87673004,87673277,14.0,Bayonne,Saint-Vincent-de-Tyrosse
87673004,87673293,8.0,Bayonne,Labenne
87673004,87673400,7.0,Bayonne,Biarritz
87673004,87673616,9.0,Bayonne,Villefranque
87673095,87673004,4.0,Boucau,Bayonne
87673095,87673319,4.0,Boucau,Ondres
87673103,87582478,31.0,Morcenx,Biganos Facture
87673103,87582551,9.0,Morcenx,Labouheyre
87673103,87671016,20.0,Morcenx,Mont-de-Marsan
87673103,87671479,6.0,Morcenx,Arengosse
87673103,87671487,9.0,Morcenx,Ygos
87673103,87673202,18.0,Morcenx,Dax
87673202,87581009,73.0,Dax,Bordeaux Saint-Jean
87673202,87582478,49.0,Dax,Biganos Facture
87673202,87672006,46.0,Dax,Pau
87673202,87672253,26.0,Dax,Orthez
87673202,87672279,17.0,Dax,Puyoô
87673202,87673004,29.0,Dax,Bayonne
87673202,87673103,18.0,Dax,Morcenx
87673202,87673251,8.0,Dax,Saubusse
87673202,87673269,20.0,Dax,Saint-Geours
87673202,87673277,14.0,Dax,Saint-Vincent-de-Tyrosse
87673251,87673202,11.0,Saubusse,Dax
87673251,87673269,3.0,Saubusse,Saint-Geours
87673269,87673251,3.0,Saint-Geours,Saubusse
87673269,87673277,4.0,Saint-Geours,Saint-Vincent-de-Tyrosse
87673277,87673004,16.0,Saint-Vincent-de-Tyrosse,Bayonne
87673277,87673202,16.0,Saint-Vincent-de-Tyrosse,Dax
87673277,87673269,4.0,Saint-Vincent-de-Tyrosse,Saint-Geours
87673277,87673285,4.0,Saint-Vincent-de-Tyrosse,Bénesse-Maremne
87673277,87673293,7.0,Saint-Vincent-de-Tyrosse,Labenne
87673285,87673277,4.0,Bénesse-Maremne,Saint-Vincent-de-Tyrosse
87673285,87673293,4.0,Bénesse-Maremne,Labenne
87673293,87673004,10.0,Labenne,Bayonne
87673293,87673277,7.0,Labenne,Saint-Vincent-de-Tyrosse
87673293,87673285,4.0,Labenne,Bénesse-Maremne
87673293,87673319,2.0,Labenne,Ondres
87673319,87673095,6.0,Ondres,Boucau
87673319,87673293,2.0,Ondres,Labenne
87673400,87673004,11.0,Biarritz,Bayonne
87673400,87673459,5.0,Biarritz,Guéthary
87673400,87677120,13.0,Biarritz,Saint-Jean-de-Luz - Ciboure
87673459,87673400,5.0,Guéthary,Biarritz
87673459,87677120,8.0,Guéthary,Saint-Jean-de-Luz - Ciboure
87673616,87673004,9.0,Villefranque,Bayonne
87673616,87673624,3.0,Villefranque,Ustaritz-Jatxou
87673624,87673616,3.0,Ustaritz-Jatxou,Villefranque
87673624,87673640,3.0,Ustaritz-Jatxou,Halsou - Larressore
87673640,87673624,3.0,Halsou - Larressore,Ustaritz-Jatxou
87673640,87673657,4.0,Halsou - Larressore,Cambo-les-Bains
87673657,87673640,3.0,Cambo-les-Bains,Halsou - Larressore
87673657,87673665,6.0,Cambo-les-Bains,Itxassou
87673665,87673657,6.0,Itxassou,Cambo-les-Bains
87673665,87673699,10.0,Itxassou,Bidarray Pont Noblia
87673699,87673665,10.0,Bidarray Pont Noblia,Itxassou
87673699,87673707,5.0,Bidarray Pont Noblia,Ossès - Saint-Martin-d'Arrossa
87673707,87673699,5.0,Ossès - Saint-Martin-d'Arrossa,Bidarray Pont Noblia
87673707,87673723,11.0,Ossès - Saint-Martin-d'Arrossa,Saint-Jean-Pied-de-Port
87673723,87673707,10.0,Saint-Jean-Pied-de-Port,Ossès - Saint-Martin-d'Arrossa
87676833,87599753,9.0,Saint-Éloi Église,Nevers Petit Canal
87676833,87696450,8.0,Saint-Éloi Église,Imphy
87676874,87696484,3.0,Saint-Léger-des-Vignes Mairie,Decize
87677005,87677104,3.0,Hendaye,Les Deux Jumeaux
87677005,87677120,10.0,Hendaye,Saint-Jean-de-Luz - Ciboure
87677047,87694570,12.0,Brion - Laisy Mairie,Autun
87677047,87694596,1.0,Brion - Laisy Mairie,Brion - Laizy
87677096,87478784,4.0,Changy Tourny Monument,Le Guidon
87677096,87694885,6.0,Changy Tourny Monument,Charolles
87677104,87677005,3.0,Les Deux Jumeaux,Hendaye
87677104,87677120,7.0,Les Deux Jumeaux,Saint-Jean-de-Luz - Ciboure
87677120,87673400,9.0,Saint-Jean-de-Luz - Ciboure,Biarritz
87677120,87673459,4.0,Saint-Jean-de-Luz - Ciboure,Guéthary
87677120,87677005,11.0,Saint-Jean-de-Luz - Ciboure,Hendaye
87677120,87677104,8.0,Saint-Jean-de-Luz - Ciboure,Les Deux Jumeaux
87677138,87484584,20.0,Chauffailles Gambetta,Poule-les-Écharmeaux Mairie
87677138,87699009,10.0,Chauffailles Gambetta,La Chapelle-sous-Dun
87677195,87683680,6.0,Voutenay-sur-Cure Place Mairie,Arcy-sur-Cure
87677195,87683722,5.0,Voutenay-sur-Cure Place Mairie,Sermizelles - Vézelay
87677245,87683664,2.0,Lucy-sur-Cure D606,Vermenton
87677245,87683680,2.0,Lucy-sur-Cure D606,Arcy-sur-Cure
87677252,87683631,10.0,Accolay Le Pont,Vincelles
87677252,87683664,10.0,Accolay Le Pont,Vermenton
87677948,87462796,6.0,Mauvezin Place de la Halle,Saint-Sauvy
87677948,87677955,7.0,Mauvezin Place de la Halle,Solomiac Halle
87677955,87462812,6.0,Solomiac Halle,Gimat Salle des Fetes
87677955,87677948,6.0,Solomiac Halle,Mauvezin Place de la Halle
87678466,87212225,21.0,Uttwiller Croisement,Saverne
87678466,87642330,4.0,Uttwiller Croisement,Menchhoffen Abri
87678466,87702084,4.0,Uttwiller Croisement,Bouxwiller Clos Des Seigneurs
87678474,87214056,15.0,Guémar Rond-point Sony,Sélestat
87678474,87552141,6.0,Guémar Rond-point Sony,Ribeauville Gare Routière
87678482,87640854,1.0,Sainte-Croix-aux-Mines Centre,Ste-Croix-aux-Mines Stimbach
87678482,87640870,1.0,Sainte-Croix-aux-Mines Centre,Ste-Croix Sq. G. de Gaulle
87678490,87640458,8.0,Lièpvre Pharmacie,Châtenois Val-de-Villé Gare
87678490,87640482,3.0,Lièpvre Pharmacie,Lièpvre Route La Vancelle
87678490,87640490,5.0,Lièpvre Pharmacie,Lièpvre Bois l'Abesse ZI
87678490,87640805,3.0,Lièpvre Pharmacie,Rombach-le-Franc  Place des Fêtes
87678524,87213256,2.0,Niederbronn Hotel de Ville,Niederbronn-les-Bains
87678524,87407270,2.0,Niederbronn Hotel de Ville,Niederbronn-les-Bains Archéologie
87678680,87678698,5.0,Haguenau Arrêt Ritmo Moulin Neuf,Schweighouse Égl. protestante
87678680,87678714,12.0,Haguenau Arrêt Ritmo Moulin Neuf,Neubourg Église
87678698,87678680,7.0,Schweighouse Égl. protestante,Haguenau Arrêt Ritmo Moulin Neuf
87678698,87678706,2.0,Schweighouse Égl. protestante,Schweighouse Maréchal Leclerc
87678706,87678698,2.0,Schweighouse Maréchal Leclerc,Schweighouse Égl. protestante
87678706,87678714,5.0,Schweighouse Maréchal Leclerc,Neubourg Église
87678714,87213884,5.0,Neubourg Église,Niedermodern Pont de la Moder
87678714,87678680,10.0,Neubourg Église,Haguenau Arrêt Ritmo Moulin Neuf
87678714,87678706,5.0,Neubourg Église,Schweighouse Maréchal Leclerc
87678714,87678730,9.0,Neubourg Église,Pfaffenhoffen Pl. République
87678730,87213165,5.0,Pfaffenhoffen Pl. République,Obermodern
87678730,87658849,2.0,Pfaffenhoffen Pl. République,Pfaffenhoffen Mairie
87678730,87678714,8.0,Pfaffenhoffen Pl. République,Neubourg Église
87680504,87641365,10.0,Les Trilliers Pn Carrefour,Magnette
87680579,87680702,11.0,Royat T2C Beausite,Clermont Université T2C
87680579,87680710,9.0,Royat T2C Beausite,Durtol T2C square Ch Sabourin
87680694,87734723,14.0,Chamalieres Place Parking M.,Vorey
87680694,87734749,8.0,Chamalieres Place Parking M.,Retournac
87680702,87680579,11.0,Clermont Université T2C,Royat T2C Beausite
87680702,87734004,4.0,Clermont Université T2C,Clermont-Ferrand
87680710,87641423,15.0,Durtol T2C square Ch Sabourin,Volvic
87680710,87680579,9.0,Durtol T2C square Ch Sabourin,Royat T2C Beausite
87680728,87409532,2.0,Fix Saint-Geneys Rn102 Bourg,Sainte-Eugénie-de-Villeneuve
87680728,87687400,7.0,Fix Saint-Geneys Rn102 Bourg,Coubladour Rond-Point
87680728,87731802,8.0,Fix Saint-Geneys Rn102 Bourg,Saint-Georges-d'Aurac Bourg
87680736,87734699,21.0,Lavoute Arrêt CG,Le Puy-en-Velay
87680736,87734715,5.0,Lavoute Arrêt CG,Saint-Vincent le Château
87682302,87682450,8.0,Montereau,Champagne-sur-Seine
87682302,87683102,6.0,Montereau,Villeneuve-la-Guyard
87682302,87686667,45.0,Montereau,Paris Bercy Bourg. Pays d'Auv.
87682450,87682302,9.0,Champagne-sur-Seine,Montereau
87682450,87686006,41.0,Champagne-sur-Seine,Paris Gare de Lyon Hall 1 - 2
87683003,87545244,55.0,Sens,Juvisy
87683003,87547000,70.0,Sens,Paris Austerlitz
87683003,87683136,6.0,Sens,Pont-sur-Yonne
87683003,87683201,5.0,Sens,Étigny - Véron
87683003,87683219,7.0,Sens,Villeneuve-sur-Yonne
87683003,87683243,14.0,Sens,Joigny
87683003,87686006,58.0,Sens,Paris Gare de Lyon Hall 1 - 2
87683003,87686667,57.0,Sens,Paris Bercy Bourg. Pays d'Auv.
87683102,87682302,6.0,Villeneuve-la-Guyard,Montereau
87683102,87683128,3.0,Villeneuve-la-Guyard,Champigny
87683102,87686667,50.0,Villeneuve-la-Guyard,Paris Bercy Bourg. Pays d'Auv.
87683128,87683102,3.0,Champigny,Villeneuve-la-Guyard
87683128,87683136,4.0,Champigny,Pont-sur-Yonne
87683136,87683003,6.0,Pont-sur-Yonne,Sens
87683136,87683128,4.0,Pont-sur-Yonne,Champigny
87683201,87683003,4.0,Étigny - Véron,Sens
87683201,87683219,4.0,Étigny - Véron,Villeneuve-sur-Yonne
87683219,87683003,7.0,Villeneuve-sur-Yonne,Sens
87683219,87683201,4.0,Villeneuve-sur-Yonne,Étigny - Véron
87683219,87683227,4.0,Villeneuve-sur-Yonne,Saint-Julien-du-Sault
87683227,87683219,4.0,Saint-Julien-du-Sault,Villeneuve-sur-Yonne
87683227,87683243,6.0,Saint-Julien-du-Sault,Joigny
87683243,87683003,15.0,Joigny,Sens
87683243,87683227,6.0,Joigny,Saint-Julien-du-Sault
87683243,87683268,5.0,Joigny,Laroche - Migennes
87683268,87117994,13.0,Laroche - Migennes,Brienon-sur-Armançon Mairie
87683268,87683243,5.0,Laroche - Migennes,Joigny
87683268,87683318,8.0,Laroche - Migennes,Saint-Florentin - Vergigny
87683268,87683532,5.0,Laroche - Migennes,Chemilly - Appoigny
87683268,87683573,12.0,Laroche - Migennes,Auxerre Saint-Gervais
87683318,87683268,8.0,Saint-Florentin - Vergigny,Laroche - Migennes
87683318,87713198,11.0,Saint-Florentin - Vergigny,Tonnerre
87683334,87117986,8.0,Saint-Florentin-Ville,Neuvy-Sautour Route Nationale
87683334,87765941,5.0,Saint-Florentin-Ville,Saint-Florentin Gare routière
87683532,87683268,6.0,Chemilly - Appoigny,Laroche - Migennes
87683532,87683557,4.0,Chemilly - Appoigny,Monéteau - Gurgy
87683557,87683532,7.0,Monéteau - Gurgy,Chemilly - Appoigny
87683557,87683573,5.0,Monéteau - Gurgy,Auxerre Saint-Gervais
87683573,87683268,15.0,Auxerre Saint-Gervais,Laroche - Migennes
87683573,87683557,5.0,Auxerre Saint-Gervais,Monéteau - Gurgy
87683573,87683615,6.0,Auxerre Saint-Gervais,Champs - Saint-Bris
87683573,87683631,8.0,Auxerre Saint-Gervais,Vincelles
87683573,87683649,15.0,Auxerre Saint-Gervais,Cravant - Bazarnes
87683573,87713040,120.0,Auxerre Saint-Gervais,Dijon
87683615,87683573,7.0,Champs - Saint-Bris,Auxerre Saint-Gervais
87683615,87683649,7.0,Champs - Saint-Bris,Cravant - Bazarnes
87683631,87677252,10.0,Vincelles,Accolay Le Pont
87683631,87683573,9.0,Vincelles,Auxerre Saint-Gervais
87683631,87683649,5.0,Vincelles,Cravant - Bazarnes
87683649,87683573,20.0,Cravant - Bazarnes,Auxerre Saint-Gervais
87683649,87683615,7.0,Cravant - Bazarnes,Champs - Saint-Bris
87683649,87683631,4.0,Cravant - Bazarnes,Vincelles
87683649,87683664,6.0,Cravant - Bazarnes,Vermenton
87683649,87683847,8.0,Cravant - Bazarnes,Mailly-la-Ville
87683664,87677245,3.0,Vermenton,Lucy-sur-Cure D606
87683664,87677252,10.0,Vermenton,Accolay Le Pont
87683664,87683649,6.0,Vermenton,Cravant - Bazarnes
87683664,87683680,6.0,Vermenton,Arcy-sur-Cure
87683680,87677195,6.0,Arcy-sur-Cure,Voutenay-sur-Cure Place Mairie
87683680,87677245,2.0,Arcy-sur-Cure,Lucy-sur-Cure D606
87683680,87683664,6.0,Arcy-sur-Cure,Vermenton
87683680,87683722,9.0,Arcy-sur-Cure,Sermizelles - Vézelay
87683722,87677195,5.0,Sermizelles - Vézelay,Voutenay-sur-Cure Place Mairie
87683722,87683680,9.0,Sermizelles - Vézelay,Arcy-sur-Cure
87683722,87683789,11.0,Sermizelles - Vézelay,Avallon
87683789,87683722,11.0,Avallon,Sermizelles - Vézelay
87683847,87683649,9.0,Mailly-la-Ville,Cravant - Bazarnes
87683847,87696856,8.0,Mailly-la-Ville,Châtel-Censoir
87684001,87547000,77.0,Montargis,Paris Austerlitz
87684001,87684126,16.0,Montargis,Nemours - Saint-Pierre
87684001,87684274,9.0,Montargis,Nogent-sur-Vernisson
87684001,87686667,61.0,Montargis,Paris Bercy Bourg. Pays d'Auv.
87684126,87684001,14.0,Nemours - Saint-Pierre,Montargis
87684126,87686667,47.0,Nemours - Saint-Pierre,Paris Bercy Bourg. Pays d'Auv.
87684274,87684001,9.0,Nogent-sur-Vernisson,Montargis
87684274,87684290,9.0,Nogent-sur-Vernisson,Gien
87684290,87684274,9.0,Gien,Nogent-sur-Vernisson
87684290,87696088,6.0,Gien,Briare
87684290,87737411,70.0,Gien,Les Aubrais Gare Routière
87685776,87691725,6.0,Rémilly Le Charnay Pont Bulvin,Avrée
87685776,87696518,9.0,Rémilly Le Charnay Pont Bulvin,Fours
87685784,85011031,9.0,Les Tavins,Vallorbe
87685784,87715524,3.0,Les Tavins,Jougne
87686006,85000109,218.0,Paris Gare de Lyon Hall 1 - 2,Basel SBB
87686006,87182063,155.0,Paris Gare de Lyon Hall 1 - 2,Mulhouse
87686006,87300822,136.0,Paris Gare de Lyon Hall 1 - 2,Belfort - Montbéliard TGV
87686006,87318964,155.0,Paris Gare de Lyon Hall 1 - 2,Avignon TGV
87686006,87319012,175.0,Paris Gare de Lyon Hall 1 - 2,Aix-en-Provence TGV
87686006,87682450,40.0,Paris Gare de Lyon Hall 1 - 2,Champagne-sur-Seine
87686006,87683003,54.0,Paris Gare de Lyon Hall 1 - 2,Sens
87686006,87694109,76.0,Paris Gare de Lyon Hall 1 - 2,Le Creusot-TGV
87686006,87713040,92.0,Paris Gare de Lyon Hall 1 - 2,Dijon
87686006,87713131,61.0,Paris Gare de Lyon Hall 1 - 2,Montbard
87686006,87723197,111.0,Paris Gare de Lyon Hall 1 - 2,Lyon Part Dieu
87686006,87725705,90.0,Paris Gare de Lyon Hall 1 - 2,Mâcon - Loché TGV
87686006,87741009,170.0,Paris Gare de Lyon Hall 1 - 2,Chambéry - Challes-les-Eaux
87686006,87741306,221.0,Paris Gare de Lyon Hall 1 - 2,Saint-Avre - La Chambre
87686006,87741645,208.0,Paris Gare de Lyon Hall 1 - 2,Albertville
87686006,87743005,107.0,Paris Gare de Lyon Hall 1 - 2,Bourg-en-Bresse
87686006,87745000,161.0,Paris Gare de Lyon Hall 1 - 2,Bellegarde
87686006,87745497,190.0,Paris Gare de Lyon Hall 1 - 2,Annemasse
87686006,87746370,313.0,Paris Gare de Lyon Hall 1 - 2,Cluses
87686006,87747006,169.0,Paris Gare de Lyon Hall 1 - 2,Grenoble
87686006,87751008,184.0,Paris Gare de Lyon Hall 1 - 2,Marseille Saint-Charles
87686006,87755009,228.0,Paris Gare de Lyon Hall 1 - 2,Toulon
87686006,87761007,143.0,Paris Gare de Lyon Hall 1 - 2,Valence Ville
87686006,87762906,106.0,Paris Gare de Lyon Hall 1 - 2,Lyon Saint-Exupéry TGV
87686006,87763029,129.0,Paris Gare de Lyon Hall 1 - 2,Valence TGV Rhône-Alpes Sud
87686360,87199612,5.0,Lemberg Grand-Rue,Reyersviller Schwangerbach
87686360,87635771,2.0,Lemberg Grand-Rue,Lemberg Mairie
87686667,87543017,61.0,Paris Bercy Bourg. Pays d'Auv.,Les Aubrais
87686667,87545244,16.0,Paris Bercy Bourg. Pays d'Auv.,Juvisy
87686667,87545525,39.0,Paris Bercy Bourg. Pays d'Auv.,Dourdan
87686667,87576009,94.0,Paris Bercy Bourg. Pays d'Auv.,Vierzon
87686667,87682302,43.0,Paris Bercy Bourg. Pays d'Auv.,Montereau
87686667,87683003,55.0,Paris Bercy Bourg. Pays d'Auv.,Sens
87686667,87683102,45.0,Paris Bercy Bourg. Pays d'Auv.,Villeneuve-la-Guyard
87686667,87684001,59.0,Paris Bercy Bourg. Pays d'Auv.,Montargis
87686667,87684126,47.0,Paris Bercy Bourg. Pays d'Auv.,Nemours - Saint-Pierre
87686667,87696005,115.0,Paris Bercy Bourg. Pays d'Auv.,Nevers
87686667,87696260,142.0,Paris Bercy Bourg. Pays d'Auv.,Saincaize
87686667,87734004,195.0,Paris Bercy Bourg. Pays d'Auv.,Clermont-Ferrand
87686667,87751081,551.0,Paris Bercy Bourg. Pays d'Auv.,Marseille Blancarde
87686667,87761783,432.0,Paris Bercy Bourg. Pays d'Auv.,Crest
87686667,87763300,561.0,Paris Bercy Bourg. Pays d'Auv.,Veynes Dévoluy
87686667,87775007,498.0,Paris Bercy Bourg. Pays d'Auv.,Nîmes Centre
87687400,87407932,2.0,Coubladour Rond-Point,Lanthenas
87687400,87680728,7.0,Coubladour Rond-Point,Fix Saint-Geneys Rn102 Bourg
87687400,87734699,25.0,Coubladour Rond-Point,Le Puy-en-Velay
87688887,87703975,18.0,Montpellier Sud de France,Nîmes Pont du Gard
87688887,87773200,14.0,Montpellier Sud de France,Sète
87688887,87781005,48.0,Montpellier Sud de France,Béziers
87690396,87110346,7.0,Montfey,Ervy-le-Châtel Halles
87690396,87110361,4.0,Montfey,Villeneuve-au-Chemin
87691394,87696195,4.0,La Marche,La Charité-sur-Loire
87691394,87696203,3.0,La Marche,Tronsanges
87691436,87696211,4.0,Garchizy,Pougues-les-Eaux
87691436,87696229,3.0,Garchizy,Fourchambault
87691469,87696005,2.0,Vauzelles,Nevers
87691469,87696229,3.0,Vauzelles,Fourchambault
87691600,87559070,2.0,Les Perrières,Nevers le Banlay
87691600,87696005,3.0,Les Perrières,Nevers
87691675,87696492,6.0,Verneuil,Cercy-la-Tour
87691725,87500082,6.0,Avrée,Luzy Champs de Foire
87691949,87672725,3.0,Bidos,Oloron-Sainte-Marie
87691949,87672741,7.0,Bidos,Lurbe-Saint-Christau
87693390,87361980,6.0,Egletons-ville,Rosiers-d'Égletons
87693390,87594168,3.0,Egletons-ville,Égletons
87694000,87694141,14.0,Le Creusot,Étang-sur-Arroux
87694000,87694182,6.0,Le Creusot,Marmagne sous Creusot
87694000,87694307,5.0,Le Creusot,Montchanin
87694109,87111849,69.0,Le Creusot-TGV,Marne-la-Vallée Chessy
87694109,87546192,82.0,Le Creusot-TGV,Pont de Rungis Aéroport d'Orly
87694109,87686006,77.0,Le Creusot-TGV,Paris Gare de Lyon Hall 1 - 2
87694109,87723197,39.0,Le Creusot-TGV,Lyon Part Dieu
87694109,87725705,18.0,Le Creusot-TGV,Mâcon - Loché TGV
87694141,87694000,13.0,Étang-sur-Arroux,Le Creusot
87694141,87694158,4.0,Étang-sur-Arroux,Mesvres
87694141,87694596,6.0,Étang-sur-Arroux,Brion - Laizy
87694141,87696534,13.0,Étang-sur-Arroux,Luzy
87694158,87694141,5.0,Mesvres,Étang-sur-Arroux
87694158,87694166,4.0,Mesvres,Broye
87694166,87694158,4.0,Broye,Mesvres
87694166,87694174,3.0,Broye,Saint-Symphorien-de-Marmagne
87694174,87694166,3.0,Saint-Symphorien-de-Marmagne,Broye
87694174,87694182,2.0,Saint-Symphorien-de-Marmagne,Marmagne sous Creusot
87694182,87694000,5.0,Marmagne sous Creusot,Le Creusot
87694182,87694174,2.0,Marmagne sous Creusot,Saint-Symphorien-de-Marmagne
87694257,87158006,9.0,Parsac Centre,Gouzon Champ de Foire
87694257,87417808,11.0,Parsac Centre,Ajain
87694257,87597609,22.0,Parsac Centre,Guéret
87694307,87694000,5.0,Montchanin,Le Creusot
87694307,87694364,10.0,Montchanin,Saint-Léger-sur-Dheune
87694307,87694612,9.0,Montchanin,Blanzy
87694307,87713545,24.0,Montchanin,Beaune
87694307,87713578,40.0,Montchanin,Chagny
87694307,87725002,40.0,Montchanin,Chalon-sur-Saône
87694364,87694307,10.0,Saint-Léger-sur-Dheune,Montchanin
87694364,87694398,5.0,Saint-Léger-sur-Dheune,Cheilly-lès-Maranges
87694398,87694364,4.0,Cheilly-lès-Maranges,Saint-Léger-sur-Dheune
87694398,87713594,2.0,Cheilly-lès-Maranges,Santenay les Bains
87694570,87677047,12.0,Autun,Brion - Laisy Mairie
87694596,87677047,1.0,Brion - Laizy,Brion - Laisy Mairie
87694596,87694141,5.0,Brion - Laizy,Étang-sur-Arroux
87694612,87694307,9.0,Blanzy,Montchanin
87694612,87694620,3.0,Blanzy,Montceau-les-Mines
87694620,87694612,3.0,Montceau-les-Mines,Blanzy
87694620,87694638,3.0,Montceau-les-Mines,Galuzot
87694638,87694620,4.0,Galuzot,Montceau-les-Mines
87694638,87694646,4.0,Galuzot,Ciry-le-Noble
87694646,87694638,4.0,Ciry-le-Noble,Galuzot
87694646,87694653,5.0,Ciry-le-Noble,Génelard
87694653,87694646,5.0,Génelard,Ciry-le-Noble
87694653,87694687,13.0,Génelard,Paray-le-Monial
87694687,87478693,12.0,Paray-le-Monial,Digoin Lycée
87694687,87694653,13.0,Paray-le-Monial,Génelard
87694687,87694695,12.0,Paray-le-Monial,Digoin
87694687,87694737,20.0,Paray-le-Monial,La Clayette - Baudemont
87694687,87694885,14.0,Paray-le-Monial,Charolles
87694695,87478693,3.0,Digoin,Digoin Lycée
87694695,87694687,13.0,Digoin,Paray-le-Monial
87694695,87694851,10.0,Digoin,Saint-Agnan
87694695,87694869,21.0,Digoin,Gilly-sur-Loire
87694729,87478784,3.0,Dyo,Le Guidon
87694729,87739961,3.0,Dyo,Saint-Symphorien-des-Bois
87694737,87694687,20.0,La Clayette - Baudemont,Paray-le-Monial
87694737,87694778,9.0,La Clayette - Baudemont,Chauffailles
87694737,87694885,16.0,La Clayette - Baudemont,Charolles
87694737,87699009,5.0,La Clayette - Baudemont,La Chapelle-sous-Dun
87694737,87739961,6.0,La Clayette - Baudemont,Saint-Symphorien-des-Bois
87694778,87484584,18.0,Chauffailles,Poule-les-Écharmeaux Mairie
87694778,87694737,9.0,Chauffailles,La Clayette - Baudemont
87694778,87699009,11.0,Chauffailles,La Chapelle-sous-Dun
87694778,87721860,19.0,Chauffailles,Lamure-sur-Azergues
87694851,87282335,5.0,Saint-Agnan,Perrigny-sur-Loire
87694851,87694695,10.0,Saint-Agnan,Digoin
87694851,87694869,15.0,Saint-Agnan,Gilly-sur-Loire
87694869,87282335,5.0,Gilly-sur-Loire,Perrigny-sur-Loire
87694869,87667980,6.0,Gilly-sur-Loire,Diou Ville Bus
87694869,87694695,15.0,Gilly-sur-Loire,Digoin
87694869,87694851,7.0,Gilly-sur-Loire,Saint-Agnan
87694869,87696427,6.0,Gilly-sur-Loire,Dompierre Sept Fons
87694885,87677096,6.0,Charolles,Changy Tourny Monument
87694885,87694687,15.0,Charolles,Paray-le-Monial
87694885,87694737,18.0,Charolles,La Clayette - Baudemont
87695957,87741439,5.0,Aiguebelette-Centre,Lépin-le-Lac - La Bauche
87695957,87767269,8.0,Aiguebelette-Centre,Nances Maison du Lac
87695965,87743120,5.0,Ambronay-Priay RD 1075,Pont-d'Ain
87695965,87743716,11.0,Ambronay-Priay RD 1075,Ambérieu-en-Bugey
87695973,87131961,17.0,Bellignat - Lycée-Arbez-Carme,Brion - Montréal-la-Cluse Gare
87695973,87743534,6.0,Bellignat - Lycée-Arbez-Carme,Oyonnax
87695999,87696013,7.0,Bourg-en-Bresse Archives,Bourg-en-Bresse Gare Routière
87695999,87743104,8.0,Bourg-en-Bresse Archives,La Vavrette Tossiat RD1075
87696005,87500793,7.0,Nevers,Nevers Le Mouesse ANPE
87696005,87547000,134.0,Nevers,Paris Austerlitz
87696005,87576207,40.0,Nevers,Bourges
87696005,87576439,26.0,Nevers,Avord
87696005,87576470,12.0,Nevers,La Guerche-sur-l'Aubois
87696005,87686667,119.0,Nevers,Paris Bercy Bourg. Pays d'Auv.
87696005,87691469,2.0,Nevers,Vauzelles
87696005,87691600,2.0,Nevers,Les Perrières
87696005,87696229,4.0,Nevers,Fourchambault
87696005,87696260,6.0,Nevers,Saincaize
87696005,87696294,33.0,Nevers,Saint-Pierre-le-Moûtier
87696005,87696328,26.0,Nevers,Moulins sur Allier
87696005,87696450,10.0,Nevers,Imphy
87696013,87695999,3.0,Bourg-en-Bresse Gare Routière,Bourg-en-Bresse Archives
87696013,87697672,3.0,Bourg-en-Bresse Gare Routière,Bourg-en-Bresse Charité
87696013,87723783,18.0,Bourg-en-Bresse Gare Routière,Saint-Paul-de-Varax
87696013,87743120,20.0,Bourg-en-Bresse Gare Routière,Pont-d'Ain
87696088,87684290,6.0,Briare,Gien
87696088,87696146,14.0,Briare,Cosne-sur-Loire
87696146,87696088,14.0,Cosne-sur-Loire,Briare
87696146,87696161,5.0,Cosne-sur-Loire,Tracy Sancerre
87696146,87696179,10.0,Cosne-sur-Loire,Pouilly-sur-Loire
87696146,87696195,15.0,Cosne-sur-Loire,La Charité-sur-Loire
87696161,87696146,5.0,Tracy Sancerre,Cosne-sur-Loire
87696161,87696179,6.0,Tracy Sancerre,Pouilly-sur-Loire
87696161,87696195,10.0,Tracy Sancerre,La Charité-sur-Loire
87696179,87696146,10.0,Pouilly-sur-Loire,Cosne-sur-Loire
87696179,87696161,6.0,Pouilly-sur-Loire,Tracy Sancerre
87696179,87696187,4.0,Pouilly-sur-Loire,Mesves - Bulcy
87696179,87696195,7.0,Pouilly-sur-Loire,La Charité-sur-Loire
87696187,87696179,4.0,Mesves - Bulcy,Pouilly-sur-Loire
87696187,87696195,5.0,Mesves - Bulcy,La Charité-sur-Loire
87696195,87691394,4.0,La Charité-sur-Loire,La Marche
87696195,87696146,15.0,La Charité-sur-Loire,Cosne-sur-Loire
87696195,87696161,11.0,La Charité-sur-Loire,Tracy Sancerre
87696195,87696179,7.0,La Charité-sur-Loire,Pouilly-sur-Loire
87696195,87696187,4.0,La Charité-sur-Loire,Mesves - Bulcy
87696195,87696203,5.0,La Charité-sur-Loire,Tronsanges
87696195,87696211,7.0,La Charité-sur-Loire,Pougues-les-Eaux
87696203,87691394,3.0,Tronsanges,La Marche
87696203,87696195,5.0,Tronsanges,La Charité-sur-Loire
87696203,87696211,4.0,Tronsanges,Pougues-les-Eaux
87696211,87691436,3.0,Pougues-les-Eaux,Garchizy
87696211,87696195,7.0,Pougues-les-Eaux,La Charité-sur-Loire
87696211,87696203,4.0,Pougues-les-Eaux,Tronsanges
87696211,87696229,4.0,Pougues-les-Eaux,Fourchambault
87696229,87691436,2.0,Fourchambault,Garchizy
87696229,87691469,3.0,Fourchambault,Vauzelles
87696229,87696005,4.0,Fourchambault,Nevers
87696229,87696211,4.0,Fourchambault,Pougues-les-Eaux
87696260,87576207,34.0,Saincaize,Bourges
87696260,87576439,22.0,Saincaize,Avord
87696260,87576470,8.0,Saincaize,La Guerche-sur-l'Aubois
87696260,87686667,144.0,Saincaize,Paris Bercy Bourg. Pays d'Auv.
87696260,87696005,7.0,Saincaize,Nevers
87696260,87696294,9.0,Saincaize,Saint-Pierre-le-Moûtier
87696260,87696328,23.0,Saincaize,Moulins sur Allier
87696294,87497222,12.0,Saint-Pierre-le-Moûtier,Chantenay-Saint-Imbert Bourg
87696294,87696005,15.0,Saint-Pierre-le-Moûtier,Nevers
87696294,87696260,9.0,Saint-Pierre-le-Moûtier,Saincaize
87696294,87696302,5.0,Saint-Pierre-le-Moûtier,Chantenay-Saint-Imbert
87696294,87696328,15.0,Saint-Pierre-le-Moûtier,Moulins sur Allier
87696302,87497222,4.0,Chantenay-Saint-Imbert,Chantenay-Saint-Imbert Bourg
87696302,87668004,10.0,Chantenay-Saint-Imbert,Villeneuve-sur-Allier Centre
87696302,87696294,5.0,Chantenay-Saint-Imbert,Saint-Pierre-le-Moûtier
87696302,87696310,6.0,Chantenay-Saint-Imbert,Villeneuve-sur-Allier
87696310,87696302,7.0,Villeneuve-sur-Allier,Chantenay-Saint-Imbert
87696310,87696328,7.0,Villeneuve-sur-Allier,Moulins sur Allier
87696328,87668004,21.0,Moulins sur Allier,Villeneuve-sur-Allier Centre
87696328,87668111,17.0,Moulins sur Allier,Montbeugny Centre
87696328,87696005,26.0,Moulins sur Allier,Nevers
87696328,87696260,22.0,Moulins sur Allier,Saincaize
87696328,87696294,14.0,Moulins sur Allier,Saint-Pierre-le-Moûtier
87696328,87696302,12.0,Moulins sur Allier,Chantenay-Saint-Imbert
87696328,87696310,8.0,Moulins sur Allier,Villeneuve-sur-Allier
87696328,87696336,7.0,Moulins sur Allier,Bessay
87696328,87696351,13.0,Moulins sur Allier,Varennes-sur-Allier
87696328,87696427,17.0,Moulins sur Allier,Dompierre Sept Fons
87696328,87732008,24.0,Moulins sur Allier,Vichy
87696328,87732206,17.0,Moulins sur Allier,Saint-Germain-des-Fossés
87696336,87696328,7.0,Bessay,Moulins sur Allier
87696336,87696351,7.0,Bessay,Varennes-sur-Allier
87696351,87696328,13.0,Varennes-sur-Allier,Moulins sur Allier
87696351,87696336,8.0,Varennes-sur-Allier,Bessay
87696351,87732206,7.0,Varennes-sur-Allier,Saint-Germain-des-Fossés
87696385,87741470,11.0,Les Abrets - Rue-Italie,Pont-de-Beauvoisin
87696385,87741496,3.0,Les Abrets - Rue-Italie,Les Abrets - Fitilieu
87696427,87667980,10.0,Dompierre Sept Fons,Diou Ville Bus
87696427,87668095,7.0,Dompierre Sept Fons,Thiel-sur-Acolin abris-bus
87696427,87694869,6.0,Dompierre Sept Fons,Gilly-sur-Loire
87696427,87696328,18.0,Dompierre Sept Fons,Moulins sur Allier
87696443,87741645,32.0,Moutiers-Lycée,Albertville
87696443,87741710,2.0,Moutiers-Lycée,Aigueblanche-Centre
87696443,87741728,4.0,Moutiers-Lycée,Moûtiers-Salins-Brides-les-B.
87696450,87499954,3.0,Imphy,Imphy Square Lamartine
87696450,87559070,7.0,Imphy,Nevers le Banlay
87696450,87676833,8.0,Imphy,Saint-Éloi Église
87696450,87696005,10.0,Imphy,Nevers
87696450,87696468,6.0,Imphy,Béard
87696450,87696484,13.0,Imphy,Decize
87696468,87499954,7.0,Béard,Imphy Square Lamartine
87696468,87533547,1.0,Béard,Béard Bourg
87696468,87696450,6.0,Béard,Imphy
87696468,87696484,9.0,Béard,Decize
87696484,87499913,2.0,Decize,Decize Ville
87696484,87500934,8.0,Decize,Sougy-sur-Loire BIF
87696484,87696450,13.0,Decize,Imphy
87696484,87696468,8.0,Decize,Béard
87696484,87696492,8.0,Decize,Cercy-la-Tour
87696492,87499897,10.0,Cercy-la-Tour,Decize Café Bel-Air
87696492,87696484,8.0,Cercy-la-Tour,Decize
87696492,87696518,10.0,Cercy-la-Tour,Fours
87696492,87696534,18.0,Cercy-la-Tour,Luzy
87696500,87743104,6.0,Saint-Martin-du-Mont Le Farget,La Vavrette Tossiat RD1075
87696500,87743120,6.0,Saint-Martin-du-Mont Le Farget,Pont-d'Ain
87696518,87685776,6.0,Fours,Rémilly Le Charnay Pont Bulvin
87696518,87696492,10.0,Fours,Cercy-la-Tour
87696534,87500082,1.0,Luzy,Luzy Champs de Foire
87696534,87694141,13.0,Luzy,Étang-sur-Arroux
87696534,87696492,17.0,Luzy,Cercy-la-Tour
87696617,87696633,15.0,Corbigny,Flez-Cuzy - Tannay
87696633,87501049,1.0,Flez-Cuzy - Tannay,Tannay Place de l'Église
87696633,87696617,15.0,Flez-Cuzy - Tannay,Corbigny
87696633,87696807,20.0,Flez-Cuzy - Tannay,Clamecy
87696658,87741686,3.0,Saint-Paul Collège,Cévins-échangeur
87696658,87741694,6.0,Saint-Paul Collège,Notre-Dame de Briançon
87696807,87501049,19.0,Clamecy,Tannay Place de l'Église
87696807,87696633,20.0,Clamecy,Flez-Cuzy - Tannay
87696807,87696831,7.0,Clamecy,Coulanges-sur-Yonne
87696831,87696807,7.0,Coulanges-sur-Yonne,Clamecy
87696831,87696856,6.0,Coulanges-sur-Yonne,Châtel-Censoir
87696856,87683847,8.0,Châtel-Censoir,Mailly-la-Ville
87696856,87696831,7.0,Châtel-Censoir,Coulanges-sur-Yonne
87697003,87697037,5.0,Albigny-Neuville-Arret-TCL-Gare,Couzon-Au-Mont-D'Or-Arret-Tcl-Gare
87697011,87721290,8.0,Anse-Monument,Quincieux
87697029,87697045,10.0,Collonges Fontaines Arret Tcl Gare,Lyon-Vaise-Gare-Routière
87697037,87697029,3.0,Couzon-Au-Mont-D'Or-Arret-Tcl-Gare,Collonges Fontaines Arret Tcl Gare
87697045,87722025,16.0,Lyon-Vaise-Gare-Routière,Lyon Perrache
87697128,87131961,70.0,Lyon-Part-Dieu Gare Routière,Brion - Montréal-la-Cluse Gare
87697128,87335521,85.0,Lyon-Part-Dieu Gare Routière,Grenoble
87697128,87698662,60.0,Lyon-Part-Dieu Gare Routière,St-Etienne-Châtcrx. G Routière
87697128,87698803,45.0,Lyon-Part-Dieu Gare Routière,Vienne-Gare-Routière
87697128,87721282,40.0,Lyon-Part-Dieu Gare Routière,Saint-Germain-au-Mont-d'Or
87697128,87721332,40.0,Lyon-Part-Dieu Gare Routière,Villefranche-sur-Saône
87697128,87721431,40.0,Lyon-Part-Dieu Gare Routière,L'Arbresle
87697128,87722405,36.0,Lyon-Part-Dieu Gare Routière,Givors Ville
87697128,87723395,32.0,Lyon-Part-Dieu Gare Routière,La Verpillière
87697128,87723429,57.0,Lyon-Part-Dieu Gare Routière,Bourgoin-Jallieu
87697128,87723569,28.0,Lyon-Part-Dieu Gare Routière,Montluel
87697128,87723734,30.0,Lyon-Part-Dieu Gare Routière,Saint-André-de-Corcy
87697128,87741009,90.0,Lyon-Part-Dieu Gare Routière,Chambéry - Challes-les-Eaux
87697128,87741132,87.0,Lyon-Part-Dieu Gare Routière,Aix-les-Bains le Revard
87697128,87746008,110.0,Lyon-Part-Dieu Gare Routière,Annecy
87697128,87746305,135.0,Lyon-Part-Dieu Gare Routière,La Roche-sur-Foron
87697128,87748525,20.0,Lyon-Part-Dieu Gare Routière,La Pelletière Crépieux-la-Pape (arrêt Tcl)
87697144,87697151,2.0,Argentine-La-Combe,Argentine-Gemelly-ou-Stade
87697144,87741272,3.0,Argentine-La-Combe,Argentine
87697151,87697144,1.0,Argentine-Gemelly-ou-Stade,Argentine-La-Combe
87697151,87741249,12.0,Argentine-Gemelly-ou-Stade,Aiton-Salle-Polyvalente
87697151,87741256,8.0,Argentine-Gemelly-ou-Stade,Aiguebelle
87697151,87741272,3.0,Argentine-Gemelly-ou-Stade,Argentine
87697185,87697227,3.0,Civrieux-d'Azergues D 385,Lissieu-Le Bois Dieu RD306
87697185,87721423,6.0,Civrieux-d'Azergues D 385,Lozanne
87697193,87697516,22.0,Clelles-Mairie,Lus-la-Croix-Haute RD 1075
87697193,87747626,3.0,Clelles-Mairie,Clelles - Mens
87697227,87697185,3.0,Lissieu-Le Bois Dieu RD306,Civrieux-d'Azergues D 385
87697227,87721449,6.0,Lissieu-Le Bois Dieu RD306,Dardilly - Le Jubin
87697466,87392829,15.0,Grenoble-Eugène-Chavant,Saint-Martin-d'Hères
87697466,87697474,5.0,Grenoble-Eugène-Chavant,Grenoble-Victor-Hugo
87697474,87335521,5.0,Grenoble-Victor-Hugo,Grenoble
87697474,87697466,6.0,Grenoble-Victor-Hugo,Grenoble-Eugène-Chavant
87697482,87392829,10.0,Grenoble-Champollion,Saint-Martin-d'Hères
87697508,87741439,4.0,La-Bridoire-Abris-Bus-le-Haut,Lépin-le-Lac - La Bauche
87697508,87741447,2.0,La-Bridoire-Abris-Bus-le-Haut,La Bridoire
87697516,87697193,23.0,Lus-la-Croix-Haute RD 1075,Clelles-Mairie
87697516,87747626,28.0,Lus-la-Croix-Haute RD 1075,Clelles - Mens
87697516,87763250,20.0,Lus-la-Croix-Haute RD 1075,Aspres-sur-Buëch
87697524,87742056,54.0,Monestier-de-Clermont Centre,Grenoble Cité Internationale
87697524,87747576,20.0,Monestier-de-Clermont Centre,Vif
87697524,87747592,3.0,Monestier-de-Clermont Centre,Monestier-de-Clermont
87697672,87696013,5.0,Bourg-en-Bresse Charité,Bourg-en-Bresse Gare Routière
87697672,87697706,10.0,Bourg-en-Bresse Charité,Polliat-Mairie
87697672,87725689,35.0,Bourg-en-Bresse Charité,Mâcon
87697672,87725705,39.0,Bourg-en-Bresse Charité,Mâcon - Loché TGV
87697698,87741298,4.0,La Chambre,Les Chavannes-Saint-Rémy
87697698,87741306,1.0,La Chambre,Saint-Avre - La Chambre
87697706,87697672,11.0,Polliat-Mairie,Bourg-en-Bresse Charité
87697706,87725838,8.0,Polliat-Mairie,Mézériat
87697714,87697722,5.0,Pontamafrey,Saint-Étienne-de-Cuines
87697714,87742320,10.0,Pontamafrey,Saint-Jean-de-Maurienne Arvan
87697722,87697714,8.0,Saint-Étienne-de-Cuines,Pontamafrey
87697722,87741306,3.0,Saint-Étienne-de-Cuines,Saint-Avre - La Chambre
87697821,87611368,9.0,Cintegabelle-Rond-Point,Saverdun
87697821,87611384,9.0,Cintegabelle-Rond-Point,Auterive
87697839,87635854,4.0,Perl Gare Routière,Apach Église
87698274,87698381,9.0,Ecully Arrêt TCL Demi-Lune Vauboin,Alai Arrêt TCL
87698274,87698738,3.0,Ecully Arrêt TCL Demi-Lune Vauboin,Tassin-le-Baraillon
87698274,87721175,3.0,Ecully Arrêt TCL Demi-Lune Vauboin,Lyon Gorge de Loup
87698274,87721480,7.0,Ecully Arrêt TCL Demi-Lune Vauboin,Dardilly les Mouilles
87698282,87721431,6.0,Fleurieux RN7,L'Arbresle
87698282,87721555,4.0,Fleurieux RN7,Lentilly
87698290,87721860,7.0,Grandris-Centre,Lamure-sur-Azergues
87698308,87741132,14.0,Grésy-sur-Aix Le Chevret Ondéa,Aix-les-Bains le Revard
87698308,87746115,6.0,Grésy-sur-Aix Le Chevret Ondéa,Albens
87698316,87208553,4.0,La Tour-de-Salvagny Hippodrome,Casino Lacroix Laval
87698316,87698324,2.0,La Tour-de-Salvagny Hippodrome,La Tour-de-Salvagny Centre
87698324,87566919,6.0,La Tour-de-Salvagny Centre,Lentilly Charpenay
87698324,87698316,2.0,La Tour-de-Salvagny Centre,La Tour-de-Salvagny Hippodrome
87698332,87721175,10.0,Lyon-Saint-Paul Quai de Bondy,Lyon Gorge de Loup
87698381,87698274,9.0,Alai Arrêt TCL,Ecully Arrêt TCL Demi-Lune Vauboin
87698381,87722702,9.0,Alai Arrêt TCL,Francheville
87698399,87698605,14.0,Balbigny-Gare-Routière,Neulise
87698399,87726877,13.0,Balbigny-Gare-Routière,Feurs
87698415,87723569,10.0,Beynost RD 1084 Gare,Montluel
87698449,87177360,1.0,Communay La Guicharde,Communay
87698449,87698456,2.0,Communay La Guicharde,Communay Les Bonnières
87698456,87698449,2.0,Communay Les Bonnières,Communay La Guicharde
87698456,87698464,2.0,Communay Les Bonnières,Communay Les Brosses
87698464,87698456,2.0,Communay Les Brosses,Communay Les Bonnières
87698464,87698746,3.0,Communay Les Brosses,Ternay Boucherattes
87698506,87722025,20.0,Feyzin-TCL-Gare,Lyon Perrache
87698506,87722546,10.0,Feyzin-TCL-Gare,Sérézin
87698514,87698613,10.0,Flumet-Office-de-Tourisme,Praz-sur-Arly Office de Tourisme
87698514,87698795,30.0,Flumet-Office-de-Tourisme,Ugine-Place-du-Val-d'Arly
87698530,87741009,20.0,Le Bourget-du-Lac-STAC,Chambéry - Challes-les-Eaux
87698530,87746339,85.0,Le Bourget-du-Lac-STAC,Bonneville
87698563,87698613,10.0,Megève-Autogare,Praz-sur-Arly Office de Tourisme
87698563,87746438,15.0,Megève-Autogare,Sallanches - Combloux - Megève
87698571,87698696,5.0,Miribel-RD1084-Élysée,St-Maurice-Beynost D1084 Cte
87698605,87698399,14.0,Neulise,Balbigny-Gare-Routière
87698605,87698639,25.0,Neulise,Roanne-Gare-Routière
87698613,87698514,15.0,Praz-sur-Arly Office de Tourisme,Flumet-Office-de-Tourisme
87698613,87698563,10.0,Praz-sur-Arly Office de Tourisme,Megève-Autogare
87698621,87337006,4.0,Privas-Cours-du-Palais,COUX Centre
87698639,87698605,18.0,Roanne-Gare-Routière,Neulise
87698639,87726828,9.0,Roanne-Gare-Routière,Le Coteau
87698647,87556506,30.0,Romans-Gare-Routière,Valence Gare Routière
87698647,87763029,20.0,Romans-Gare-Routière,Valence TGV Rhône-Alpes Sud
87698662,87556506,100.0,St-Etienne-Châtcrx. G Routière,Valence Gare Routière
87698662,87698803,50.0,St-Etienne-Châtcrx. G Routière,Vienne-Gare-Routière
87698662,87726158,11.0,St-Etienne-Châtcrx. G Routière,Saint-Étienne La Terrasse
87698662,87726208,28.0,St-Etienne-Châtcrx. G Routière,Veauche - Saint-Galmier
87698662,87726307,17.0,St-Etienne-Châtcrx. G Routière,Saint-Chamond
87698662,87726729,25.0,St-Etienne-Châtcrx. G Routière,Firminy
87698662,87726778,40.0,St-Etienne-Châtcrx. G Routière,Bas - Monistrol
87698696,87698415,5.0,St-Maurice-Beynost D1084 Cte,Beynost RD 1084 Gare
87698712,87723361,2.0,Saint-Pierre-de-Chandieu Charmy,Saint-Pierre-de-Chandieu Ronin
87698712,87725192,5.0,Saint-Pierre-de-Chandieu Charmy,ST PIERRE C. ZI porte Dauphiné
87698738,87698274,4.0,Tassin-le-Baraillon,Ecully Arrêt TCL Demi-Lune Vauboin
87698738,87721522,2.0,Tassin-le-Baraillon,Le Méridien La Ferrière
87698746,87698464,2.0,Ternay Boucherattes,Communay Les Brosses
87698746,87698753,2.0,Ternay Boucherattes,Ternay Centre
87698746,87698787,3.0,Ternay Boucherattes,Ternay Croix du Morze
87698753,87698746,2.0,Ternay Centre,Ternay Boucherattes
87698753,87698779,3.0,Ternay Centre,Ternay Chemin de la Gare
87698761,87177576,1.0,Ternay Chassagne Grandes Combes,Ternay Barbières
87698761,87698787,1.0,Ternay Chassagne Grandes Combes,Ternay Croix du Morze
87698779,87698753,2.0,Ternay Chemin de la Gare,Ternay Centre
87698779,87722546,4.0,Ternay Chemin de la Gare,Sérézin
87698787,87698746,3.0,Ternay Croix du Morze,Ternay Boucherattes
87698787,87698761,1.0,Ternay Croix du Morze,Ternay Chassagne Grandes Combes
87698795,87698514,25.0,Ugine-Place-du-Val-d'Arly,Flumet-Office-de-Tourisme
87698795,87741645,20.0,Ugine-Place-du-Val-d'Arly,Albertville
87698803,87556506,40.0,Vienne-Gare-Routière,Valence Gare Routière
87698803,87698662,50.0,Vienne-Gare-Routière,St-Etienne-Châtcrx. G Routière
87698803,87722561,14.0,Vienne-Gare-Routière,Chasse-sur-Rhône
87698803,87722652,16.0,Vienne-Gare-Routière,Saint-Clair - Les Roches
87699009,87677138,10.0,La Chapelle-sous-Dun,Chauffailles Gambetta
87699009,87694737,6.0,La Chapelle-sous-Dun,La Clayette - Baudemont
87699009,87694778,15.0,La Chapelle-sous-Dun,Chauffailles
87699223,87576181,2.0,Base Aérienne,Les Quatre Roues
87699223,87576199,2.0,Base Aérienne,Pruniers
87699223,87576876,11.0,Base Aérienne,Gièvres
87699850,87715201,10.0,Malbuisson,Vaux-et-Chantegrue
87699850,87715219,5.0,Malbuisson,Labergement-Sainte-Marie
87700146,87184002,4.0,Danjoutin,Belfort-Ville
87700146,87184408,4.0,Danjoutin,Méroux
87700153,87184432,2.0,Joncherey,Grandvillars
87700153,87184440,3.0,Joncherey,Delle
87700906,87700914,6.0,Tantonville Rue Louis Pasteur,Praye-sous-Vaudémont PN
87700906,87717108,6.0,Tantonville Rue Louis Pasteur,Vézelise Beauregard
87700914,87700906,6.0,Praye-sous-Vaudémont PN,Tantonville Rue Louis Pasteur
87700914,87700930,7.0,Praye-sous-Vaudémont PN,Diarville Place Raymond Midon
87700914,87714204,4.0,Praye-sous-Vaudémont PN,Saxon-Sion Basilique
87700930,87700914,9.0,Diarville Place Raymond Midon,Praye-sous-Vaudémont PN
87700930,87714204,6.0,Diarville Place Raymond Midon,Saxon-Sion Basilique
87700930,87717108,13.0,Diarville Place Raymond Midon,Vézelise Beauregard
87700930,87748731,9.0,Diarville Place Raymond Midon,Poussay Rue de Mirecourt
87700955,87405993,5.0,Mattaincourt la Poste,Mirecourt Lycée Agricole
87700955,87700963,2.0,Mattaincourt la Poste,Hymont Mairie
87700963,87144279,20.0,Hymont Mairie,Vittel
87700963,87700955,2.0,Hymont Mairie,Mattaincourt la Poste
87700963,87700971,10.0,Hymont Mairie,Haréville sous Monfort Centre
87700963,87714998,8.0,Hymont Mairie,Rémoncourt Route Principale
87700971,87144279,8.0,Haréville sous Monfort Centre,Vittel
87700971,87700963,12.0,Haréville sous Monfort Centre,Hymont Mairie
87700971,87714998,6.0,Haréville sous Monfort Centre,Rémoncourt Route Principale
87700989,87144295,3.0,Martigny-les-Bains Thiébaut,Martigny-les-Bains Gare
87700989,87768960,16.0,Martigny-les-Bains Thiébaut,Contrexéville Centre
87700997,87144295,8.0,Lamarche Centre,Martigny-les-Bains Gare
87700997,87144303,3.0,Lamarche Centre,Lamarche
87700997,87700989,8.0,Lamarche Centre,Martigny-les-Bains Thiébaut
87701102,87717108,7.0,Ceintrey Groupe Scolaire,Vézelise Beauregard
87701532,87484006,5.0,Trélazé,Angers Saint-Laud
87701532,87487843,3.0,Trélazé,La Bohalle
87701532,87487892,25.0,Trélazé,Saint-Mathurin
87702068,87552141,8.0,Zellenberg Route du Vin,Ribeauville Gare Routière
87702068,87702076,4.0,Zellenberg Route du Vin,Riquewihr Poste
87702076,87702068,4.0,Riquewihr Poste,Zellenberg Route du Vin
87702084,87213165,6.0,Bouxwiller Clos Des Seigneurs,Obermodern
87702084,87642314,1.0,Bouxwiller Clos Des Seigneurs,Bouxwiller Centre
87702084,87678466,4.0,Bouxwiller Clos Des Seigneurs,Uttwiller Croisement
87703421,87193615,5.0,Rémelfing Centre,Sarreguemines
87703421,87703439,2.0,Rémelfing Centre,Sarreinsming Pont
87703439,87703421,2.0,Sarreinsming Pont,Rémelfing Centre
87703439,87703447,2.0,Sarreinsming Pont,Zetting Salle des Fêtes
87703447,87703439,1.0,Zetting Salle des Fêtes,Sarreinsming Pont
87703447,87703454,6.0,Zetting Salle des Fêtes,Wittring Pont
87703454,87193664,3.0,Wittring Pont,Kalhausen Gare
87703454,87703447,6.0,Wittring Pont,Zetting Salle des Fêtes
87703462,87215459,3.0,Sarrewerden Église,Sarre-Union
87703462,87407379,1.0,Sarrewerden Église,Sarrewerden Lotissement
87703470,87407379,4.0,Bischtroff-sur-Sarre Mairie,Sarrewerden Lotissement
87703470,87703488,4.0,Bischtroff-sur-Sarre Mairie,Wolfskirchen Rue du Moulin
87703488,87407379,9.0,Wolfskirchen Rue du Moulin,Sarrewerden Lotissement
87703488,87703470,4.0,Wolfskirchen Rue du Moulin,Bischtroff-sur-Sarre Mairie
87703488,87703496,2.0,Wolfskirchen Rue du Moulin,Diedendorf Rond-Point
87703496,87703488,2.0,Diedendorf Rond-Point,Wolfskirchen Rue du Moulin
87703496,87703553,3.0,Diedendorf Rond-Point,Niederstinzel Principale
87703553,87406983,3.0,Niederstinzel Principale,Fénétrange Le Val Fleuri
87703553,87703496,3.0,Niederstinzel Principale,Diedendorf Rond-Point
87703561,87477562,1.0,Berthelming Rue Principale,Berthelming Mairie
87703561,87703579,1.0,Berthelming Rue Principale,Bettborn Grand Rue
87703579,87703561,1.0,Bettborn Grand Rue,Berthelming Rue Principale
87703579,87703629,2.0,Bettborn Grand Rue,Oberstinzel Rue Principale
87703587,87477562,4.0,Saint-Jean-de-Bassel Église,Berthelming Mairie
87703587,87703595,3.0,Saint-Jean-de-Bassel Église,Gosselming Mairie
87703595,87407130,1.0,Gosselming Mairie,Gosselming Poste
87703595,87476911,5.0,Gosselming Mairie,Romelfing Église
87703595,87703587,2.0,Gosselming Mairie,Saint-Jean-de-Bassel Église
87703629,87407015,4.0,Oberstinzel Rue Principale,Sarraltroff Mairie
87703629,87703579,2.0,Oberstinzel Rue Principale,Bettborn Grand Rue
87703629,87703686,3.0,Oberstinzel Rue Principale,Sarraltroff Rue de Fénétrange
87703629,87707588,3.0,Oberstinzel Rue Principale,Sarraltroff Rue de la Forêt
87703678,87215012,25.0,Dolving Rue de Sarrebourg,Sarrebourg
87703678,87407130,2.0,Dolving Rue de Sarrebourg,Gosselming Poste
87703678,87407189,8.0,Dolving Rue de Sarrebourg,Sarrebourg Place Mathey
87703678,87477646,6.0,Dolving Rue de Sarrebourg,Sarrebourg Mairie
87703686,87407015,1.0,Sarraltroff Rue de Fénétrange,Sarraltroff Mairie
87703686,87703629,2.0,Sarraltroff Rue de Fénétrange,Oberstinzel Rue Principale
87703694,87635821,3.0,Koenigsmacker Metrich École,Koenigsmacker Centre
87703694,87635847,8.0,Koenigsmacker Metrich École,Sierck-les-Bains Place Morbach
87703744,87215012,15.0,Sarrebourg Hôpital,Sarrebourg
87703744,87407189,10.0,Sarrebourg Hôpital,Sarrebourg Place Mathey
87703769,87191007,14.0,Basse-Ham Stade,Thionville
87703769,87635821,6.0,Basse-Ham Stade,Koenigsmacker Centre
87703975,87688887,18.0,Nîmes Pont du Gard,Montpellier Sud de France
87703975,87723197,77.0,Nîmes Pont du Gard,Lyon Part Dieu
87703975,87761007,55.0,Nîmes Pont du Gard,Valence Ville
87703975,87762906,58.0,Nîmes Pont du Gard,Lyon Saint-Exupéry TGV
87703975,87763029,36.0,Nîmes Pont du Gard,Valence TGV Rhône-Alpes Sud
87703975,87765354,10.0,Nîmes Pont du Gard,Tarascon-sur-Rhône
87703975,87775007,8.0,Nîmes Pont du Gard,Nîmes Centre
87703975,87775023,7.0,Nîmes Pont du Gard,Beaucaire
87707588,87407015,2.0,Sarraltroff Rue de la Forêt,Sarraltroff Mairie
87710731,87300863,7.0,Ecole-Valentin,Besançon Franche-Comté TGV
87710731,87718007,6.0,Ecole-Valentin,Besançon Viotte
87711226,87214056,9.0,Scherwiller Rue de la Gare,Sélestat
87711713,87338137,4.0,Juvancourt,Laferté-sur-Aube
87711713,87727883,5.0,Juvancourt,Ville-sous-la-Ferté Tramway
87712026,87713578,2.0,Rully,Chagny
87712026,87713586,2.0,Rully,Fontaines - Mercurey
87712182,87713040,25.0,Neuilly-lès-Dijon,Dijon
87712265,87713826,2.0,Bretigny - Norges,Ruffey
87712265,87713834,2.0,Bretigny - Norges,Saint-Julien - Clénay
87712323,87712331,3.0,Lantenay,Velars
87712323,87713065,3.0,Lantenay,Mâlain
87712331,87712323,4.0,Velars,Lantenay
87712331,87713040,6.0,Velars,Dijon
87712604,87713040,8.0,Ouges,Dijon
87712604,87713628,3.0,Ouges,Saulon
87712620,87713628,3.0,Longecourt,Saulon
87712620,87713636,3.0,Longecourt,Aiserey
87712679,87713651,1.0,Chaugey,Saint-Jean-de-Losne
87712679,87713669,4.0,Chaugey,Pagny
87713008,87713040,7.0,Dijon Porte Neuve,Dijon
87713008,87713826,4.0,Dijon Porte Neuve,Ruffey
87713008,87713859,19.0,Dijon Porte Neuve,Is-sur-Tille
87713040,85000109,82.0,Dijon,Basel SBB
87713040,87111849,84.0,Dijon,Marne-la-Vallée Chessy
87713040,87142125,43.0,Dijon,Culmont - Chalindrey
87713040,87182063,61.0,Dijon,Mulhouse
87713040,87271494,94.0,Dijon,Aéroport Charles de Gaulle 2 TGV
87713040,87300822,46.0,Dijon,Belfort - Montbéliard TGV
87713040,87300863,26.0,Dijon,Besançon Franche-Comté TGV
87713040,87391003,134.0,Dijon,Paris Montparnasse Hall 1 - 2
87713040,87683573,120.0,Dijon,Auxerre Saint-Gervais
87713040,87686006,92.0,Dijon,Paris Gare de Lyon Hall 1 - 2
87713040,87694307,46.0,Dijon,Montchanin
87713040,87712182,25.0,Dijon,Neuilly-lès-Dijon
87713040,87712331,6.0,Dijon,Velars
87713040,87712604,8.0,Dijon,Ouges
87713040,87713008,6.0,Dijon,Dijon Porte Neuve
87713040,87713115,27.0,Dijon,Les Laumes - Alésia
87713040,87713131,34.0,Dijon,Montbard
87713040,87713313,10.0,Dijon,Genlis
87713040,87713412,22.0,Dijon,Dole
87713040,87713503,7.0,Dijon,Gevrey-Chambertin
87713040,87713545,18.0,Dijon,Beaune
87713040,87713859,20.0,Dijon,Is-sur-Tille
87713040,87723197,98.0,Dijon,Lyon Part Dieu
87713040,87725002,31.0,Dijon,Chalon-sur-Saône
87713040,87725689,56.0,Dijon,Mâcon
87713065,87712323,3.0,Mâlain,Lantenay
87713065,87713073,5.0,Mâlain,Blaisy-Bas
87713073,87713065,4.0,Blaisy-Bas,Mâlain
87713073,87713081,5.0,Blaisy-Bas,Verrey
87713081,87713073,5.0,Verrey,Blaisy-Bas
87713081,87713099,4.0,Verrey,Thenissey
87713099,87713081,4.0,Thenissey,Verrey
87713099,87713115,7.0,Thenissey,Les Laumes - Alésia
87713115,87713040,25.0,Les Laumes - Alésia,Dijon
87713115,87713099,7.0,Les Laumes - Alésia,Thenissey
87713115,87713131,7.0,Les Laumes - Alésia,Montbard
87713131,87111849,52.0,Montbard,Marne-la-Vallée Chessy
87713131,87686006,60.0,Montbard,Paris Gare de Lyon Hall 1 - 2
87713131,87713040,33.0,Montbard,Dijon
87713131,87713115,7.0,Montbard,Les Laumes - Alésia
87713131,87713156,9.0,Montbard,Nuits sous Ravières
87713156,87713131,9.0,Nuits sous Ravières,Montbard
87713156,87713198,13.0,Nuits sous Ravières,Tonnerre
87713198,87683318,11.0,Tonnerre,Saint-Florentin - Vergigny
87713198,87713156,13.0,Tonnerre,Nuits sous Ravières
87713313,87713040,11.0,Genlis,Dijon
87713313,87713321,3.0,Genlis,Collonges
87713313,87713347,7.0,Genlis,Auxonne
87713321,87713313,3.0,Collonges,Genlis
87713321,87713347,5.0,Collonges,Auxonne
87713339,87713347,10.0,Villers-les-Pots,Auxonne
87713347,87713313,7.0,Auxonne,Genlis
87713347,87713321,5.0,Auxonne,Collonges
87713347,87713339,10.0,Auxonne,Villers-les-Pots
87713347,87713412,7.0,Auxonne,Dole
87713412,87713040,23.0,Dole,Dijon
87713412,87713347,7.0,Dole,Auxonne
87713412,87715136,42.0,Dole,Frasne
87713412,87718007,22.0,Dole,Besançon Viotte
87713412,87718320,13.0,Dole,Saint-Vit
87713412,87718361,7.0,Dole,Orchamps
87713412,87718833,16.0,Dole,Mouchard
87713412,87718866,10.0,Dole,Montbarrey
87713503,87713040,7.0,Gevrey-Chambertin,Dijon
87713503,87713511,4.0,Gevrey-Chambertin,Vougeot - Gilly-lès-Cîteaux
87713511,87713503,4.0,Vougeot - Gilly-lès-Cîteaux,Gevrey-Chambertin
87713511,87713529,3.0,Vougeot - Gilly-lès-Cîteaux,Nuits-Saint-Georges
87713529,87713503,6.0,Nuits-Saint-Georges,Gevrey-Chambertin
87713529,87713511,3.0,Nuits-Saint-Georges,Vougeot - Gilly-lès-Cîteaux
87713529,87713537,4.0,Nuits-Saint-Georges,Corgoloin
87713529,87713545,7.0,Nuits-Saint-Georges,Beaune
87713537,87713529,4.0,Corgoloin,Nuits-Saint-Georges
87713537,87713545,5.0,Corgoloin,Beaune
87713545,87694307,25.0,Beaune,Montchanin
87713545,87713040,18.0,Beaune,Dijon
87713545,87713529,7.0,Beaune,Nuits-Saint-Georges
87713545,87713537,5.0,Beaune,Corgoloin
87713545,87713560,4.0,Beaune,Meursault
87713545,87713578,7.0,Beaune,Chagny
87713545,87723197,78.0,Beaune,Lyon Part Dieu
87713560,87713545,4.0,Meursault,Beaune
87713560,87713578,5.0,Meursault,Chagny
87713578,87712026,2.0,Chagny,Rully
87713578,87713545,8.0,Chagny,Beaune
87713578,87713560,4.0,Chagny,Meursault
87713578,87713594,3.0,Chagny,Santenay les Bains
87713578,87725002,8.0,Chagny,Chalon-sur-Saône
87713586,87712026,3.0,Fontaines - Mercurey,Rully
87713586,87725002,5.0,Fontaines - Mercurey,Chalon-sur-Saône
87713594,87694398,2.0,Santenay les Bains,Cheilly-lès-Maranges
87713594,87713578,4.0,Santenay les Bains,Chagny
87713628,87712604,3.0,Saulon,Ouges
87713628,87712620,3.0,Saulon,Longecourt
87713628,87713636,14.0,Saulon,Aiserey
87713636,87712620,2.0,Aiserey,Longecourt
87713636,87713628,14.0,Aiserey,Saulon
87713636,87713644,4.0,Aiserey,Brazey-en-Plaine
87713644,87713636,4.0,Brazey-en-Plaine,Aiserey
87713644,87713651,3.0,Brazey-en-Plaine,Saint-Jean-de-Losne
87713651,87712679,2.0,Saint-Jean-de-Losne,Chaugey
87713651,87713644,3.0,Saint-Jean-de-Losne,Brazey-en-Plaine
87713651,87713669,17.0,Saint-Jean-de-Losne,Pagny
87713669,87712679,4.0,Pagny,Chaugey
87713669,87713651,17.0,Pagny,Saint-Jean-de-Losne
87713669,87713677,4.0,Pagny,Seurre
87713677,87713669,4.0,Seurre,Pagny
87713677,87713685,12.0,Seurre,Navilly
87713677,87713701,12.0,Seurre,Mervans
87713685,87713693,7.0,Navilly,Saint-Bonnet-en-Bresse
87713701,87713677,12.0,Mervans,Seurre
87713701,87713735,11.0,Mervans,Louhans
87713735,87713701,11.0,Louhans,Mervans
87713735,87718296,14.0,Louhans,Saint-Amour
87713826,87712265,3.0,Ruffey,Bretigny - Norges
87713826,87713008,4.0,Ruffey,Dijon Porte Neuve
87713834,87712265,2.0,Saint-Julien - Clénay,Bretigny - Norges
87713834,87713842,5.0,Saint-Julien - Clénay,Gemeaux
87713842,87713834,5.0,Gemeaux,Saint-Julien - Clénay
87713842,87713859,4.0,Gemeaux,Is-sur-Tille
87713859,87142125,26.0,Is-sur-Tille,Culmont - Chalindrey
87713859,87713008,15.0,Is-sur-Tille,Dijon Porte Neuve
87713859,87713040,19.0,Is-sur-Tille,Dijon
87713859,87713842,4.0,Is-sur-Tille,Gemeaux
87714162,87144311,8.0,Damblain Église,Rozières-sur-Mouzon
87714204,87700914,8.0,Saxon-Sion Basilique,Praye-sous-Vaudémont PN
87714204,87700930,7.0,Saxon-Sion Basilique,Diarville Place Raymond Midon
87714378,87192419,5.0,Ars-sur-Moselle TIM République,Ancy-sur-Moselle
87714998,87700963,10.0,Rémoncourt Route Principale,Hymont Mairie
87714998,87700971,4.0,Rémoncourt Route Principale,Haréville sous Monfort Centre
87715003,85042150,25.0,Pontarlier,Travers
87715003,87715136,11.0,Pontarlier,Frasne
87715003,87715151,5.0,Pontarlier,Sainte-Colombe
87715003,87715169,9.0,Pontarlier,Les Granges-Narboz
87715102,87715136,13.0,Andelot,Frasne
87715102,87715326,12.0,Andelot,Champagnole
87715102,87718833,16.0,Andelot,Mouchard
87715136,85011031,13.0,Frasne,Vallorbe
87715136,87659664,5.0,Frasne,Dompierre Halte Routière
87715136,87713412,42.0,Frasne,Dole
87715136,87715003,11.0,Frasne,Pontarlier
87715136,87715102,12.0,Frasne,Andelot
87715136,87715144,3.0,Frasne,La Rivière
87715136,87715193,8.0,Frasne,Bonnevaux
87715136,87715219,9.0,Frasne,Labergement-Sainte-Marie
87715136,87718833,27.0,Frasne,Mouchard
87715144,87659631,3.0,La Rivière,Bouverans Halte Routière
87715144,87715136,4.0,La Rivière,Frasne
87715144,87715151,4.0,La Rivière,Sainte-Colombe
87715144,87715169,3.0,La Rivière,Les Granges-Narboz
87715151,87715003,6.0,Sainte-Colombe,Pontarlier
87715151,87715144,4.0,Sainte-Colombe,La Rivière
87715151,87715169,2.0,Sainte-Colombe,Les Granges-Narboz
87715169,87715003,5.0,Les Granges-Narboz,Pontarlier
87715169,87715151,5.0,Les Granges-Narboz,Sainte-Colombe
87715193,87715136,8.0,Bonnevaux,Frasne
87715193,87715201,7.0,Bonnevaux,Vaux-et-Chantegrue
87715201,87715193,5.0,Vaux-et-Chantegrue,Bonnevaux
87715201,87715219,8.0,Vaux-et-Chantegrue,Labergement-Sainte-Marie
87715201,87715235,5.0,Vaux-et-Chantegrue,Les Granges-Sainte-Marie
87715219,85011031,9.0,Labergement-Sainte-Marie,Vallorbe
87715219,87715136,9.0,Labergement-Sainte-Marie,Frasne
87715219,87715201,8.0,Labergement-Sainte-Marie,Vaux-et-Chantegrue
87715219,87715227,11.0,Labergement-Sainte-Marie,Les Longevilles Rochejean
87715219,87715235,2.0,Labergement-Sainte-Marie,Les Granges-Sainte-Marie
87715219,87715250,8.0,Labergement-Sainte-Marie,Saint-Antoine (Doubs)
87715227,87715219,10.0,Les Longevilles Rochejean,Labergement-Sainte-Marie
87715227,87715250,4.0,Les Longevilles Rochejean,Saint-Antoine (Doubs)
87715235,87699850,3.0,Les Granges-Sainte-Marie,Malbuisson
87715250,87715219,8.0,Saint-Antoine (Doubs),Labergement-Sainte-Marie
87715250,87715227,2.0,Saint-Antoine (Doubs),Les Longevilles Rochejean
87715250,87715268,4.0,Saint-Antoine (Doubs),Métabief
87715250,87715516,5.0,Saint-Antoine (Doubs),Les Hôpitaux-Neufs
87715268,87715250,4.0,Métabief,Saint-Antoine (Doubs)
87715268,87715516,4.0,Métabief,Les Hôpitaux-Neufs
87715326,87352047,2.0,Champagnole,Champagnole Paul-Émile Victor
87715326,87715102,12.0,Champagnole,Andelot
87715326,87715383,15.0,Champagnole,La Chaux-des-Crotenay
87715326,87715417,23.0,Champagnole,Saint-Laurent-en-Grandvaux
87715326,87718833,42.0,Champagnole,Mouchard
87715383,87352047,12.0,La Chaux-des-Crotenay,Champagnole Paul-Émile Victor
87715383,87715391,10.0,La Chaux-des-Crotenay,La Chaumusse - Fort-du-Plasne
87715383,87715417,15.0,La Chaux-des-Crotenay,Saint-Laurent-en-Grandvaux
87715391,87715383,8.0,La Chaumusse - Fort-du-Plasne,La Chaux-des-Crotenay
87715391,87715417,5.0,La Chaumusse - Fort-du-Plasne,Saint-Laurent-en-Grandvaux
87715417,87715326,30.0,Saint-Laurent-en-Grandvaux,Champagnole
87715417,87715391,5.0,Saint-Laurent-en-Grandvaux,La Chaumusse - Fort-du-Plasne
87715417,87715433,9.0,Saint-Laurent-en-Grandvaux,Morbier
87715433,87715417,9.0,Morbier,Saint-Laurent-en-Grandvaux
87715433,87715441,5.0,Morbier,Morez
87715441,87715433,6.0,Morez,Morbier
87715441,87716910,5.0,Morez,Morez Lycée
87715441,87743633,31.0,Morez,Saint-Claude
87715516,87715250,5.0,Les Hôpitaux-Neufs,Saint-Antoine (Doubs)
87715516,87715268,2.0,Les Hôpitaux-Neufs,Métabief
87715516,87715524,4.0,Les Hôpitaux-Neufs,Jougne
87715524,87685784,3.0,Jougne,Les Tavins
87715524,87715516,5.0,Jougne,Les Hôpitaux-Neufs
87715821,87144212,4.0,Mirecourt Hôpital,Mirecourt
87715821,87748731,2.0,Mirecourt Hôpital,Poussay Rue de Mirecourt
87716449,87144014,11.0,Saint-Léonard Centre,Saint-Dié-des-Vosges
87716449,87716696,13.0,Saint-Léonard Centre,Corcieux le Conti
87716456,87144154,13.0,Biffontaine Mairie,Bruyères
87716456,87716811,6.0,Biffontaine Mairie,La Houssière Vanémont Centre
87716456,87716829,13.0,Biffontaine Mairie,Laveline-devant-Bruyères Maison pour Tous
87716472,87752394,6.0,Lépanges-Vologn R. Poste,Docelles Monument
87716472,87752410,4.0,Lépanges-Vologn R. Poste,Laval-sur-Vologne Rue de la Vologne
87716696,87716449,13.0,Corcieux le Conti,Saint-Léonard Centre
87716696,87716811,5.0,Corcieux le Conti,La Houssière Vanémont Centre
87716811,87716456,6.0,La Houssière Vanémont Centre,Biffontaine Mairie
87716811,87716696,5.0,La Houssière Vanémont Centre,Corcieux le Conti
87716829,87144154,9.0,Laveline-devant-Bruyères Maison pour Tous,Bruyères
87716829,87716456,13.0,Laveline-devant-Bruyères Maison pour Tous,Biffontaine Mairie
87716910,87715441,5.0,Morez Lycée,Morez
87717090,87141002,28.0,Ceintrey Eglise,Nancy
87717090,87717108,7.0,Ceintrey Eglise,Vézelise Beauregard
87717108,87700906,6.0,Vézelise Beauregard,Tantonville Rue Louis Pasteur
87717108,87700930,12.0,Vézelise Beauregard,Diarville Place Raymond Midon
87717108,87717090,7.0,Vézelise Beauregard,Ceintrey Eglise
87717108,87748731,19.0,Vézelise Beauregard,Poussay Rue de Mirecourt
87717389,87444000,45.0,Guilberville-le Saussey,Caen
87717389,87448514,45.0,Guilberville-le Saussey,Avranches
87717629,87448514,58.0,Rennes Beaulieu Chimie,Avranches
87717629,87471003,12.0,Rennes Beaulieu Chimie,Rennes
87717751,87193664,7.0,Herbitzheim Mairie,Kalhausen Gare
87717751,87717769,1.0,Herbitzheim Mairie,Herbitzheim Msp
87717769,87406991,7.0,Herbitzheim Msp,Sarralbe Centre
87717769,87717751,1.0,Herbitzheim Msp,Herbitzheim Mairie
87717769,87728592,3.0,Herbitzheim Msp,Herbitzheim Rue de Hambach
87717769,87730994,6.0,Herbitzheim Msp,Keskastel Rue de la Libération
87718007,87300863,13.0,Besançon Viotte,Besançon Franche-Comté TGV
87718007,87710731,4.0,Besançon Viotte,Ecole-Valentin
87718007,87713412,22.0,Besançon Viotte,Dole
87718007,87718015,4.0,Besançon Viotte,Besançon Mouillère
87718007,87718304,5.0,Besançon Viotte,Franois
87718007,87718312,7.0,Besançon Viotte,Dannemarie - Velesmes
87718007,87718320,9.0,Besançon Viotte,Saint-Vit
87718007,87718403,6.0,Besançon Viotte,Roche-lez-Beaupré
87718007,87718460,20.0,Besançon Viotte,Baume-les-Dames
87718007,87718833,52.0,Besançon Viotte,Mouchard
87718007,87718841,21.0,Besançon Viotte,Arc-et-Senans
87718015,87391300,7.0,Besançon Mouillère,Morre
87718015,87718007,4.0,Besançon Mouillère,Besançon Viotte
87718015,87718502,16.0,Besançon Mouillère,Saône
87718106,87718114,3.0,Montferrand - Thoraise,Torpes - Boussières
87718106,87718304,4.0,Montferrand - Thoraise,Franois
87718114,87718106,2.0,Torpes - Boussières,Montferrand - Thoraise
87718114,87718122,5.0,Torpes - Boussières,Byans
87718122,87718007,15.0,Byans,Besançon Viotte
87718122,87718114,5.0,Byans,Torpes - Boussières
87718122,87718130,5.0,Byans,Liesle
87718130,87718122,5.0,Liesle,Byans
87718130,87718841,4.0,Liesle,Arc-et-Senans
87718155,87659656,6.0,Arbois,Buvilly Halte Routière
87718155,87718189,8.0,Arbois,Poligny
87718155,87718833,6.0,Arbois,Mouchard
87718189,87659656,5.0,Poligny,Buvilly Halte Routière
87718189,87718155,7.0,Poligny,Arbois
87718189,87718197,4.0,Poligny,Saint-Lothain
87718189,87718239,19.0,Poligny,Lons-le-Saunier
87718197,87718189,4.0,Saint-Lothain,Poligny
87718197,87718205,8.0,Saint-Lothain,Passenans
87718197,87718213,6.0,Saint-Lothain,Domblans - Voiteur
87718205,87659649,12.0,Passenans,Domblans Halte Routière
87718205,87718197,9.0,Passenans,Saint-Lothain
87718213,87718189,11.0,Domblans - Voiteur,Poligny
87718213,87718197,6.0,Domblans - Voiteur,Saint-Lothain
87718213,87718239,10.0,Domblans - Voiteur,Lons-le-Saunier
87718221,87659722,4.0,Montain-Lavigny,Voiteur Halte Routière
87718221,87718239,11.0,Montain-Lavigny,Lons-le-Saunier
87718239,87718189,18.0,Lons-le-Saunier,Poligny
87718239,87718213,8.0,Lons-le-Saunier,Domblans - Voiteur
87718239,87718221,10.0,Lons-le-Saunier,Montain-Lavigny
87718239,87718270,12.0,Lons-le-Saunier,Cousance
87718239,87718296,19.0,Lons-le-Saunier,Saint-Amour
87718270,87718239,12.0,Cousance,Lons-le-Saunier
87718270,87718296,7.0,Cousance,Saint-Amour
87718296,87713735,13.0,Saint-Amour,Louhans
87718296,87718239,22.0,Saint-Amour,Lons-le-Saunier
87718296,87718270,7.0,Saint-Amour,Cousance
87718296,87743005,16.0,Saint-Amour,Bourg-en-Bresse
87718304,87718007,5.0,Franois,Besançon Viotte
87718304,87718106,4.0,Franois,Montferrand - Thoraise
87718304,87718312,9.0,Franois,Dannemarie - Velesmes
87718304,87718320,18.0,Franois,Saint-Vit
87718304,87718841,17.0,Franois,Arc-et-Senans
87718312,87718007,8.0,Dannemarie - Velesmes,Besançon Viotte
87718312,87718304,9.0,Dannemarie - Velesmes,Franois
87718312,87718320,3.0,Dannemarie - Velesmes,Saint-Vit
87718320,87713412,13.0,Saint-Vit,Dole
87718320,87718007,10.0,Saint-Vit,Besançon Viotte
87718320,87718304,14.0,Saint-Vit,Franois
87718320,87718312,3.0,Saint-Vit,Dannemarie - Velesmes
87718320,87718338,4.0,Saint-Vit,Ranchot
87718338,87718320,4.0,Ranchot,Saint-Vit
87718338,87718361,3.0,Ranchot,Orchamps
87718361,87713412,8.0,Orchamps,Dole
87718361,87718338,3.0,Orchamps,Ranchot
87718403,87718007,8.0,Roche-lez-Beaupré,Besançon Viotte
87718403,87718411,2.0,Roche-lez-Beaupré,Novillars
87718411,87718403,2.0,Novillars,Roche-lez-Beaupré
87718411,87718429,4.0,Novillars,Deluz
87718429,87718411,4.0,Deluz,Novillars
87718429,87718437,3.0,Deluz,Laissey
87718437,87718007,14.0,Laissey,Besançon Viotte
87718437,87718429,3.0,Laissey,Deluz
87718437,87718460,9.0,Laissey,Baume-les-Dames
87718460,87184622,11.0,Baume-les-Dames,Clerval
87718460,87718007,22.0,Baume-les-Dames,Besançon Viotte
87718460,87718437,9.0,Baume-les-Dames,Laissey
87718502,87391300,3.0,Saône,Morre
87718502,87718510,4.0,Saône,Mamirolle
87718510,87718502,4.0,Mamirolle,Saône
87718510,87718528,6.0,Mamirolle,L'Hôpital-du-Grosbois
87718510,87718544,20.0,Mamirolle,Le Valdahon
87718528,87718510,6.0,L'Hôpital-du-Grosbois,Mamirolle
87718528,87718536,4.0,L'Hôpital-du-Grosbois,Étalans
87718528,87718544,18.0,L'Hôpital-du-Grosbois,Le Valdahon
87718536,87718528,4.0,Étalans,L'Hôpital-du-Grosbois
87718536,87718601,3.0,Étalans,Le Valdahon Camp Militaire
87718544,87718528,14.0,Le Valdahon,L'Hôpital-du-Grosbois
87718544,87718536,5.0,Le Valdahon,Étalans
87718544,87718551,7.0,Le Valdahon,Avoudrey
87718544,87718601,2.0,Le Valdahon,Le Valdahon Camp Militaire
87718551,87718544,8.0,Avoudrey,Le Valdahon
87718551,87718577,13.0,Avoudrey,Gilley
87718551,87718619,29.0,Avoudrey,Morteau
87718577,87718551,13.0,Gilley,Avoudrey
87718577,87718619,11.0,Gilley,Morteau
87718601,87718536,3.0,Le Valdahon Camp Militaire,Étalans
87718601,87718544,3.0,Le Valdahon Camp Militaire,Le Valdahon
87718619,87598219,11.0,Morteau,Le Locle Col des Roches
87718619,87718551,30.0,Morteau,Avoudrey
87718619,87718577,10.0,Morteau,Gilley
87718833,87713412,16.0,Mouchard,Dole
87718833,87715102,17.0,Mouchard,Andelot
87718833,87715136,27.0,Mouchard,Frasne
87718833,87715326,34.0,Mouchard,Champagnole
87718833,87718007,54.0,Mouchard,Besançon Viotte
87718833,87718155,6.0,Mouchard,Arbois
87718833,87718841,4.0,Mouchard,Arc-et-Senans
87718841,87718007,23.0,Arc-et-Senans,Besançon Viotte
87718841,87718122,8.0,Arc-et-Senans,Byans
87718841,87718130,4.0,Arc-et-Senans,Liesle
87718841,87718304,17.0,Arc-et-Senans,Franois
87718841,87718833,5.0,Arc-et-Senans,Mouchard
87718841,87718866,6.0,Arc-et-Senans,Montbarrey
87718866,87713412,9.0,Montbarrey,Dole
87718866,87718841,7.0,Montbarrey,Arc-et-Senans
87721001,87721225,4.0,Lyon Vaise,Collonges - Fontaines
87721001,87721266,7.0,Lyon Vaise,Albigny - Neuville
87721001,87721282,8.0,Lyon Vaise,Saint-Germain-au-Mont-d'Or
87721001,87721423,20.0,Lyon Vaise,Lozanne
87721001,87722025,5.0,Lyon Vaise,Lyon Perrache
87721035,87698639,35.0,Amplepuis,Roanne-Gare-Routière
87721035,87721043,4.0,Amplepuis,Saint-Victor - Thizy
87721035,87721472,10.0,Amplepuis,Tarare
87721035,87726828,19.0,Amplepuis,Le Coteau
87721043,87721035,5.0,Saint-Victor - Thizy,Amplepuis
87721043,87721050,4.0,Saint-Victor - Thizy,Régny
87721050,87721043,5.0,Régny,Saint-Victor - Thizy
87721050,87726828,11.0,Régny,Le Coteau
87721159,87721175,2.0,Lyon Saint-Paul,Lyon Gorge de Loup
87721175,87698274,4.0,Lyon Gorge de Loup,Ecully Arrêt TCL Demi-Lune Vauboin
87721175,87698332,10.0,Lyon Gorge de Loup,Lyon-Saint-Paul Quai de Bondy
87721175,87698340,10.0,Lyon Gorge de Loup,Lyon-Saint-Paul La Feuillée
87721175,87721159,3.0,Lyon Gorge de Loup,Lyon Saint-Paul
87721175,87721506,3.0,Lyon Gorge de Loup,Écully la Demi-Lune
87721225,87721001,4.0,Collonges - Fontaines,Lyon Vaise
87721225,87721241,2.0,Collonges - Fontaines,Couzon-au-Mont-d'Or
87721225,87723197,8.0,Collonges - Fontaines,Lyon Part Dieu
87721241,87721225,2.0,Couzon-au-Mont-d'Or,Collonges - Fontaines
87721241,87721266,2.0,Couzon-au-Mont-d'Or,Albigny - Neuville
87721266,87721241,2.0,Albigny - Neuville,Couzon-au-Mont-d'Or
87721266,87721282,2.0,Albigny - Neuville,Saint-Germain-au-Mont-d'Or
87721266,87721423,9.0,Albigny - Neuville,Lozanne
87721266,87723197,11.0,Albigny - Neuville,Lyon Part Dieu
87721282,87697003,4.0,Saint-Germain-au-Mont-d'Or,Albigny-Neuville-Arret-TCL-Gare
87721282,87697128,40.0,Saint-Germain-au-Mont-d'Or,Lyon-Part-Dieu Gare Routière
87721282,87721001,8.0,Saint-Germain-au-Mont-d'Or,Lyon Vaise
87721282,87721266,2.0,Saint-Germain-au-Mont-d'Or,Albigny - Neuville
87721282,87721290,2.0,Saint-Germain-au-Mont-d'Or,Quincieux
87721282,87721324,5.0,Saint-Germain-au-Mont-d'Or,Anse
87721282,87721332,7.0,Saint-Germain-au-Mont-d'Or,Villefranche-sur-Saône
87721282,87721415,5.0,Saint-Germain-au-Mont-d'Or,Chazay - Marcilly
87721282,87721423,8.0,Saint-Germain-au-Mont-d'Or,Lozanne
87721282,87722025,18.0,Saint-Germain-au-Mont-d'Or,Lyon Perrache
87721282,87723197,12.0,Saint-Germain-au-Mont-d'Or,Lyon Part Dieu
87721290,87721282,2.0,Quincieux,Saint-Germain-au-Mont-d'Or
87721290,87721324,4.0,Quincieux,Anse
87721324,87721282,5.0,Anse,Saint-Germain-au-Mont-d'Or
87721324,87721290,4.0,Anse,Quincieux
87721324,87721332,3.0,Anse,Villefranche-sur-Saône
87721332,87697011,7.0,Villefranche-sur-Saône,Anse-Monument
87721332,87697128,40.0,Villefranche-sur-Saône,Lyon-Part-Dieu Gare Routière
87721332,87721282,7.0,Villefranche-sur-Saône,Saint-Germain-au-Mont-d'Or
87721332,87721324,3.0,Villefranche-sur-Saône,Anse
87721332,87721340,4.0,Villefranche-sur-Saône,Saint-Georges-de-Reneins
87721332,87721357,7.0,Villefranche-sur-Saône,Belleville sur Sâone
87721340,87721332,5.0,Saint-Georges-de-Reneins,Villefranche-sur-Saône
87721340,87721357,3.0,Saint-Georges-de-Reneins,Belleville sur Sâone
87721357,87721332,7.0,Belleville sur Sâone,Villefranche-sur-Saône
87721357,87721340,3.0,Belleville sur Sâone,Saint-Georges-de-Reneins
87721357,87725689,11.0,Belleville sur Sâone,Mâcon
87721357,87725739,4.0,Belleville sur Sâone,Romanèche-Thorins-Maison Blanche
87721415,87721282,6.0,Chazay - Marcilly,Saint-Germain-au-Mont-d'Or
87721415,87721423,3.0,Chazay - Marcilly,Lozanne
87721423,87697185,5.0,Lozanne,Civrieux-d'Azergues D 385
87721423,87721001,19.0,Lozanne,Lyon Vaise
87721423,87721266,9.0,Lozanne,Albigny - Neuville
87721423,87721415,3.0,Lozanne,Chazay - Marcilly
87721423,87721431,5.0,Lozanne,L'Arbresle
87721423,87721746,5.0,Lozanne,Civrieux-d'Azergues
87721423,87721753,4.0,Lozanne,Châtillon d'Azergues
87721423,87721787,9.0,Lozanne,Bois-d'Oingt - Légny
87721423,87723197,20.0,Lozanne,Lyon Part Dieu
87721431,87697128,40.0,L'Arbresle,Lyon-Part-Dieu Gare Routière
87721431,87698282,6.0,L'Arbresle,Fleurieux RN7
87721431,87721423,5.0,L'Arbresle,Lozanne
87721431,87721456,5.0,L'Arbresle,Saint-Romain-de-Popey
87721431,87721472,11.0,L'Arbresle,Tarare
87721431,87721563,4.0,L'Arbresle,Fleurieux-sur-l'Arbresle
87721431,87721605,4.0,L'Arbresle,Sain-Bel
87721449,87697227,6.0,Dardilly - Le Jubin,Lissieu-Le Bois Dieu RD306
87721449,87721480,3.0,Dardilly - Le Jubin,Dardilly les Mouilles
87721449,87721738,4.0,Dardilly - Le Jubin,Dommartin - Lissieu
87721456,87721431,5.0,Saint-Romain-de-Popey,L'Arbresle
87721456,87721464,3.0,Saint-Romain-de-Popey,Pontcharra - Saint-Forgeux
87721464,87721456,3.0,Pontcharra - Saint-Forgeux,Saint-Romain-de-Popey
87721464,87721472,4.0,Pontcharra - Saint-Forgeux,Tarare
87721472,87721035,11.0,Tarare,Amplepuis
87721472,87721431,11.0,Tarare,L'Arbresle
87721472,87721456,6.0,Tarare,Saint-Romain-de-Popey
87721472,87721464,4.0,Tarare,Pontcharra - Saint-Forgeux
87721472,87723197,34.0,Tarare,Lyon Part Dieu
87721472,87726802,31.0,Tarare,Roanne
87721480,87698274,16.0,Dardilly les Mouilles,Ecully Arrêt TCL Demi-Lune Vauboin
87721480,87721449,3.0,Dardilly les Mouilles,Dardilly - Le Jubin
87721480,87721704,3.0,Dardilly les Mouilles,Les Flachères
87721506,87721175,2.0,Écully la Demi-Lune,Lyon Gorge de Loup
87721506,87721514,3.0,Écully la Demi-Lune,Tassin
87721506,87722744,4.0,Écully la Demi-Lune,Alaï
87721514,87721506,1.0,Tassin,Écully la Demi-Lune
87721514,87721522,1.0,Tassin,Le Méridien La Ferrière
87721514,87721704,3.0,Tassin,Les Flachères
87721522,87698738,2.0,Le Méridien La Ferrière,Tassin-le-Baraillon
87721522,87721514,2.0,Le Méridien La Ferrière,Tassin
87721522,87721530,2.0,Le Méridien La Ferrière,Charbonnières-les-Bains
87721530,87208553,2.0,Charbonnières-les-Bains,Casino Lacroix Laval
87721530,87721522,2.0,Charbonnières-les-Bains,Le Méridien La Ferrière
87721548,87208553,2.0,La Tour-de-Salvagny,Casino Lacroix Laval
87721548,87566919,3.0,La Tour-de-Salvagny,Lentilly Charpenay
87721555,87566919,2.0,Lentilly,Lentilly Charpenay
87721555,87698282,4.0,Lentilly,Fleurieux RN7
87721555,87721563,3.0,Lentilly,Fleurieux-sur-l'Arbresle
87721563,87721431,5.0,Fleurieux-sur-l'Arbresle,L'Arbresle
87721563,87721555,3.0,Fleurieux-sur-l'Arbresle,Lentilly
87721605,87721431,4.0,Sain-Bel,L'Arbresle
87721696,87407940,8.0,Jumeaux,Le Breuil-sur-C Salle des F.
87721696,87734228,9.0,Jumeaux,Le Breuil-sur-Couze
87721696,87734244,6.0,Jumeaux,Brassac-les-Mines - Sainte-Florine
87721704,87721480,3.0,Les Flachères,Dardilly les Mouilles
87721704,87721514,4.0,Les Flachères,Tassin
87721738,87721449,4.0,Dommartin - Lissieu,Dardilly - Le Jubin
87721738,87721746,4.0,Dommartin - Lissieu,Civrieux-d'Azergues
87721746,87721423,5.0,Civrieux-d'Azergues,Lozanne
87721746,87721738,4.0,Civrieux-d'Azergues,Dommartin - Lissieu
87721753,87721423,4.0,Châtillon d'Azergues,Lozanne
87721753,87721761,2.0,Châtillon d'Azergues,Chessy
87721761,87721753,2.0,Chessy,Châtillon d'Azergues
87721761,87721779,2.0,Chessy,Le Breuil (Rhône)
87721761,87721787,3.0,Chessy,Bois-d'Oingt - Légny
87721779,87721761,1.0,Le Breuil (Rhône),Chessy
87721779,87721787,1.0,Le Breuil (Rhône),Bois-d'Oingt - Légny
87721787,87409763,5.0,Bois-d'Oingt - Légny,Bois d'Oingt
87721787,87721423,8.0,Bois-d'Oingt - Légny,Lozanne
87721787,87721761,3.0,Bois-d'Oingt - Légny,Chessy
87721787,87721779,1.0,Bois-d'Oingt - Légny,Le Breuil (Rhône)
87721787,87721811,5.0,Bois-d'Oingt - Légny,Ternand
87721787,87721829,8.0,Bois-d'Oingt - Légny,Chamelet
87721787,87721860,14.0,Bois-d'Oingt - Légny,Lamure-sur-Azergues
87721787,87761072,4.0,Bois-d'Oingt - Légny,Val-d'Oingt - Saint-Laurent-d'Oingt Gare
87721811,87409771,2.0,Ternand,Létra Gabodière
87721811,87721787,5.0,Ternand,Bois-d'Oingt - Légny
87721811,87761072,2.0,Ternand,Val-d'Oingt - Saint-Laurent-d'Oingt Gare
87721829,87409771,3.0,Chamelet,Létra Gabodière
87721829,87721787,7.0,Chamelet,Bois-d'Oingt - Légny
87721829,87721845,4.0,Chamelet,Chambost-Allières
87721829,87721860,8.0,Chamelet,Lamure-sur-Azergues
87721845,87666099,4.0,Chambost-Allières,Chamelet Centre
87721845,87721829,4.0,Chambost-Allières,Chamelet
87721845,87721852,2.0,Chambost-Allières,Grandris La Folletière
87721852,87484576,2.0,Grandris La Folletière,Lamure-sur-Azergues Collège
87721852,87721845,2.0,Grandris La Folletière,Chambost-Allières
87721860,87484576,2.0,Lamure-sur-Azergues,Lamure-sur-Azergues Collège
87721860,87694778,19.0,Lamure-sur-Azergues,Chauffailles
87721860,87698290,6.0,Lamure-sur-Azergues,Grandris-Centre
87721860,87721787,14.0,Lamure-sur-Azergues,Bois-d'Oingt - Légny
87721860,87721829,8.0,Lamure-sur-Azergues,Chamelet
87721860,87721878,4.0,Lamure-sur-Azergues,Saint-Nizier-d'Azergues
87721878,87484584,7.0,Saint-Nizier-d'Azergues,Poule-les-Écharmeaux Mairie
87721878,87721860,4.0,Saint-Nizier-d'Azergues,Lamure-sur-Azergues
87721878,87721894,6.0,Saint-Nizier-d'Azergues,Poule
87721894,87484584,2.0,Poule,Poule-les-Écharmeaux Mairie
87721894,87721878,6.0,Poule,Saint-Nizier-d'Azergues
87722025,87111849,121.0,Lyon Perrache,Marne-la-Vallée Chessy
87722025,87282624,2.0,Lyon Perrache,Lyon Jean Macé
87722025,87698506,12.0,Lyon Perrache,Feyzin-TCL-Gare
87722025,87721001,4.0,Lyon Perrache,Lyon Vaise
87722025,87722207,3.0,Lyon Perrache,Oullins
87722025,87722587,18.0,Lyon Perrache,Vienne
87722025,87723197,6.0,Lyon Perrache,Lyon Part Dieu
87722025,87723320,16.0,Lyon Perrache,Vénissieux
87722025,87761007,65.0,Lyon Perrache,Valence Ville
87722025,87763029,33.0,Lyon Perrache,Valence TGV Rhône-Alpes Sud
87722207,87722025,5.0,Oullins,Lyon Perrache
87722207,87722231,2.0,Oullins,Pierre-Bénite
87722207,87722405,12.0,Oullins,Givors Ville
87722231,87722207,1.0,Pierre-Bénite,Oullins
87722231,87722249,3.0,Pierre-Bénite,Irigny - Yvours
87722249,87722207,4.0,Irigny - Yvours,Oullins
87722249,87722231,2.0,Irigny - Yvours,Pierre-Bénite
87722249,87722264,4.0,Irigny - Yvours,Vernaison
87722264,87722249,4.0,Vernaison,Irigny - Yvours
87722264,87722298,3.0,Vernaison,Grigny le Sablon
87722298,87722264,4.0,Grigny le Sablon,Vernaison
87722298,87722439,3.0,Grigny le Sablon,Givors Canal
87722405,87697128,34.0,Givors Ville,Lyon-Part-Dieu Gare Routière
87722405,87722207,13.0,Givors Ville,Oullins
87722405,87722439,2.0,Givors Ville,Givors Canal
87722405,87723197,17.0,Givors Ville,Lyon Part Dieu
87722405,87726331,10.0,Givors Ville,Rive-de-Gier
87722439,87722298,2.0,Givors Canal,Grigny le Sablon
87722439,87722405,2.0,Givors Canal,Givors Ville
87722538,87722546,3.0,Feyzin,Sérézin
87722538,87728501,3.0,Feyzin,Saint-Fons
87722546,87698506,10.0,Sérézin,Feyzin-TCL-Gare
87722546,87698779,4.0,Sérézin,Ternay Chemin de la Gare
87722546,87722538,4.0,Sérézin,Feyzin
87722546,87722561,4.0,Sérézin,Chasse-sur-Rhône
87722561,87698803,20.0,Chasse-sur-Rhône,Vienne-Gare-Routière
87722561,87722546,4.0,Chasse-sur-Rhône,Sérézin
87722561,87722579,5.0,Chasse-sur-Rhône,Estressin
87722561,87723197,13.0,Chasse-sur-Rhône,Lyon Part Dieu
87722579,87722561,5.0,Estressin,Chasse-sur-Rhône
87722579,87722587,3.0,Estressin,Vienne
87722587,87282624,15.0,Vienne,Lyon Jean Macé
87722587,87722561,7.0,Vienne,Chasse-sur-Rhône
87722587,87722579,3.0,Vienne,Estressin
87722587,87722652,6.0,Vienne,Saint-Clair - Les Roches
87722587,87722678,11.0,Vienne,Le Péage-de-Roussillon
87722587,87723197,18.0,Vienne,Lyon Part Dieu
87722652,87722587,6.0,Saint-Clair - Les Roches,Vienne
87722652,87722678,5.0,Saint-Clair - Les Roches,Le Péage-de-Roussillon
87722678,87722587,11.0,Le Péage-de-Roussillon,Vienne
87722678,87722652,5.0,Le Péage-de-Roussillon,Saint-Clair - Les Roches
87722678,87761007,26.0,Le Péage-de-Roussillon,Valence Ville
87722678,87761106,5.0,Le Péage-de-Roussillon,Saint-Rambert-d'Albon
87722678,87761163,17.0,Le Péage-de-Roussillon,Tain-l'Hermitage - Tournon
87722702,87698381,9.0,Francheville,Alai Arrêt TCL
87722702,87722710,4.0,Francheville,Chaponost
87722702,87722744,3.0,Francheville,Alaï
87722710,87722702,4.0,Chaponost,Francheville
87722710,87722728,7.0,Chaponost,Brignais
87722728,87722710,3.0,Brignais,Chaponost
87722744,87721506,4.0,Alaï,Écully la Demi-Lune
87722744,87722702,3.0,Alaï,Francheville
87723197,87111849,103.0,Lyon Part Dieu,Marne-la-Vallée Chessy
87723197,87300863,162.0,Lyon Part Dieu,Besançon Franche-Comté TGV
87723197,87318964,62.0,Lyon Part Dieu,Avignon TGV
87723197,87319012,120.0,Lyon Part Dieu,Aix-en-Provence TGV
87723197,87393009,154.0,Lyon Part Dieu,Versailles Chantiers
87723197,87393579,126.0,Lyon Part Dieu,Massy-Palaiseau
87723197,87393702,120.0,Lyon Part Dieu,Massy TGV
87723197,87546192,113.0,Lyon Part Dieu,Pont de Rungis Aéroport d'Orly
87723197,87686006,111.0,Lyon Part Dieu,Paris Gare de Lyon Hall 1 - 2
87723197,87694109,38.0,Lyon Part Dieu,Le Creusot-TGV
87723197,87703975,117.0,Lyon Part Dieu,Nîmes Pont du Gard
87723197,87713040,84.0,Lyon Part Dieu,Dijon
87723197,87721225,8.0,Lyon Part Dieu,Collonges - Fontaines
87723197,87721266,10.0,Lyon Part Dieu,Albigny - Neuville
87723197,87721282,11.0,Lyon Part Dieu,Saint-Germain-au-Mont-d'Or
87723197,87721423,19.0,Lyon Part Dieu,Lozanne
87723197,87721472,33.0,Lyon Part Dieu,Tarare
87723197,87722025,6.0,Lyon Part Dieu,Lyon Perrache
87723197,87722405,16.0,Lyon Part Dieu,Givors Ville
87723197,87722587,18.0,Lyon Part Dieu,Vienne
87723197,87723395,17.0,Lyon Part Dieu,La Verpillière
87723197,87723429,22.0,Lyon Part Dieu,Bourgoin-Jallieu
87723197,87723502,5.0,Lyon Part Dieu,Crépieux la Pape
87723197,87723585,19.0,Lyon Part Dieu,Meximieux - Pérouges
87723197,87723700,7.0,Lyon Part Dieu,Sathonay - Rillieux
87723197,87725002,60.0,Lyon Part Dieu,Chalon-sur-Saône
87723197,87725689,35.0,Lyon Part Dieu,Mâcon
87723197,87725705,24.0,Lyon Part Dieu,Mâcon - Loché TGV
87723197,87726000,40.0,Lyon Part Dieu,Saint-Étienne Châteaucreux
87723197,87726802,64.0,Lyon Part Dieu,Roanne
87723197,87734004,133.0,Lyon Part Dieu,Clermont-Ferrand
87723197,87741009,72.0,Lyon Part Dieu,Chambéry - Challes-les-Eaux
87723197,87741132,69.0,Lyon Part Dieu,Aix-les-Bains le Revard
87723197,87743005,39.0,Lyon Part Dieu,Bourg-en-Bresse
87723197,87743716,22.0,Lyon Part Dieu,Ambérieu-en-Bugey
87723197,87745000,71.0,Lyon Part Dieu,Bellegarde
87723197,87747006,71.0,Lyon Part Dieu,Grenoble
87723197,87761007,45.0,Lyon Part Dieu,Valence Ville
87723197,87761106,42.0,Lyon Part Dieu,Saint-Rambert-d'Albon
87723197,87761494,67.0,Lyon Part Dieu,Saint-Péray
87723197,87763029,33.0,Lyon Part Dieu,Valence TGV Rhône-Alpes Sud
87723197,87775007,77.0,Lyon Part Dieu,Nîmes Centre
87723320,87282624,5.0,Vénissieux,Lyon Jean Macé
87723320,87722025,20.0,Vénissieux,Lyon Perrache
87723320,87723353,3.0,Vénissieux,Saint-Priest
87723320,87723387,35.0,Vénissieux,Saint-Quentin-Fallavier
87723353,87723320,3.0,Saint-Priest,Vénissieux
87723353,87723387,8.0,Saint-Priest,Saint-Quentin-Fallavier
87723353,87725192,10.0,Saint-Priest,ST PIERRE C. ZI porte Dauphiné
87723353,87725309,10.0,Saint-Priest,Toussieu la Côte
87723361,87698712,3.0,Saint-Pierre-de-Chandieu Ronin,Saint-Pierre-de-Chandieu Charmy
87723361,87725168,3.0,Saint-Pierre-de-Chandieu Ronin,St Pierre Chandieu C.Cassier
87723387,87723320,21.0,Saint-Quentin-Fallavier,Vénissieux
87723387,87723353,7.0,Saint-Quentin-Fallavier,Saint-Priest
87723387,87723395,3.0,Saint-Quentin-Fallavier,La Verpillière
87723395,87697128,40.0,La Verpillière,Lyon-Part-Dieu Gare Routière
87723395,87723197,18.0,La Verpillière,Lyon Part Dieu
87723395,87723387,3.0,La Verpillière,Saint-Quentin-Fallavier
87723395,87723429,6.0,La Verpillière,Bourgoin-Jallieu
87723395,87761239,4.0,La Verpillière,L'Isle-d'Abeau
87723429,87335521,53.0,Bourgoin-Jallieu,Grenoble
87723429,87697128,60.0,Bourgoin-Jallieu,Lyon-Part-Dieu Gare Routière
87723429,87723197,24.0,Bourgoin-Jallieu,Lyon Part Dieu
87723429,87723395,6.0,Bourgoin-Jallieu,La Verpillière
87723429,87723452,5.0,Bourgoin-Jallieu,Cessieu
87723429,87723478,8.0,Bourgoin-Jallieu,La Tour-du-Pin
87723429,87747287,40.0,Bourgoin-Jallieu,Voiron
87723429,87761239,3.0,Bourgoin-Jallieu,L'Isle-d'Abeau
87723452,87723429,5.0,Cessieu,Bourgoin-Jallieu
87723452,87723478,4.0,Cessieu,La Tour-du-Pin
87723478,87723429,8.0,La Tour-du-Pin,Bourgoin-Jallieu
87723478,87723452,4.0,La Tour-du-Pin,Cessieu
87723478,87723494,5.0,La Tour-du-Pin,Saint-André-le-Gaz
87723478,87741009,55.0,La Tour-du-Pin,Chambéry - Challes-les-Eaux
87723478,87741470,15.0,La Tour-du-Pin,Pont-de-Beauvoisin
87723478,87747287,27.0,La Tour-du-Pin,Voiron
87723494,87723478,5.0,Saint-André-le-Gaz,La Tour-du-Pin
87723494,87741496,4.0,Saint-André-le-Gaz,Les Abrets - Fitilieu
87723494,87747204,5.0,Saint-André-le-Gaz,Virieu sur Bourbre
87723494,87747287,23.0,Saint-André-le-Gaz,Voiron
87723502,87723197,6.0,Crépieux la Pape,Lyon Part Dieu
87723502,87723528,4.0,Crépieux la Pape,Miribel
87723528,87723502,4.0,Miribel,Crépieux la Pape
87723528,87723536,2.0,Miribel,Saint-Maurice-de-Beynost
87723536,87723528,2.0,Saint-Maurice-de-Beynost,Miribel
87723536,87723544,3.0,Saint-Maurice-de-Beynost,Beynost
87723544,87723536,3.0,Beynost,Saint-Maurice-de-Beynost
87723544,87723569,3.0,Beynost,Montluel
87723569,87697128,36.0,Montluel,Lyon-Part-Dieu Gare Routière
87723569,87723544,4.0,Montluel,Beynost
87723569,87723577,4.0,Montluel,La Valbonne
87723569,87723585,15.0,Montluel,Meximieux - Pérouges
87723577,87723569,3.0,La Valbonne,Montluel
87723577,87723585,5.0,La Valbonne,Meximieux - Pérouges
87723585,87723197,19.0,Meximieux - Pérouges,Lyon Part Dieu
87723585,87723569,15.0,Meximieux - Pérouges,Montluel
87723585,87723577,5.0,Meximieux - Pérouges,La Valbonne
87723585,87743716,9.0,Meximieux - Pérouges,Ambérieu-en-Bugey
87723585,87743757,19.0,Meximieux - Pérouges,Tenay - Hauteville
87723700,87723197,8.0,Sathonay - Rillieux,Lyon Part Dieu
87723700,87723718,5.0,Sathonay - Rillieux,Les Échets
87723700,87723734,9.0,Sathonay - Rillieux,Saint-André-de-Corcy
87723700,87723759,14.0,Sathonay - Rillieux,Villars-les-Dombes
87723718,87723700,5.0,Les Échets,Sathonay - Rillieux
87723718,87723726,2.0,Les Échets,Mionnay
87723726,87723718,3.0,Mionnay,Les Échets
87723726,87723734,3.0,Mionnay,Saint-André-de-Corcy
87723734,87697128,27.0,Saint-André-de-Corcy,Lyon-Part-Dieu Gare Routière
87723734,87723726,4.0,Saint-André-de-Corcy,Mionnay
87723734,87723742,3.0,Saint-André-de-Corcy,Saint-Marcel en Dombes
87723734,87723759,13.0,Saint-André-de-Corcy,Villars-les-Dombes
87723742,87723734,3.0,Saint-Marcel en Dombes,Saint-André-de-Corcy
87723742,87723759,5.0,Saint-Marcel en Dombes,Villars-les-Dombes
87723759,87723700,14.0,Villars-les-Dombes,Sathonay - Rillieux
87723759,87723734,17.0,Villars-les-Dombes,Saint-André-de-Corcy
87723759,87723742,5.0,Villars-les-Dombes,Saint-Marcel en Dombes
87723759,87723767,5.0,Villars-les-Dombes,Marlieux - Châtillon
87723759,87723783,20.0,Villars-les-Dombes,Saint-Paul-de-Varax
87723767,87723759,5.0,Marlieux - Châtillon,Villars-les-Dombes
87723767,87723783,4.0,Marlieux - Châtillon,Saint-Paul-de-Varax
87723783,87696013,18.0,Saint-Paul-de-Varax,Bourg-en-Bresse Gare Routière
87723783,87723759,13.0,Saint-Paul-de-Varax,Villars-les-Dombes
87723783,87723767,5.0,Saint-Paul-de-Varax,Marlieux - Châtillon
87723783,87723791,4.0,Saint-Paul-de-Varax,Servas - Lent
87723791,87723783,4.0,Servas - Lent,Saint-Paul-de-Varax
87723791,87743005,6.0,Servas - Lent,Bourg-en-Bresse
87725002,87300863,54.0,Chalon-sur-Saône,Besançon Franche-Comté TGV
87725002,87694307,40.0,Chalon-sur-Saône,Montchanin
87725002,87713040,34.0,Chalon-sur-Saône,Dijon
87725002,87713578,8.0,Chalon-sur-Saône,Chagny
87725002,87713586,5.0,Chalon-sur-Saône,Fontaines - Mercurey
87725002,87723197,59.0,Chalon-sur-Saône,Lyon Part Dieu
87725002,87725614,8.0,Chalon-sur-Saône,Sennecey-le-Grand
87725002,87725622,11.0,Chalon-sur-Saône,Tournus
87725002,87725689,23.0,Chalon-sur-Saône,Mâcon
87725168,87723361,2.0,St Pierre Chandieu C.Cassier,Saint-Pierre-de-Chandieu Ronin
87725168,87725416,2.0,St Pierre Chandieu C.Cassier,Toussieu Eglise
87725192,87698712,7.0,ST PIERRE C. ZI porte Dauphiné,Saint-Pierre-de-Chandieu Charmy
87725192,87723353,13.0,ST PIERRE C. ZI porte Dauphiné,Saint-Priest
87725309,87723353,12.0,Toussieu la Côte,Saint-Priest
87725309,87725416,3.0,Toussieu la Côte,Toussieu Eglise
87725416,87725168,4.0,Toussieu Eglise,St Pierre Chandieu C.Cassier
87725416,87725309,2.0,Toussieu Eglise,Toussieu la Côte
87725473,87595009,6.0,Boulazac Isle Manoire,Périgueux
87725473,87595512,4.0,Boulazac Isle Manoire,Niversac
87725473,87595579,19.0,Boulazac Isle Manoire,Thenon
87725614,87725002,9.0,Sennecey-le-Grand,Chalon-sur-Saône
87725614,87725622,5.0,Sennecey-le-Grand,Tournus
87725622,87725002,12.0,Tournus,Chalon-sur-Saône
87725622,87725614,5.0,Tournus,Sennecey-le-Grand
87725622,87725663,7.0,Tournus,Fleurville - Pont-de-Vaux
87725622,87725689,14.0,Tournus,Mâcon
87725663,87725622,7.0,Fleurville - Pont-de-Vaux,Tournus
87725663,87725671,4.0,Fleurville - Pont-de-Vaux,Senozan
87725671,87725663,5.0,Senozan,Fleurville - Pont-de-Vaux
87725671,87725689,6.0,Senozan,Mâcon
87725689,87697672,28.0,Mâcon,Bourg-en-Bresse Charité
87725689,87713040,58.0,Mâcon,Dijon
87725689,87713545,44.0,Mâcon,Beaune
87725689,87721357,10.0,Mâcon,Belleville sur Sâone
87725689,87722025,48.0,Mâcon,Lyon Perrache
87725689,87723197,27.0,Mâcon,Lyon Part Dieu
87725689,87725002,25.0,Mâcon,Chalon-sur-Saône
87725689,87725622,14.0,Mâcon,Tournus
87725689,87725671,6.0,Mâcon,Senozan
87725689,87725713,5.0,Mâcon,Crêches-sur-Saône
87725689,87725804,5.0,Mâcon,Pont-de-Veyle
87725705,87111849,84.0,Mâcon - Loché TGV,Marne-la-Vallée Chessy
87725705,87686006,92.0,Mâcon - Loché TGV,Paris Gare de Lyon Hall 1 - 2
87725705,87694109,19.0,Mâcon - Loché TGV,Le Creusot-TGV
87725705,87722025,38.0,Mâcon - Loché TGV,Lyon Perrache
87725705,87723197,24.0,Mâcon - Loché TGV,Lyon Part Dieu
87725705,87741009,72.0,Mâcon - Loché TGV,Chambéry - Challes-les-Eaux
87725705,87741132,78.0,Mâcon - Loché TGV,Aix-les-Bains le Revard
87725713,87725689,5.0,Crêches-sur-Saône,Mâcon
87725713,87725721,3.0,Crêches-sur-Saône,Pontanevaux
87725721,87725713,3.0,Pontanevaux,Crêches-sur-Saône
87725721,87725739,3.0,Pontanevaux,Romanèche-Thorins-Maison Blanche
87725739,87721357,4.0,Romanèche-Thorins-Maison Blanche,Belleville sur Sâone
87725739,87725721,3.0,Romanèche-Thorins-Maison Blanche,Pontanevaux
87725804,87725689,6.0,Pont-de-Veyle,Mâcon
87725804,87725812,7.0,Pont-de-Veyle,St-Jean-sur-Veyle
87725804,87725820,6.0,Pont-de-Veyle,Vonnas
87725812,87725804,7.0,St-Jean-sur-Veyle,Pont-de-Veyle
87725812,87725820,8.0,St-Jean-sur-Veyle,Vonnas
87725820,87725804,5.0,Vonnas,Pont-de-Veyle
87725820,87725812,7.0,Vonnas,St-Jean-sur-Veyle
87725820,87725838,3.0,Vonnas,Mézériat
87725838,87697706,10.0,Mézériat,Polliat-Mairie
87725838,87725820,3.0,Mézériat,Vonnas
87725838,87725846,5.0,Mézériat,Polliat
87725846,87725838,4.0,Polliat,Mézériat
87725846,87743005,6.0,Polliat,Bourg-en-Bresse
87725895,87747006,4.0,Échirolles,Grenoble
87725895,87747402,4.0,Échirolles,Grenoble Universités - Gières
87726000,87723197,42.0,Saint-Étienne Châteaucreux,Lyon Part Dieu
87726000,87726158,3.0,Saint-Étienne Châteaucreux,Saint-Étienne La Terrasse
87726000,87726307,8.0,Saint-Étienne Châteaucreux,Saint-Chamond
87726000,87726901,2.0,Saint-Étienne Châteaucreux,Saint-Étienne Carnot
87726083,87726091,4.0,Domfessel Abri Rue Principale,Lorentzen Rue principale
87726083,87728584,7.0,Domfessel Abri Rue Principale,Sarre-Union Rue des Roses
87726091,87215665,5.0,Lorentzen Rue principale,Diemeringen
87726091,87726083,2.0,Lorentzen Rue principale,Domfessel Abri Rue Principale
87726158,87698662,10.0,Saint-Étienne La Terrasse,St-Etienne-Châtcrx. G Routière
87726158,87726000,4.0,Saint-Étienne La Terrasse,Saint-Étienne Châteaucreux
87726158,87726208,16.0,Saint-Étienne La Terrasse,Veauche - Saint-Galmier
87726158,87726216,8.0,Saint-Étienne La Terrasse,Bouthéon
87726158,87726232,5.0,Saint-Étienne La Terrasse,La Fouillouse
87726158,87726406,11.0,Saint-Étienne La Terrasse,Andrézieux
87726174,87726190,3.0,Saint-Étienne Le Clapier,Saint-Étienne Bellevue
87726174,87726901,2.0,Saint-Étienne Le Clapier,Saint-Étienne Carnot
87726190,87726174,3.0,Saint-Étienne Bellevue,Saint-Étienne Le Clapier
87726190,87726703,3.0,Saint-Étienne Bellevue,La Ricamarie
87726190,87726729,6.0,Saint-Étienne Bellevue,Firminy
87726190,87726901,4.0,Saint-Étienne Bellevue,Saint-Étienne Carnot
87726208,87726158,15.0,Veauche - Saint-Galmier,Saint-Étienne La Terrasse
87726208,87726216,4.0,Veauche - Saint-Galmier,Bouthéon
87726208,87726885,7.0,Veauche - Saint-Galmier,Montrond-les-Bains
87726216,87726158,8.0,Bouthéon,Saint-Étienne La Terrasse
87726216,87726208,5.0,Bouthéon,Veauche - Saint-Galmier
87726232,87726158,5.0,La Fouillouse,Saint-Étienne La Terrasse
87726232,87726406,5.0,La Fouillouse,Andrézieux
87726307,87698662,17.0,Saint-Chamond,St-Etienne-Châtcrx. G Routière
87726307,87726000,9.0,Saint-Chamond,Saint-Étienne Châteaucreux
87726307,87726331,6.0,Saint-Chamond,Rive-de-Gier
87726331,87722405,10.0,Rive-de-Gier,Givors Ville
87726331,87726307,6.0,Rive-de-Gier,Saint-Chamond
87726406,87726158,11.0,Andrézieux,Saint-Étienne La Terrasse
87726406,87726232,5.0,Andrézieux,La Fouillouse
87726406,87726414,3.0,Andrézieux,Bonson
87726414,87698662,24.0,Bonson,St-Etienne-Châtcrx. G Routière
87726414,87726406,3.0,Bonson,Andrézieux
87726414,87726422,3.0,Bonson,Sury-le-Comtal
87726422,87726414,3.0,Sury-le-Comtal,Bonson
87726422,87726430,5.0,Sury-le-Comtal,Saint-Romain-le-Puy
87726430,87726422,5.0,Saint-Romain-le-Puy,Sury-le-Comtal
87726430,87726448,7.0,Saint-Romain-le-Puy,Montbrison
87726448,87726414,22.0,Montbrison,Bonson
87726448,87726430,6.0,Montbrison,Saint-Romain-le-Puy
87726448,87726471,13.0,Montbrison,Boën
87726448,87754911,18.0,Montbrison,Boen Parc Lignon
87726471,87726448,13.0,Boën,Montbrison
87726703,87726190,3.0,La Ricamarie,Saint-Étienne Bellevue
87726703,87726711,3.0,La Ricamarie,Le Chambon-Feugerolles
87726711,87726703,3.0,Le Chambon-Feugerolles,La Ricamarie
87726711,87726729,2.0,Le Chambon-Feugerolles,Firminy
87726729,87698662,25.0,Firminy,St-Etienne-Châtcrx. G Routière
87726729,87726190,7.0,Firminy,Saint-Étienne Bellevue
87726729,87726711,3.0,Firminy,Le Chambon-Feugerolles
87726729,87726737,2.0,Firminy,Fraisses - Unieux
87726729,87726760,8.0,Firminy,Aurec
87726737,87726729,3.0,Fraisses - Unieux,Firminy
87726737,87726760,6.0,Fraisses - Unieux,Aurec
87726760,87726729,8.0,Aurec,Firminy
87726760,87726737,6.0,Aurec,Fraisses - Unieux
87726760,87726778,9.0,Aurec,Bas - Monistrol
87726778,87698662,40.0,Bas - Monistrol,St-Etienne-Châtcrx. G Routière
87726778,87726760,9.0,Bas - Monistrol,Aurec
87726778,87726786,5.0,Bas - Monistrol,Pont de Lignon
87726778,87726794,10.0,Bas - Monistrol,Beauzac
87726778,87734699,40.0,Bas - Monistrol,Le Puy-en-Velay
87726778,87734749,14.0,Bas - Monistrol,Retournac
87726786,87726778,5.0,Pont de Lignon,Bas - Monistrol
87726786,87734749,10.0,Pont de Lignon,Retournac
87726794,87726778,10.0,Beauzac,Bas - Monistrol
87726794,87734749,14.0,Beauzac,Retournac
87726802,87721472,29.0,Roanne,Tarare
87726802,87723197,63.0,Roanne,Lyon Part Dieu
87726802,87726828,2.0,Roanne,Le Coteau
87726802,87732008,42.0,Roanne,Vichy
87726802,87732206,37.0,Roanne,Saint-Germain-des-Fossés
87726802,87734053,64.0,Roanne,Riom - Châtel-Guyon
87726828,87721035,19.0,Le Coteau,Amplepuis
87726828,87721050,11.0,Le Coteau,Régny
87726828,87726802,3.0,Le Coteau,Roanne
87726828,87726851,14.0,Le Coteau,Saint-Jodard
87726851,87726828,14.0,Saint-Jodard,Le Coteau
87726851,87726869,8.0,Saint-Jodard,Balbigny
87726869,87726851,8.0,Balbigny,Saint-Jodard
87726869,87726877,6.0,Balbigny,Feurs
87726877,87698399,13.0,Feurs,Balbigny-Gare-Routière
87726877,87726869,6.0,Feurs,Balbigny
87726877,87726885,7.0,Feurs,Montrond-les-Bains
87726885,87726208,7.0,Montrond-les-Bains,Veauche - Saint-Galmier
87726885,87726877,7.0,Montrond-les-Bains,Feurs
87726901,87726000,3.0,Saint-Étienne Carnot,Saint-Étienne Châteaucreux
87726901,87726174,2.0,Saint-Étienne Carnot,Saint-Étienne Le Clapier
87726901,87726190,4.0,Saint-Étienne Carnot,Saint-Étienne Bellevue
87727735,87118000,3.0,Troyes Théâtre de Champagne,Troyes
87727735,87139501,3.0,Troyes Théâtre de Champagne,Troyes Gare Routière
87727735,87727743,3.0,Troyes Théâtre de Champagne,Troyes Pont Vert
87727735,87747170,9.0,Troyes Théâtre de Champagne,Pont-Sainte-Marie Arcis Magasins
87727743,87139527,6.0,Troyes Pont Vert,Barberey-Saint-Sulpice Centre Commercial
87727743,87727735,3.0,Troyes Pont Vert,Troyes Théâtre de Champagne
87727750,87118067,1.0,Saint-Lyé Mantenay,Saint-Lyé Eglise
87727750,87344127,2.0,Saint-Lyé Mantenay,Saint-Lyé Maisons brûlées
87727768,87118067,1.0,Saint Lyé Gravières,Saint-Lyé Eglise
87727768,87727776,1.0,Saint Lyé Gravières,Saint-Lyé Régales
87727776,87727768,1.0,Saint-Lyé Régales,Saint Lyé Gravières
87727776,87727784,2.0,Saint-Lyé Régales,Payns Église
87727784,87118075,1.0,Payns Église,Payns Mairie
87727784,87727776,2.0,Payns Église,Saint-Lyé Régales
87727792,87118075,1.0,Payns Abri Côté Savières,Payns Mairie
87727792,87727800,2.0,Payns Abri Côté Savières,Savières Arbre de la Liberté
87727800,87118083,1.0,Savières Arbre de la Liberté,Savières  Impasse St-Phal
87727800,87727792,2.0,Savières Arbre de la Liberté,Payns Abri Côté Savières
87727818,87118083,1.0,Savières Rue Saint-Gilles,Savières  Impasse St-Phal
87727818,87727826,8.0,Savières Rue Saint-Gilles,Fontaine-les-Grés Mairie
87727826,87118091,6.0,Fontaine-les-Grés Mairie,Saint-Mesmin Gare SNCF
87727834,87727826,7.0,Saint-Mesmin Place du Monument,Fontaine-les-Grés Mairie
87727834,87727842,2.0,Saint-Mesmin Place du Monument,Saint-Mesmin Courlanges
87727842,87118117,3.0,Saint-Mesmin Courlanges,Vallant-Saint-Georges Mairie
87727842,87727834,2.0,Saint-Mesmin Courlanges,Saint-Mesmin Place du Monument
87727859,87118133,4.0,Maizières la Grande Paroisse Pont de Clairvaux,Châtres Salle Polyvalente
87727859,87118141,3.0,Maizières la Grande Paroisse Pont de Clairvaux,Maizières-la-Grande-Paroisse Eglise
87727867,87118158,6.0,Romilly-sur-Seine Centre Commercial,Romilly-sur-Seine
87727867,87139584,2.0,Romilly-sur-Seine Centre Commercial,Maizières-la-Grande-Paroisse Tabac
87727875,87117903,10.0,Saint Pouange Lycée Agricole,Bouilly Mairie
87727875,87139667,13.0,Saint Pouange Lycée Agricole,Troyes Lombards
87727883,87279893,4.0,Ville-sous-la-Ferté Tramway,Clairvaux D12
87727883,87711713,5.0,Ville-sous-la-Ferté Tramway,Juvancourt
87727891,87214965,2.0,Ville sous la Ferté Four à Chaux,Les Forges de Clairvaux
87727891,87279893,2.0,Ville sous la Ferté Four à Chaux,Clairvaux D12
87727909,87118299,10.0,Bar sur Aube Collége,Bar-sur-Aube
87727909,87732222,5.0,Bar sur Aube Collége,Bar-sur-Aube Lycée
87727917,87727925,2.0,Amance la Ville au Bois Eglise,Amance Mairie/Ecole
87727925,87279919,7.0,Amance Mairie/Ecole,Jessains Église
87728501,87282624,4.0,Saint-Fons,Lyon Jean Macé
87728501,87722538,3.0,Saint-Fons,Feyzin
87728501,87723197,6.0,Saint-Fons,Lyon Part Dieu
87728584,87215459,4.0,Sarre-Union Rue des Roses,Sarre-Union
87728584,87726083,7.0,Sarre-Union Rue des Roses,Domfessel Abri Rue Principale
87728592,87193615,12.0,Herbitzheim Rue de Hambach,Sarreguemines
87728592,87717769,3.0,Herbitzheim Rue de Hambach,Herbitzheim Msp
87730994,87215491,5.0,Keskastel Rue de la Libération,Keskastel Gare
87730994,87717769,3.0,Keskastel Rue de la Libération,Herbitzheim Msp
87731604,87734475,11.0,Celles-sur-Durolle Arrêt des Cars,Thiers
87731802,87409474,6.0,Saint-Georges-d'Aurac Bourg,Paulhaguet Monument
87731802,87409532,6.0,Saint-Georges-d'Aurac Bourg,Sainte-Eugénie-de-Villeneuve
87731802,87680728,10.0,Saint-Georges-d'Aurac Bourg,Fix Saint-Geneys Rn102 Bourg
87731802,87734269,22.0,Saint-Georges-d'Aurac Bourg,Brioude
87731802,87734293,8.0,Saint-Georges-d'Aurac Bourg,Paulhaguet
87731802,87734319,11.0,Saint-Georges-d'Aurac Bourg,Langeac
87731828,87734301,16.0,Lachaud-Curmilhac,Saint-Georges-d'Aurac
87731828,87734673,12.0,Lachaud-Curmilhac,Darsac
87731885,87734335,15.0,Alleyras,Monistrol-d'Allier
87731885,87734343,21.0,Alleyras,Chapeauroux
87732008,87641001,87.0,Vichy,Montluçon
87732008,87696328,22.0,Vichy,Moulins sur Allier
87732008,87726802,42.0,Vichy,Roanne
87732008,87732206,7.0,Vichy,Saint-Germain-des-Fossés
87732008,87732404,30.0,Vichy,Gannat
87732008,87734053,19.0,Vichy,Riom - Châtel-Guyon
87732206,87641001,86.0,Saint-Germain-des-Fossés,Montluçon
87732206,87696328,17.0,Saint-Germain-des-Fossés,Moulins sur Allier
87732206,87696351,7.0,Saint-Germain-des-Fossés,Varennes-sur-Allier
87732206,87726802,36.0,Saint-Germain-des-Fossés,Roanne
87732206,87732008,7.0,Saint-Germain-des-Fossés,Vichy
87732222,87398735,5.0,Bar-sur-Aube Lycée,Bar-sur-Aube Hôtel de Ville
87732297,87214965,6.0,Bayel Place du G.de Gaulle,Les Forges de Clairvaux
87732297,87279901,1.0,Bayel Place du G.de Gaulle,Bayel Église
87732404,87589572,3.0,Gannat,Gannat Lycee Ste Procule
87732404,87641043,40.0,Gannat,Lapeyrouse
87732404,87641050,23.0,Gannat,Louroux-de-Bouble
87732404,87641068,16.0,Gannat,Bellenaves
87732404,87641076,8.0,Gannat,Saint-Bonnet-de-Rochefort
87732404,87641415,54.0,Gannat,Commentry
87732404,87732008,25.0,Gannat,Vichy
87732404,87734053,14.0,Gannat,Riom - Châtel-Guyon
87732404,87734129,7.0,Gannat,Aigueperse
87732693,87144030,2.0,Chenimenil Filature,Docelles-Cheniménil Gare
87732693,87144410,6.0,Chenimenil Filature,Arches
87733733,87576363,5.0,Lucay-le-Mâle Champ de Foire,Luçay-le-Mâle
87734004,87396895,2.0,Clermont-Ferrand,Clermont la Rotonde
87734004,87562421,6.0,Clermont-Ferrand,Aulnat Aéroport
87734004,87680702,4.0,Clermont-Ferrand,Clermont Université T2C
87734004,87686667,194.0,Clermont-Ferrand,Paris Bercy Bourg. Pays d'Auv.
87734004,87723197,136.0,Clermont-Ferrand,Lyon Part Dieu
87734004,87734046,5.0,Clermont-Ferrand,Gerzat
87734004,87734053,7.0,Clermont-Ferrand,Riom - Châtel-Guyon
87734004,87734202,24.0,Clermont-Ferrand,Issoire
87734004,87782607,3.0,Clermont-Ferrand,Clermont la Pardieu
87734004,87783175,75.0,Clermont-Ferrand,Saint-Flour - Chaudes-Aigues
87734038,87396895,6.0,Royat - Chamalières,Clermont la Rotonde
87734038,87641449,4.0,Royat - Chamalières,Durtol - Nohanent
87734046,87734004,5.0,Gerzat,Clermont-Ferrand
87734046,87734053,5.0,Gerzat,Riom - Châtel-Guyon
87734053,87409417,12.0,Riom - Châtel-Guyon,Pontmort RN9-D17
87734053,87732008,20.0,Riom - Châtel-Guyon,Vichy
87734053,87732404,16.0,Riom - Châtel-Guyon,Gannat
87734053,87734004,8.0,Riom - Châtel-Guyon,Clermont-Ferrand
87734053,87734046,4.0,Riom - Châtel-Guyon,Gerzat
87734053,87734103,5.0,Riom - Châtel-Guyon,Pontmort
87734053,87734129,10.0,Riom - Châtel-Guyon,Aigueperse
87734087,87562421,4.0,Pont-du-Château,Aulnat Aéroport
87734087,87734426,3.0,Pont-du-Château,Vertaizon
87734103,87734053,4.0,Pontmort,Riom - Châtel-Guyon
87734103,87734111,4.0,Pontmort,Aubiat
87734103,87734129,6.0,Pontmort,Aigueperse
87734111,87734103,4.0,Aubiat,Pontmort
87734111,87734129,4.0,Aubiat,Aigueperse
87734129,87409417,13.0,Aigueperse,Pontmort RN9-D17
87734129,87589564,10.0,Aigueperse,Gannat Lycee Eiffel
87734129,87732404,7.0,Aigueperse,Gannat
87734129,87734053,9.0,Aigueperse,Riom - Châtel-Guyon
87734129,87734103,6.0,Aigueperse,Pontmort
87734129,87734111,4.0,Aigueperse,Aubiat
87734152,87734160,2.0,Sarliève - Cournon,Le Cendre - Orcet
87734152,87782607,3.0,Sarliève - Cournon,Clermont la Pardieu
87734160,87734152,2.0,Le Cendre - Orcet,Sarliève - Cournon
87734160,87734178,3.0,Le Cendre - Orcet,Les Martres-de-Veyre
87734160,87782607,5.0,Le Cendre - Orcet,Clermont la Pardieu
87734178,87734160,3.0,Les Martres-de-Veyre,Le Cendre - Orcet
87734178,87734186,3.0,Les Martres-de-Veyre,Vic-le-Comte
87734186,87734152,7.0,Vic-le-Comte,Sarliève - Cournon
87734186,87734178,3.0,Vic-le-Comte,Les Martres-de-Veyre
87734186,87734194,6.0,Vic-le-Comte,Parent - Coudes - Champeix
87734186,87734202,14.0,Vic-le-Comte,Issoire
87734186,87782607,8.0,Vic-le-Comte,Clermont la Pardieu
87734194,87395673,10.0,Parent - Coudes - Champeix,Issoire Lycée Murat
87734194,87734186,6.0,Parent - Coudes - Champeix,Vic-le-Comte
87734194,87734202,9.0,Parent - Coudes - Champeix,Issoire
87734202,87395665,5.0,Issoire,Issoire Lycée Deville
87734202,87721696,19.0,Issoire,Jumeaux
87734202,87734004,25.0,Issoire,Clermont-Ferrand
87734202,87734178,16.0,Issoire,Les Martres-de-Veyre
87734202,87734186,14.0,Issoire,Vic-le-Comte
87734202,87734194,8.0,Issoire,Parent - Coudes - Champeix
87734202,87734228,5.0,Issoire,Le Breuil-sur-Couze
87734202,87734244,11.0,Issoire,Brassac-les-Mines - Sainte-Florine
87734202,87734251,17.0,Issoire,Arvant
87734202,87782607,20.0,Issoire,Clermont la Pardieu
87734228,87734202,6.0,Le Breuil-sur-Couze,Issoire
87734228,87734244,7.0,Le Breuil-sur-Couze,Brassac-les-Mines - Sainte-Florine
87734244,87395657,5.0,Brassac-les-Mines - Sainte-Florine,Brassac-les-Mines Lycée Rabelais
87734244,87721696,6.0,Brassac-les-Mines - Sainte-Florine,Jumeaux
87734244,87734202,12.0,Brassac-les-Mines - Sainte-Florine,Issoire
87734244,87734228,7.0,Brassac-les-Mines - Sainte-Florine,Le Breuil-sur-Couze
87734244,87734251,4.0,Brassac-les-Mines - Sainte-Florine,Arvant
87734251,87407502,2.0,Arvant,Arrest Usine Melius
87734251,87734202,22.0,Arvant,Issoire
87734251,87734244,4.0,Arvant,Brassac-les-Mines - Sainte-Florine
87734251,87734269,7.0,Arvant,Brioude
87734251,87734871,16.0,Arvant,Massiac - Blesle
87734269,87409482,7.0,Brioude,Vieille-Brioude
87734269,87734251,7.0,Brioude,Arvant
87734269,87734293,8.0,Brioude,Paulhaguet
87734269,87734301,17.0,Brioude,Saint-Georges-d'Aurac
87734269,87734319,23.0,Brioude,Langeac
87734293,87407692,4.0,Paulhaguet,La Chomette
87734293,87409474,1.0,Paulhaguet,Paulhaguet Monument
87734293,87731802,8.0,Paulhaguet,Saint-Georges-d'Aurac Bourg
87734293,87734269,12.0,Paulhaguet,Brioude
87734293,87734301,6.0,Paulhaguet,Saint-Georges-d'Aurac
87734301,87409532,7.0,Saint-Georges-d'Aurac,Sainte-Eugénie-de-Villeneuve
87734301,87731828,16.0,Saint-Georges-d'Aurac,Lachaud-Curmilhac
87734301,87734269,18.0,Saint-Georges-d'Aurac,Brioude
87734301,87734293,5.0,Saint-Georges-d'Aurac,Paulhaguet
87734301,87734319,7.0,Saint-Georges-d'Aurac,Langeac
87734319,87407981,13.0,Langeac,Langeac le Treuil
87734319,87409474,17.0,Langeac,Paulhaguet Monument
87734319,87731802,10.0,Langeac,Saint-Georges-d'Aurac Bourg
87734319,87734301,7.0,Langeac,Saint-Georges-d'Aurac
87734319,87734335,22.0,Langeac,Monistrol-d'Allier
87734319,87734350,70.0,Langeac,Langogne
87734335,87731885,15.0,Monistrol-d'Allier,Alleyras
87734335,87734319,23.0,Monistrol-d'Allier,Langeac
87734343,87731885,21.0,Chapeauroux,Alleyras
87734343,87734350,19.0,Chapeauroux,Langogne
87734350,87453670,9.0,Langogne,Pradelles
87734350,87503524,17.0,Langogne,L'Habitarelle
87734350,87734319,69.0,Langogne,Langeac
87734350,87734343,18.0,Langogne,Chapeauroux
87734350,87734368,11.0,Langogne,Luc
87734350,87775171,18.0,Langogne,La Bastide-St-Laurent-les-B.
87734350,87775288,120.0,Langogne,Alès
87734350,87783605,42.0,Langogne,Mende
87734368,87734350,11.0,Luc,Langogne
87734368,87775171,8.0,Luc,La Bastide-St-Laurent-les-B.
87734426,87734004,25.0,Vertaizon,Clermont-Ferrand
87734426,87734087,3.0,Vertaizon,Pont-du-Château
87734426,87734442,6.0,Vertaizon,Lezoux
87734442,87734004,33.0,Lezoux,Clermont-Ferrand
87734442,87734426,5.0,Lezoux,Vertaizon
87734442,87734459,9.0,Lezoux,Pont de Dore
87734459,87734442,8.0,Pont de Dore,Lezoux
87734459,87734475,10.0,Pont de Dore,Thiers
87734475,87734459,9.0,Thiers,Pont de Dore
87734475,87734491,19.0,Thiers,Chabreloche Pont Bascule
87734491,87731604,6.0,Chabreloche Pont Bascule,Celles-sur-Durolle Arrêt des Cars
87734491,87734475,22.0,Chabreloche Pont Bascule,Thiers
87734491,87742015,10.0,Chabreloche Pont Bascule,Noirétable Place Passelière
87734673,87731828,12.0,Darsac,Lachaud-Curmilhac
87734673,87734699,21.0,Darsac,Le Puy-en-Velay
87734681,87407932,2.0,Borne (Haute-Loire),Lanthenas
87734681,87589598,8.0,Borne (Haute-Loire),Le Puy En Velay Hôpital E.Roux
87734699,87024380,5.0,Le Puy-en-Velay,Le Puy-en-Velay Lafayette
87734699,87453654,23.0,Le Puy-en-Velay,Costaros
87734699,87680728,30.0,Le Puy-en-Velay,Fix Saint-Geneys Rn102 Bourg
87734699,87680736,20.0,Le Puy-en-Velay,Lavoute Arrêt CG
87734699,87687400,25.0,Le Puy-en-Velay,Coubladour Rond-Point
87734699,87726778,40.0,Le Puy-en-Velay,Bas - Monistrol
87734699,87734673,21.0,Le Puy-en-Velay,Darsac
87734699,87734707,10.0,Le Puy-en-Velay,Lavoûte-sur-Loire
87734699,87734723,17.0,Le Puy-en-Velay,Vorey
87734707,87734699,11.0,Lavoûte-sur-Loire,Le Puy-en-Velay
87734707,87734715,4.0,Lavoûte-sur-Loire,Saint-Vincent le Château
87734715,87680736,5.0,Saint-Vincent le Château,Lavoute Arrêt CG
87734715,87734707,3.0,Saint-Vincent le Château,Lavoûte-sur-Loire
87734715,87734723,4.0,Saint-Vincent le Château,Vorey
87734723,87680694,14.0,Vorey,Chamalieres Place Parking M.
87734723,87734699,18.0,Vorey,Le Puy-en-Velay
87734723,87734715,5.0,Vorey,Saint-Vincent le Château
87734723,87734731,7.0,Vorey,Chamalières-sur-Loire
87734723,87734749,10.0,Vorey,Retournac
87734731,87734723,7.0,Chamalières-sur-Loire,Vorey
87734731,87734749,4.0,Chamalières-sur-Loire,Retournac
87734749,87680694,7.0,Retournac,Chamalieres Place Parking M.
87734749,87726778,15.0,Retournac,Bas - Monistrol
87734749,87726786,10.0,Retournac,Pont de Lignon
87734749,87726794,12.0,Retournac,Beauzac
87734749,87734723,10.0,Retournac,Vorey
87734749,87734731,3.0,Retournac,Chamalières-sur-Loire
87734871,87645507,20.0,Massiac - Blesle,Neussargues
87734871,87734251,16.0,Massiac - Blesle,Arvant
87735522,87193177,1.0,Bouzonville Institut Providenc,Bouzonville
87737411,87543009,10.0,Les Aubrais Gare Routière,Orléans
87737411,87543033,15.0,Les Aubrais Gare Routière,Cercottes
87737411,87543074,40.0,Les Aubrais Gare Routière,Toury
87737411,87684290,70.0,Les Aubrais Gare Routière,Gien
87737411,87737429,120.0,Les Aubrais Gare Routière,Paris-Austerlitz Routiere
87737429,87737411,120.0,Paris-Austerlitz Routiere,Les Aubrais Gare Routière
87737593,87193565,15.0,Sarreguemines Lycée Technique,Ippling Rue de Sarreguemines
87737593,87737585,3.0,Sarreguemines Lycée Technique,Sarreguemines Collège Fulrad
87737668,87737692,12.0,Sarreguemines Barth,Sarreguemines Lycée Pange
87737676,87193565,13.0,Sarreguemines Collège Himmelsberg,Ippling Rue de Sarreguemines
87737676,87737692,5.0,Sarreguemines Collège Himmelsberg,Sarreguemines Lycée Pange
87737692,87193565,13.0,Sarreguemines Lycée Pange,Ippling Rue de Sarreguemines
87737692,87737684,4.0,Sarreguemines Lycée Pange,Sarreguemines Collège Jean Jaurès
87737700,87737692,3.0,Sarreguemines Utzschneider,Sarreguemines Lycée Pange
87737718,87193557,3.0,Hundling Stade,Metzing Centre
87737718,87193565,2.0,Hundling Stade,Ippling Rue de Sarreguemines
87737718,87737593,12.0,Hundling Stade,Sarreguemines Lycée Technique
87737734,87193524,1.0,Farschviller Croisement Gare,Farschviller
87737734,87476861,7.0,Farschviller Croisement Gare,Diebling Maison Forestière
87738096,87278259,7.0,Le Bouscat Sainte-Germaine,Mérignac Arlac
87738096,87581538,3.0,Le Bouscat Sainte-Germaine,Caudéran-Mérignac
87738096,87581728,5.0,Le Bouscat Sainte-Germaine,Blanquefort
87738096,87581736,2.0,Le Bouscat Sainte-Germaine,Bruges
87739961,87694729,2.0,Saint-Symphorien-des-Bois,Dyo
87739961,87694737,6.0,Saint-Symphorien-des-Bois,La Clayette - Baudemont
87741009,87111849,167.0,Chambéry - Challes-les-Eaux,Marne-la-Vallée Chessy
87741009,87335521,70.0,Chambéry - Challes-les-Eaux,Grenoble
87741009,87393009,219.0,Chambéry - Challes-les-Eaux,Versailles Chantiers
87741009,87393702,185.0,Chambéry - Challes-les-Eaux,Massy TGV
87741009,87686006,172.0,Chambéry - Challes-les-Eaux,Paris Gare de Lyon Hall 1 - 2
87741009,87698423,20.0,Chambéry - Challes-les-Eaux,Chambery-Jacob-Bellecombette
87741009,87698530,25.0,Chambéry - Challes-les-Eaux,Le Bourget-du-Lac-STAC
87741009,87723197,90.0,Chambéry - Challes-les-Eaux,Lyon Part Dieu
87741009,87725705,72.0,Chambéry - Challes-les-Eaux,Mâcon - Loché TGV
87741009,87741132,9.0,Chambéry - Challes-les-Eaux,Aix-les-Bains le Revard
87741009,87741140,7.0,Chambéry - Challes-les-Eaux,Viviers-du-Lac
87741009,87741181,8.0,Chambéry - Challes-les-Eaux,Montmélian
87741009,87741231,41.0,Chambéry - Challes-les-Eaux,Chamousset
87741009,87741306,32.0,Chambéry - Challes-les-Eaux,Saint-Avre - La Chambre
87741009,87741421,17.0,Chambéry - Challes-les-Eaux,Aiguebelette-le-Lac
87741009,87741439,14.0,Chambéry - Challes-les-Eaux,Lépin-le-Lac - La Bauche
87741009,87741645,29.0,Chambéry - Challes-les-Eaux,Albertville
87741009,87742007,62.0,Chambéry - Challes-les-Eaux,Modane
87741009,87742320,40.0,Chambéry - Challes-les-Eaux,Saint-Jean-de-Maurienne Arvan
87741009,87746008,34.0,Chambéry - Challes-les-Eaux,Annecy
87741009,87747402,30.0,Chambéry - Challes-les-Eaux,Grenoble Universités - Gières
87741009,87767269,16.0,Chambéry - Challes-les-Eaux,Nances Maison du Lac
87741074,87723197,55.0,Culoz,Lyon Part Dieu
87741074,87741108,3.0,Culoz,Vions - Chanaz
87741074,87741132,15.0,Culoz,Aix-les-Bains le Revard
87741074,87741504,7.0,Culoz,Virieu-le-Grand - Belley
87741074,87743716,29.0,Culoz,Ambérieu-en-Bugey
87741074,87743757,18.0,Culoz,Tenay - Hauteville
87741074,87745000,21.0,Culoz,Bellegarde
87741074,87745828,8.0,Culoz,Seyssel - Corbonod
87741108,87741074,3.0,Vions - Chanaz,Culoz
87741108,87741116,3.0,Vions - Chanaz,Chindrieux
87741116,87741108,3.0,Chindrieux,Vions - Chanaz
87741116,87741132,11.0,Chindrieux,Aix-les-Bains le Revard
87741132,87698308,12.0,Aix-les-Bains le Revard,Grésy-sur-Aix Le Chevret Ondéa
87741132,87723197,68.0,Aix-les-Bains le Revard,Lyon Part Dieu
87741132,87725705,84.0,Aix-les-Bains le Revard,Mâcon - Loché TGV
87741132,87741009,9.0,Aix-les-Bains le Revard,Chambéry - Challes-les-Eaux
87741132,87741074,15.0,Aix-les-Bains le Revard,Culoz
87741132,87741116,10.0,Aix-les-Bains le Revard,Chindrieux
87741132,87741140,4.0,Aix-les-Bains le Revard,Viviers-du-Lac
87741132,87743716,44.0,Aix-les-Bains le Revard,Ambérieu-en-Bugey
87741132,87745000,35.0,Aix-les-Bains le Revard,Bellegarde
87741132,87745828,24.0,Aix-les-Bains le Revard,Seyssel - Corbonod
87741132,87746008,27.0,Aix-les-Bains le Revard,Annecy
87741132,87746107,3.0,Aix-les-Bains le Revard,Grésy-sur-Aix
87741132,87746115,9.0,Aix-les-Bains le Revard,Albens
87741132,87746149,14.0,Aix-les-Bains le Revard,Rumilly
87741132,87746305,65.0,Aix-les-Bains le Revard,La Roche-sur-Foron
87741140,87741009,7.0,Viviers-du-Lac,Chambéry - Challes-les-Eaux
87741140,87741132,4.0,Viviers-du-Lac,Aix-les-Bains le Revard
87741181,87741009,8.0,Montmélian,Chambéry - Challes-les-Eaux
87741181,87741223,6.0,Montmélian,Saint-Pierre-d'Albigny
87741181,87741256,25.0,Montmélian,Aiguebelle
87741181,87741645,34.0,Montmélian,Albertville
87741181,87747493,5.0,Montmélian,Pontcharra sur Bréda
87741223,87741181,6.0,Saint-Pierre-d'Albigny,Montmélian
87741223,87741231,3.0,Saint-Pierre-d'Albigny,Chamousset
87741223,87741249,13.0,Saint-Pierre-d'Albigny,Aiton-Salle-Polyvalente
87741223,87741256,16.0,Saint-Pierre-d'Albigny,Aiguebelle
87741223,87741306,20.0,Saint-Pierre-d'Albigny,Saint-Avre - La Chambre
87741223,87741611,8.0,Saint-Pierre-d'Albigny,Grésy-sur-Isère
87741223,87741645,18.0,Saint-Pierre-d'Albigny,Albertville
87741231,87741009,41.0,Chamousset,Chambéry - Challes-les-Eaux
87741231,87741223,4.0,Chamousset,Saint-Pierre-d'Albigny
87741231,87741256,5.0,Chamousset,Aiguebelle
87741249,87697151,11.0,Aiton-Salle-Polyvalente,Argentine-Gemelly-ou-Stade
87741249,87741223,13.0,Aiton-Salle-Polyvalente,Saint-Pierre-d'Albigny
87741249,87741231,5.0,Aiton-Salle-Polyvalente,Chamousset
87741249,87741256,7.0,Aiton-Salle-Polyvalente,Aiguebelle
87741256,87697151,6.0,Aiguebelle,Argentine-Gemelly-ou-Stade
87741256,87741231,5.0,Aiguebelle,Chamousset
87741256,87741249,7.0,Aiguebelle,Aiton-Salle-Polyvalente
87741256,87741280,6.0,Aiguebelle,Épierre - Saint-Léger
87741256,87741306,19.0,Aiguebelle,Saint-Avre - La Chambre
87741272,87697144,1.0,Argentine,Argentine-La-Combe
87741272,87697151,3.0,Argentine,Argentine-Gemelly-ou-Stade
87741272,87741280,6.0,Argentine,Épierre - Saint-Léger
87741280,87741256,6.0,Épierre - Saint-Léger,Aiguebelle
87741280,87741272,7.0,Épierre - Saint-Léger,Argentine
87741280,87741298,8.0,Épierre - Saint-Léger,Les Chavannes-Saint-Rémy
87741280,87741306,8.0,Épierre - Saint-Léger,Saint-Avre - La Chambre
87741298,87697698,4.0,Les Chavannes-Saint-Rémy,La Chambre
87741298,87741280,8.0,Les Chavannes-Saint-Rémy,Épierre - Saint-Léger
87741306,87392829,60.0,Saint-Avre - La Chambre,Saint-Martin-d'Hères
87741306,87686006,212.0,Saint-Avre - La Chambre,Paris Gare de Lyon Hall 1 - 2
87741306,87697698,2.0,Saint-Avre - La Chambre,La Chambre
87741306,87697722,4.0,Saint-Avre - La Chambre,Saint-Étienne-de-Cuines
87741306,87741009,31.0,Saint-Avre - La Chambre,Chambéry - Challes-les-Eaux
87741306,87741223,20.0,Saint-Avre - La Chambre,Saint-Pierre-d'Albigny
87741306,87741280,8.0,Saint-Avre - La Chambre,Épierre - Saint-Léger
87741306,87742320,7.0,Saint-Avre - La Chambre,Saint-Jean-de-Maurienne Arvan
87741421,87741009,13.0,Aiguebelette-le-Lac,Chambéry - Challes-les-Eaux
87741421,87741439,4.0,Aiguebelette-le-Lac,Lépin-le-Lac - La Bauche
87741439,87695957,5.0,Lépin-le-Lac - La Bauche,Aiguebelette-Centre
87741439,87697508,4.0,Lépin-le-Lac - La Bauche,La-Bridoire-Abris-Bus-le-Haut
87741439,87741009,15.0,Lépin-le-Lac - La Bauche,Chambéry - Challes-les-Eaux
87741439,87741421,3.0,Lépin-le-Lac - La Bauche,Aiguebelette-le-Lac
87741439,87741454,4.0,Lépin-le-Lac - La Bauche,Saint-Béron - La Bridoire
87741439,87741470,9.0,Lépin-le-Lac - La Bauche,Pont-de-Beauvoisin
87741447,87697508,2.0,La Bridoire,La-Bridoire-Abris-Bus-le-Haut
87741447,87741454,4.0,La Bridoire,Saint-Béron - La Bridoire
87741454,87741439,5.0,Saint-Béron - La Bridoire,Lépin-le-Lac - La Bauche
87741454,87741447,3.0,Saint-Béron - La Bridoire,La Bridoire
87741454,87741462,4.0,Saint-Béron - La Bridoire,Domessin-le-Bonnard
87741454,87741470,4.0,Saint-Béron - La Bridoire,Pont-de-Beauvoisin
87741462,87741454,5.0,Domessin-le-Bonnard,Saint-Béron - La Bridoire
87741462,87741470,4.0,Domessin-le-Bonnard,Pont-de-Beauvoisin
87741470,87696385,11.0,Pont-de-Beauvoisin,Les Abrets - Rue-Italie
87741470,87723478,15.0,Pont-de-Beauvoisin,La Tour-du-Pin
87741470,87741439,9.0,Pont-de-Beauvoisin,Lépin-le-Lac - La Bauche
87741470,87741454,5.0,Pont-de-Beauvoisin,Saint-Béron - La Bridoire
87741470,87741462,3.0,Pont-de-Beauvoisin,Domessin-le-Bonnard
87741470,87741496,8.0,Pont-de-Beauvoisin,Les Abrets - Fitilieu
87741496,87696385,2.0,Les Abrets - Fitilieu,Les Abrets - Rue-Italie
87741496,87723494,4.0,Les Abrets - Fitilieu,Saint-André-le-Gaz
87741496,87741470,14.0,Les Abrets - Fitilieu,Pont-de-Beauvoisin
87741504,87741074,8.0,Virieu-le-Grand - Belley,Culoz
87741504,87743716,24.0,Virieu-le-Grand - Belley,Ambérieu-en-Bugey
87741504,87743757,13.0,Virieu-le-Grand - Belley,Tenay - Hauteville
87741611,87741223,8.0,Grésy-sur-Isère,Saint-Pierre-d'Albigny
87741611,87741629,6.0,Grésy-sur-Isère,Frontenex
87741629,87741611,5.0,Frontenex,Grésy-sur-Isère
87741629,87741645,7.0,Frontenex,Albertville
87741645,87335521,82.0,Albertville,Grenoble
87741645,87392829,55.0,Albertville,Saint-Martin-d'Hères
87741645,87686006,209.0,Albertville,Paris Gare de Lyon Hall 1 - 2
87741645,87696443,19.0,Albertville,Moutiers-Lycée
87741645,87698795,15.0,Albertville,Ugine-Place-du-Val-d'Arly
87741645,87741009,29.0,Albertville,Chambéry - Challes-les-Eaux
87741645,87741223,16.0,Albertville,Saint-Pierre-d'Albigny
87741645,87741629,6.0,Albertville,Frontenex
87741645,87741678,8.0,Albertville,La Bathie
87741645,87741694,14.0,Albertville,Notre-Dame de Briançon
87741645,87741728,17.0,Albertville,Moûtiers-Salins-Brides-les-B.
87741645,87747006,65.0,Albertville,Grenoble
87741678,87741645,13.0,La Bathie,Albertville
87741678,87741686,5.0,La Bathie,Cévins-échangeur
87741686,87696658,5.0,Cévins-échangeur,Saint-Paul Collège
87741686,87741678,6.0,Cévins-échangeur,La Bathie
87741694,87696658,6.0,Notre-Dame de Briançon,Saint-Paul Collège
87741694,87741645,13.0,Notre-Dame de Briançon,Albertville
87741694,87741702,6.0,Notre-Dame de Briançon,La Léchère les Bains Petit Coeur
87741694,87741728,7.0,Notre-Dame de Briançon,Moûtiers-Salins-Brides-les-B.
87741702,87741694,5.0,La Léchère les Bains Petit Coeur,Notre-Dame de Briançon
87741702,87741710,5.0,La Léchère les Bains Petit Coeur,Aigueblanche-Centre
87741710,87696443,4.0,Aigueblanche-Centre,Moutiers-Lycée
87741710,87741702,3.0,Aigueblanche-Centre,La Léchère les Bains Petit Coeur
87741710,87741728,10.0,Aigueblanche-Centre,Moûtiers-Salins-Brides-les-B.
87741728,87696443,2.0,Moûtiers-Salins-Brides-les-B.,Moutiers-Lycée
87741728,87741645,17.0,Moûtiers-Salins-Brides-les-B.,Albertville
87741728,87741694,7.0,Moûtiers-Salins-Brides-les-B.,Notre-Dame de Briançon
87741728,87741710,10.0,Moûtiers-Salins-Brides-les-B.,Aigueblanche-Centre
87741728,87741769,12.0,Moûtiers-Salins-Brides-les-B.,Aime - La Plagne
87741728,87741793,30.0,Moûtiers-Salins-Brides-les-B.,Bourg-Saint-Maurice
87741769,87741728,12.0,Aime - La Plagne,Moûtiers-Salins-Brides-les-B.
87741769,87741777,7.0,Aime - La Plagne,Landry
87741769,87741793,13.0,Aime - La Plagne,Bourg-Saint-Maurice
87741777,87741769,6.0,Landry,Aime - La Plagne
87741777,87741793,7.0,Landry,Bourg-Saint-Maurice
87741793,87741728,30.0,Bourg-Saint-Maurice,Moûtiers-Salins-Brides-les-B.
87741793,87741769,12.0,Bourg-Saint-Maurice,Aime - La Plagne
87741793,87741777,6.0,Bourg-Saint-Maurice,Landry
87742007,83002048,26.0,Modane,OULX CESANA CLAVIERE SESTRIERE
87742007,87741009,60.0,Modane,Chambéry - Challes-les-Eaux
87742007,87742320,23.0,Modane,Saint-Jean-de-Maurienne Arvan
87742007,87742361,12.0,Modane,Saint-Michel - Valloire
87742015,87734491,9.0,Noirétable Place Passelière,Chabreloche Pont Bascule
87742015,87754911,25.0,Noirétable Place Passelière,Boen Parc Lignon
87742056,87335521,3.0,Grenoble Cité Internationale,Grenoble
87742197,87214692,5.0,Schirmeck Cité Scolaire,Schirmeck - La Broque
87742221,87174003,3.0,Châlons-en-Champagne Marne,Châlons-en-Champagne
87742221,87640144,30.0,Châlons-en-Champagne Marne,Suippes Garage
87742247,87191692,5.0,Auboué Centre,Homécourt
87742247,87192732,7.0,Auboué Centre,Valleroy - Moineville
87742254,87191692,15.0,Hatrize Centre,Homécourt
87742254,87192666,7.0,Hatrize Centre,Conflans - Jarny
87742254,87192732,5.0,Hatrize Centre,Valleroy - Moineville
87742262,87755009,3.0,Toulon Sainte-Musse,Toulon
87742262,87755306,2.0,Toulon Sainte-Musse,La Garde
87742320,87697714,7.0,Saint-Jean-de-Maurienne Arvan,Pontamafrey
87742320,87741009,36.0,Saint-Jean-de-Maurienne Arvan,Chambéry - Challes-les-Eaux
87742320,87741306,6.0,Saint-Jean-de-Maurienne Arvan,Saint-Avre - La Chambre
87742320,87742007,22.0,Saint-Jean-de-Maurienne Arvan,Modane
87742320,87742361,9.0,Saint-Jean-de-Maurienne Arvan,Saint-Michel - Valloire
87742361,87742007,13.0,Saint-Michel - Valloire,Modane
87742361,87742320,10.0,Saint-Michel - Valloire,Saint-Jean-de-Maurienne Arvan
87743005,87111849,101.0,Bourg-en-Bresse,Marne-la-Vallée Chessy
87743005,87271494,110.0,Bourg-en-Bresse,Aéroport Charles de Gaulle 2 TGV
87743005,87686006,108.0,Bourg-en-Bresse,Paris Gare de Lyon Hall 1 - 2
87743005,87713040,74.0,Bourg-en-Bresse,Dijon
87743005,87713735,55.0,Bourg-en-Bresse,Louhans
87743005,87718296,16.0,Bourg-en-Bresse,Saint-Amour
87743005,87723197,47.0,Bourg-en-Bresse,Lyon Part Dieu
87743005,87723585,25.0,Bourg-en-Bresse,Meximieux - Pérouges
87743005,87723791,6.0,Bourg-en-Bresse,Servas - Lent
87743005,87725846,5.0,Bourg-en-Bresse,Polliat
87743005,87743112,7.0,Bourg-en-Bresse,Saint-Martin-du-Mont
87743005,87743302,7.0,Bourg-en-Bresse,Ceyzériat
87743005,87743351,25.0,Bourg-en-Bresse,Nurieux Gare
87743005,87743716,16.0,Bourg-en-Bresse,Ambérieu-en-Bugey
87743005,87745000,46.0,Bourg-en-Bresse,Bellegarde
87743104,87695999,8.0,La Vavrette Tossiat RD1075,Bourg-en-Bresse Archives
87743104,87696500,6.0,La Vavrette Tossiat RD1075,Saint-Martin-du-Mont Le Farget
87743112,87743005,7.0,Saint-Martin-du-Mont,Bourg-en-Bresse
87743112,87743120,4.0,Saint-Martin-du-Mont,Pont-d'Ain
87743120,87695965,5.0,Pont-d'Ain,Ambronay-Priay RD 1075
87743120,87695999,23.0,Pont-d'Ain,Bourg-en-Bresse Archives
87743120,87696013,20.0,Pont-d'Ain,Bourg-en-Bresse Gare Routière
87743120,87696500,6.0,Pont-d'Ain,Saint-Martin-du-Mont Le Farget
87743120,87743112,4.0,Pont-d'Ain,Saint-Martin-du-Mont
87743120,87743146,3.0,Pont-d'Ain,Ambronay - Priay
87743120,87743716,15.0,Pont-d'Ain,Ambérieu-en-Bugey
87743146,87743120,3.0,Ambronay - Priay,Pont-d'Ain
87743146,87743716,6.0,Ambronay - Priay,Ambérieu-en-Bugey
87743302,87743005,8.0,Ceyzériat,Bourg-en-Bresse
87743302,87743328,8.0,Ceyzériat,Villereversure
87743328,87743302,7.0,Villereversure,Ceyzériat
87743328,87743336,3.0,Villereversure,Simandre-sur-Suran
87743336,87743328,3.0,Simandre-sur-Suran,Villereversure
87743336,87743344,3.0,Simandre-sur-Suran,Cize - Bolozon
87743344,87743336,2.0,Cize - Bolozon,Simandre-sur-Suran
87743344,87743351,9.0,Cize - Bolozon,Nurieux Gare
87743351,87131961,2.0,Nurieux Gare,Brion - Montréal-la-Cluse Gare
87743351,87743005,24.0,Nurieux Gare,Bourg-en-Bresse
87743351,87743344,7.0,Nurieux Gare,Cize - Bolozon
87743351,87745000,22.0,Nurieux Gare,Bellegarde
87743526,87131961,9.0,Bellignat,Brion - Montréal-la-Cluse Gare
87743526,87743534,5.0,Bellignat,Oyonnax
87743534,87131961,20.0,Oyonnax,Brion - Montréal-la-Cluse Gare
87743534,87695973,3.0,Oyonnax,Bellignat - Lycée-Arbez-Carme
87743534,87743526,4.0,Oyonnax,Bellignat
87743534,87743591,25.0,Oyonnax,Molinges Village
87743591,87743534,30.0,Molinges Village,Oyonnax
87743591,87743633,20.0,Molinges Village,Saint-Claude
87743633,87715441,32.0,Saint-Claude,Morez
87743633,87743591,15.0,Saint-Claude,Molinges Village
87743716,87695965,8.0,Ambérieu-en-Bugey,Ambronay-Priay RD 1075
87743716,87723197,23.0,Ambérieu-en-Bugey,Lyon Part Dieu
87743716,87723585,7.0,Ambérieu-en-Bugey,Meximieux - Pérouges
87743716,87741074,28.0,Ambérieu-en-Bugey,Culoz
87743716,87741132,44.0,Ambérieu-en-Bugey,Aix-les-Bains le Revard
87743716,87741504,24.0,Ambérieu-en-Bugey,Virieu-le-Grand - Belley
87743716,87743005,18.0,Ambérieu-en-Bugey,Bourg-en-Bresse
87743716,87743120,13.0,Ambérieu-en-Bugey,Pont-d'Ain
87743716,87743146,5.0,Ambérieu-en-Bugey,Ambronay - Priay
87743716,87743740,8.0,Ambérieu-en-Bugey,Saint-Rambert-en-Bugey
87743716,87743757,11.0,Ambérieu-en-Bugey,Tenay - Hauteville
87743716,87745000,79.0,Ambérieu-en-Bugey,Bellegarde
87743740,87743716,9.0,Saint-Rambert-en-Bugey,Ambérieu-en-Bugey
87743740,87743757,5.0,Saint-Rambert-en-Bugey,Tenay - Hauteville
87743757,87723197,36.0,Tenay - Hauteville,Lyon Part Dieu
87743757,87741074,19.0,Tenay - Hauteville,Culoz
87743757,87741504,13.0,Tenay - Hauteville,Virieu-le-Grand - Belley
87743757,87743716,11.0,Tenay - Hauteville,Ambérieu-en-Bugey
87743757,87743740,5.0,Tenay - Hauteville,Saint-Rambert-en-Bugey
87743872,87396002,3.0,Le Mans Hôpital-Université,Le Mans
87743872,87396028,5.0,Le Mans Hôpital-Université,Neuville
87743872,87396200,9.0,Le Mans Hôpital-Université,Domfront
87744011,87117457,6.0,Colombey-les-Belles Mairie,Autreville Centre
87744011,87141002,35.0,Colombey-les-Belles Mairie,Nancy
87744011,87141044,19.0,Colombey-les-Belles Mairie,Toul
87744078,87746701,4.0,Saint-Gervais-les-Bains,Chedde
87744177,87481184,6.0,Ancenis Bis,Oudon
87744235,87214056,18.0,Châtenois Collège,Sélestat
87744235,87640458,10.0,Châtenois Collège,Châtenois Val-de-Villé Gare
87744243,87543140,50.0,Orléans Avenue de Paris,Lamotte-Beuvron
87744243,87574137,45.0,Orléans Avenue de Paris,Meung-sur-Loire
87745000,85010082,26.0,Bellegarde,Genève Cornavin
87745000,87686006,157.0,Bellegarde,Paris Gare de Lyon Hall 1 - 2
87745000,87723197,71.0,Bellegarde,Lyon Part Dieu
87745000,87741074,20.0,Bellegarde,Culoz
87745000,87741132,36.0,Bellegarde,Aix-les-Bains le Revard
87745000,87743005,45.0,Bellegarde,Bourg-en-Bresse
87745000,87743351,22.0,Bellegarde,Nurieux Gare
87745000,87743716,74.0,Bellegarde,Ambérieu-en-Bugey
87745000,87745380,10.0,Bellegarde,Pougny - Chancy
87745000,87745414,11.0,Bellegarde,Valleiry
87745000,87745497,34.0,Bellegarde,Annemasse
87745000,87745828,12.0,Bellegarde,Seyssel - Corbonod
87745000,87746305,50.0,Bellegarde,La Roche-sur-Foron
87745380,85010017,5.0,Pougny - Chancy,La Plaine (Suisse)
87745380,85010025,7.0,Pougny - Chancy,Russin
87745380,87745000,10.0,Pougny - Chancy,Bellegarde
87745414,87745000,11.0,Valleiry,Bellegarde
87745414,87745430,8.0,Valleiry,Saint-Julien-en-Genevois
87745430,87392829,110.0,Saint-Julien-en-Genevois,Saint-Martin-d'Hères
87745430,87745414,8.0,Saint-Julien-en-Genevois,Valleiry
87745430,87745497,13.0,Saint-Julien-en-Genevois,Annemasse
87745430,87746008,40.0,Saint-Julien-en-Genevois,Annecy
87745497,85162743,4.0,Annemasse,Chêne-Bourg
87745497,85927137,15.0,Annemasse,Chêne-Bourg Place Favre
87745497,87686006,215.0,Annemasse,Paris Gare de Lyon Hall 1 - 2
87745497,87741009,100.0,Annemasse,Chambéry - Challes-les-Eaux
87745497,87745000,33.0,Annemasse,Bellegarde
87745497,87745430,12.0,Annemasse,Saint-Julien-en-Genevois
87745497,87745588,7.0,Annemasse,Machilly
87745497,87745596,20.0,Annemasse,Bons-en-Chablais
87745497,87745646,24.0,Annemasse,Thonon-les-Bains
87745497,87746206,43.0,Annemasse,Pringy
87745497,87746305,14.0,Annemasse,La Roche-sur-Foron
87745497,87746370,28.0,Annemasse,Cluses
87745497,87746511,8.0,Annemasse,Reignier
87745588,87745497,8.0,Machilly,Annemasse
87745588,87745596,3.0,Machilly,Bons-en-Chablais
87745596,87745497,20.0,Bons-en-Chablais,Annemasse
87745596,87745588,3.0,Bons-en-Chablais,Machilly
87745596,87745620,5.0,Bons-en-Chablais,Perrignier
87745596,87745646,20.0,Bons-en-Chablais,Thonon-les-Bains
87745596,87746008,60.0,Bons-en-Chablais,Annecy
87745620,87745497,40.0,Perrignier,Annemasse
87745620,87745596,5.0,Perrignier,Bons-en-Chablais
87745620,87745646,8.0,Perrignier,Thonon-les-Bains
87745646,87745497,21.0,Thonon-les-Bains,Annemasse
87745646,87745596,20.0,Thonon-les-Bains,Bons-en-Chablais
87745646,87745620,7.0,Thonon-les-Bains,Perrignier
87745646,87745679,8.0,Thonon-les-Bains,Évian-les-Bains
87745679,87745620,25.0,Évian-les-Bains,Perrignier
87745679,87745646,7.0,Évian-les-Bains,Thonon-les-Bains
87745679,87746008,105.0,Évian-les-Bains,Annecy
87745828,87741074,9.0,Seyssel - Corbonod,Culoz
87745828,87745000,12.0,Seyssel - Corbonod,Bellegarde
87746008,87697128,112.0,Annecy,Lyon-Part-Dieu Gare Routière
87746008,87698530,50.0,Annecy,Le Bourget-du-Lac-STAC
87746008,87741009,36.0,Annecy,Chambéry - Challes-les-Eaux
87746008,87741132,25.0,Annecy,Aix-les-Bains le Revard
87746008,87745430,30.0,Annecy,Saint-Julien-en-Genevois
87746008,87746149,13.0,Annecy,Rumilly
87746008,87746206,4.0,Annecy,Pringy
87746008,87746305,30.0,Annecy,La Roche-sur-Foron
87746107,87741132,5.0,Grésy-sur-Aix,Aix-les-Bains le Revard
87746107,87746115,6.0,Grésy-sur-Aix,Albens
87746115,87698308,7.0,Albens,Grésy-sur-Aix Le Chevret Ondéa
87746115,87741132,8.0,Albens,Aix-les-Bains le Revard
87746115,87746107,6.0,Albens,Grésy-sur-Aix
87746115,87746149,6.0,Albens,Rumilly
87746149,87741132,15.0,Rumilly,Aix-les-Bains le Revard
87746149,87746008,14.0,Rumilly,Annecy
87746149,87746115,5.0,Rumilly,Albens
87746206,87745497,50.0,Pringy,Annemasse
87746206,87746008,5.0,Pringy,Annecy
87746206,87746248,9.0,Pringy,Groisy - Thorens - La Caille
87746248,87746206,8.0,Groisy - Thorens - La Caille,Pringy
87746248,87746305,17.0,Groisy - Thorens - La Caille,La Roche-sur-Foron
87746305,87697128,130.0,La Roche-sur-Foron,Lyon-Part-Dieu Gare Routière
87746305,87741132,75.0,La Roche-sur-Foron,Aix-les-Bains le Revard
87746305,87745000,51.0,La Roche-sur-Foron,Bellegarde
87746305,87745497,14.0,La Roche-sur-Foron,Annemasse
87746305,87746008,35.0,La Roche-sur-Foron,Annecy
87746305,87746248,17.0,La Roche-sur-Foron,Groisy - Thorens - La Caille
87746305,87746313,5.0,La Roche-sur-Foron,Saint-Pierre-en-Faucigny
87746305,87746339,12.0,La Roche-sur-Foron,Bonneville
87746305,87746511,5.0,La Roche-sur-Foron,Reignier
87746313,87746305,5.0,Saint-Pierre-en-Faucigny,La Roche-sur-Foron
87746313,87746339,3.0,Saint-Pierre-en-Faucigny,Bonneville
87746339,87746305,11.0,Bonneville,La Roche-sur-Foron
87746339,87746313,3.0,Bonneville,Saint-Pierre-en-Faucigny
87746339,87746347,5.0,Bonneville,Marignier
87746339,87746370,15.0,Bonneville,Cluses
87746347,87746339,5.0,Marignier,Bonneville
87746347,87746370,5.0,Marignier,Cluses
87746370,87393702,332.0,Cluses,Massy TGV
87746370,87686006,340.0,Cluses,Paris Gare de Lyon Hall 1 - 2
87746370,87697128,166.0,Cluses,Lyon-Part-Dieu Gare Routière
87746370,87698530,85.0,Cluses,Le Bourget-du-Lac-STAC
87746370,87745497,29.0,Cluses,Annemasse
87746370,87746008,60.0,Cluses,Annecy
87746370,87746339,20.0,Cluses,Bonneville
87746370,87746347,5.0,Cluses,Marignier
87746370,87746412,6.0,Cluses,Magland
87746370,87746438,11.0,Cluses,Sallanches - Combloux - Megève
87746412,87746370,6.0,Magland,Cluses
87746412,87746438,5.0,Magland,Sallanches - Combloux - Megève
87746438,87698563,20.0,Sallanches - Combloux - Megève,Megève-Autogare
87746438,87746370,10.0,Sallanches - Combloux - Megève,Cluses
87746438,87746412,5.0,Sallanches - Combloux - Megève,Magland
87746438,87746479,4.0,Sallanches - Combloux - Megève,Saint-Gervais-les-Bains-Le Fayet
87746479,87746438,4.0,Saint-Gervais-les-Bains-Le Fayet,Sallanches - Combloux - Megève
87746479,87746719,9.0,Saint-Gervais-les-Bains-Le Fayet,Servoz
87746479,87746784,20.0,Saint-Gervais-les-Bains-Le Fayet,Chamonix-Mont-Blanc
87746511,87745497,8.0,Reignier,Annemasse
87746511,87746305,6.0,Reignier,La Roche-sur-Foron
87746701,87744078,5.0,Chedde,Saint-Gervais-les-Bains
87746701,87746719,8.0,Chedde,Servoz
87746719,87746479,14.0,Servoz,Saint-Gervais-les-Bains-Le Fayet
87746719,87746701,7.0,Servoz,Chedde
87746719,87746727,4.0,Servoz,Vaudagne
87746719,87746743,7.0,Servoz,Les Houches
87746727,87746719,4.0,Vaudagne,Servoz
87746727,87746735,3.0,Vaudagne,Viaduc sainte-Marie
87746735,87746727,3.0,Viaduc sainte-Marie,Vaudagne
87746735,87746743,2.0,Viaduc sainte-Marie,Les Houches
87746743,87746719,11.0,Les Houches,Servoz
87746743,87746735,2.0,Les Houches,Viaduc sainte-Marie
87746743,87746750,4.0,Les Houches,Taconnaz
87746743,87746784,13.0,Les Houches,Chamonix-Mont-Blanc
87746750,87746743,4.0,Taconnaz,Les Houches
87746750,87746768,3.0,Taconnaz,Les Bossons
87746768,87746750,2.0,Les Bossons,Taconnaz
87746768,87746776,2.0,Les Bossons,Les Pélerins
87746776,87746768,2.0,Les Pélerins,Les Bossons
87746776,87746818,2.0,Les Pélerins,Les Moussoux
87746784,87462085,1.0,Chamonix-Mont-Blanc,Chamonix Aiguille du Midi
87746784,87746479,25.0,Chamonix-Mont-Blanc,Saint-Gervais-les-Bains-Le Fayet
87746784,87746818,4.0,Chamonix-Mont-Blanc,Les Moussoux
87746784,87746826,4.0,Chamonix-Mont-Blanc,Les Praz de Chamonix
87746792,87746800,76.0,Paris-Montparnasse Point Rencontre Groupes,Epernon Gare Routière
87746792,87746933,100.0,Paris-Montparnasse Point Rencontre Groupes,Chartres Gare Rue Nicole
87746800,87746792,76.0,Epernon Gare Routière,Paris-Montparnasse Point Rencontre Groupes
87746800,87746891,17.0,Epernon Gare Routière,Maintenon Gare Routière
87746818,87462085,2.0,Les Moussoux,Chamonix Aiguille du Midi
87746818,87746776,1.0,Les Moussoux,Les Pélerins
87746826,87746784,4.0,Les Praz de Chamonix,Chamonix-Mont-Blanc
87746826,87746834,2.0,Les Praz de Chamonix,Les Tines
87746834,87746826,2.0,Les Tines,Les Praz de Chamonix
87746834,87746842,3.0,Les Tines,La Joux
87746842,87746834,4.0,La Joux,Les Tines
87746842,87746859,4.0,La Joux,Argentière
87746859,87746842,3.0,Argentière,La Joux
87746859,87746867,4.0,Argentière,Montroc le Planet
87746867,87746859,4.0,Montroc le Planet,Argentière
87746867,87746883,5.0,Montroc le Planet,Le Buet
87746875,85015685,6.0,Vallorcine,Le Châtelard Frontière
87746875,87746883,3.0,Vallorcine,Le Buet
87746883,87746867,5.0,Le Buet,Montroc le Planet
87746883,87746875,4.0,Le Buet,Vallorcine
87746891,87746800,17.0,Maintenon Gare Routière,Epernon Gare Routière
87746891,87746909,9.0,Maintenon Gare Routière,Saint-Piat Gare Routière
87746891,87746933,34.0,Maintenon Gare Routière,Chartres Gare Rue Nicole
87746909,87746891,10.0,Saint-Piat Gare Routière,Maintenon Gare Routière
87746909,87746917,8.0,Saint-Piat Gare Routière,Jouy Gare Routière
87746917,87746909,7.0,Jouy Gare Routière,Saint-Piat Gare Routière
87746917,87746925,8.0,Jouy Gare Routière,La Villette-Saint Prest Gare Routière
87746925,87746917,8.0,La Villette-Saint Prest Gare Routière,Jouy Gare Routière
87746925,87746933,13.0,La Villette-Saint Prest Gare Routière,Chartres Gare Rue Nicole
87746933,87394221,31.0,Chartres Gare Rue Nicole,Courville-sur-Eure
87746933,87746891,34.0,Chartres Gare Rue Nicole,Maintenon Gare Routière
87746933,87746925,13.0,Chartres Gare Rue Nicole,La Villette-Saint Prest Gare Routière
87747006,87686006,168.0,Grenoble,Paris Gare de Lyon Hall 1 - 2
87747006,87723197,83.0,Grenoble,Lyon Part Dieu
87747006,87725895,5.0,Grenoble,Échirolles
87747006,87741645,56.0,Grenoble,Albertville
87747006,87747287,14.0,Grenoble,Voiron
87747006,87747329,10.0,Grenoble,Moirans
87747006,87747337,8.0,Grenoble,Voreppe
87747006,87747352,4.0,Grenoble,Saint-Égrève Saint-Robert
87747006,87747402,8.0,Grenoble,Grenoble Universités - Gières
87747006,87752899,6.0,Grenoble,Pont-de-Claix l'Étoile
87747006,87761718,27.0,Grenoble,Saint-Marcellin
87747006,87762906,59.0,Grenoble,Lyon Saint-Exupéry TGV
87747147,87747121,5.0,Troyes Hôpital Simone Veil,Troyes Québec
87747170,87174003,58.0,Pont-Sainte-Marie Arcis Magasins,Châlons-en-Champagne
87747170,87727735,9.0,Pont-Sainte-Marie Arcis Magasins,Troyes Théâtre de Champagne
87747170,87747188,14.0,Pont-Sainte-Marie Arcis Magasins,Voué Mairie
87747170,87747360,78.0,Pont-Sainte-Marie Arcis Magasins,Reims Gouraud
87747188,87747170,14.0,Voué Mairie,Pont-Sainte-Marie Arcis Magasins
87747188,87747196,10.0,Voué Mairie,Arcis-sur-Aube Rue de Châlons
87747196,87747188,10.0,Arcis-sur-Aube Rue de Châlons,Voué Mairie
87747196,87747253,12.0,Arcis-sur-Aube Rue de Châlons,Mailly-le-Camp Garage
87747196,87754929,16.0,Arcis-sur-Aube Rue de Châlons,Mailly-le-Camp Camp Militaire
87747204,87723478,22.0,Virieu sur Bourbre,La Tour-du-Pin
87747204,87723494,5.0,Virieu sur Bourbre,Saint-André-le-Gaz
87747204,87747212,6.0,Virieu sur Bourbre,Châbons
87747212,87747204,5.0,Châbons,Virieu sur Bourbre
87747212,87747220,4.0,Châbons,Le Grand-Lemps
87747220,87747212,4.0,Le Grand-Lemps,Châbons
87747220,87747246,6.0,Le Grand-Lemps,Rives
87747246,87335521,40.0,Rives,Grenoble
87747246,87723494,35.0,Rives,Saint-André-le-Gaz
87747246,87747220,6.0,Rives,Le Grand-Lemps
87747246,87747279,3.0,Rives,Réaumont - Saint-Cassien
87747246,87747287,20.0,Rives,Voiron
87747253,87747196,12.0,Mailly-le-Camp Garage,Arcis-sur-Aube Rue de Châlons
87747253,87747261,7.0,Mailly-le-Camp Garage,Sommesous Nationale
87747253,87754929,5.0,Mailly-le-Camp Garage,Mailly-le-Camp Camp Militaire
87747261,87747253,7.0,Sommesous Nationale,Mailly-le-Camp Garage
87747261,87747295,8.0,Sommesous Nationale,Vatry Rue Principale
87747279,87747246,3.0,Réaumont - Saint-Cassien,Rives
87747279,87747287,4.0,Réaumont - Saint-Cassien,Voiron
87747287,87335521,24.0,Voiron,Grenoble
87747287,87697490,24.0,Voiron,Grenoble Europole
87747287,87723429,45.0,Voiron,Bourgoin-Jallieu
87747287,87723478,28.0,Voiron,La Tour-du-Pin
87747287,87723494,24.0,Voiron,Saint-André-le-Gaz
87747287,87747006,14.0,Voiron,Grenoble
87747287,87747246,20.0,Voiron,Rives
87747287,87747279,4.0,Voiron,Réaumont - Saint-Cassien
87747287,87747329,4.0,Voiron,Moirans
87747295,87174003,17.0,Vatry Rue Principale,Châlons-en-Champagne
87747295,87747261,8.0,Vatry Rue Principale,Sommesous Nationale
87747303,87174003,10.0,Châlons-en-Champagne Tissier,Châlons-en-Champagne
87747303,87747345,5.0,Châlons-en-Champagne Tissier,Châlons-en-Champagne Greta
87747329,87335521,25.0,Moirans,Grenoble
87747329,87747006,9.0,Moirans,Grenoble
87747329,87747287,4.0,Moirans,Voiron
87747329,87747337,3.0,Moirans,Voreppe
87747329,87747352,6.0,Moirans,Saint-Égrève Saint-Robert
87747329,87747691,2.0,Moirans,Moirans la Galifette
87747329,87761759,5.0,Moirans,Tullins Fures
87747337,87747006,8.0,Voreppe,Grenoble
87747337,87747329,3.0,Voreppe,Moirans
87747337,87747352,3.0,Voreppe,Saint-Égrève Saint-Robert
87747352,87747006,3.0,Saint-Égrève Saint-Robert,Grenoble
87747352,87747329,7.0,Saint-Égrève Saint-Robert,Moirans
87747352,87747337,3.0,Saint-Égrève Saint-Robert,Voreppe
87747360,87747170,78.0,Reims Gouraud,Pont-Sainte-Marie Arcis Magasins
87747360,87747378,5.0,Reims Gouraud,Reims Saint-Symphorien
87747378,87171009,5.0,Reims Saint-Symphorien,Reims
87747378,87747360,5.0,Reims Saint-Symphorien,Reims Gouraud
87747402,87417501,6.0,Grenoble Universités - Gières,Lancey
87747402,87725895,4.0,Grenoble Universités - Gières,Échirolles
87747402,87741009,31.0,Grenoble Universités - Gières,Chambéry - Challes-les-Eaux
87747402,87747006,8.0,Grenoble Universités - Gières,Grenoble
87747402,87747493,19.0,Grenoble Universités - Gières,Pontcharra sur Bréda
87747451,87417501,3.0,Brignoud,Lancey
87747451,87747477,6.0,Brignoud,Goncelin
87747477,87747451,6.0,Goncelin,Brignoud
87747477,87747493,6.0,Goncelin,Pontcharra sur Bréda
87747493,87741181,5.0,Pontcharra sur Bréda,Montmélian
87747493,87747402,19.0,Pontcharra sur Bréda,Grenoble Universités - Gières
87747493,87747477,6.0,Pontcharra sur Bréda,Goncelin
87747535,87747568,5.0,Jarrie - Vizille,Saint-Georges-de-Commiers
87747535,87752899,6.0,Jarrie - Vizille,Pont-de-Claix l'Étoile
87747568,87747535,5.0,Saint-Georges-de-Commiers,Jarrie - Vizille
87747568,87747576,2.0,Saint-Georges-de-Commiers,Vif
87747576,87697524,20.0,Vif,Monestier-de-Clermont Centre
87747576,87747568,2.0,Vif,Saint-Georges-de-Commiers
87747576,87747592,20.0,Vif,Monestier-de-Clermont
87747592,87697524,3.0,Monestier-de-Clermont,Monestier-de-Clermont Centre
87747592,87747576,18.0,Monestier-de-Clermont,Vif
87747592,87747626,9.0,Monestier-de-Clermont,Clelles - Mens
87747626,87697193,3.0,Clelles - Mens,Clelles-Mairie
87747626,87747592,14.0,Clelles - Mens,Monestier-de-Clermont
87747626,87747667,26.0,Clelles - Mens,Lus-la-Croix-Haute
87747667,87747626,31.0,Lus-la-Croix-Haute,Clelles - Mens
87747667,87763250,20.0,Lus-la-Croix-Haute,Aspres-sur-Buëch
87747691,87747329,2.0,Moirans la Galifette,Moirans
87747691,87761759,4.0,Moirans la Galifette,Tullins Fures
87747881,87213470,7.0,Wissembourg Lycée Stanislas,Wissembourg
87748350,87278259,3.0,Talence-Médoquine,Mérignac Arlac
87748350,87581009,4.0,Talence-Médoquine,Bordeaux Saint-Jean
87748350,87581751,2.0,Talence-Médoquine,Pessac
87748376,87193557,3.0,Hundling Hôtel de Ville,Metzing Centre
87748376,87193565,3.0,Hundling Hôtel de Ville,Ippling Rue de Sarreguemines
87748525,87698571,5.0,La Pelletière Crépieux-la-Pape (arrêt Tcl),Miribel-RD1084-Élysée
87748731,87700930,8.0,Poussay Rue de Mirecourt,Diarville Place Raymond Midon
87748731,87715821,2.0,Poussay Rue de Mirecourt,Mirecourt Hôpital
87748731,87717108,18.0,Poussay Rue de Mirecourt,Vézelise Beauregard
87748749,87643460,2.0,Rorschwihr Cimetière,Bergheim Porte haute
87749382,87749747,9.0,Ancelle Pré Joubert Télésiège,Saint-Léger-les-Mélèzes le Village
87751008,87111849,176.0,Marseille Saint-Charles,Marne-la-Vallée Chessy
87751008,87271494,178.0,Marseille Saint-Charles,Aéroport Charles de Gaulle 2 TGV
87751008,87318964,27.0,Marseille Saint-Charles,Avignon TGV
87751008,87319012,10.0,Marseille Saint-Charles,Aix-en-Provence TGV
87751008,87439554,14.0,Marseille Saint-Charles,Vitrolles Aéroport Marseille P
87751008,87580340,4.0,Marseille Saint-Charles,Marseille Arenc Euroméditerranée
87751008,87686006,182.0,Marseille Saint-Charles,Paris Gare de Lyon Hall 1 - 2
87751008,87723197,94.0,Marseille Saint-Charles,Lyon Part Dieu
87751008,87751081,4.0,Marseille Saint-Charles,Marseille Blancarde
87751008,87751420,26.0,Marseille Saint-Charles,Gardanne
87751008,87751602,7.0,Marseille Saint-Charles,L'Estaque
87751008,87751826,9.0,Marseille Saint-Charles,Saint-Antoine
87751008,87753657,45.0,Marseille Saint-Charles,Arles
87751008,87755009,41.0,Marseille Saint-Charles,Toulon
87751008,87759290,4.0,Marseille Saint-Charles,Picon Busserine
87751008,87763029,59.0,Marseille Saint-Charles,Valence TGV Rhône-Alpes Sud
87751008,87775007,66.0,Marseille Saint-Charles,Nîmes Centre
87751081,87319012,12.0,Marseille Blancarde,Aix-en-Provence TGV
87751081,87547000,530.0,Marseille Blancarde,Paris Austerlitz
87751081,87686667,603.0,Marseille Blancarde,Paris Bercy Bourg. Pays d'Auv.
87751081,87751008,4.0,Marseille Blancarde,Marseille Saint-Charles
87751081,87751719,2.0,Marseille Blancarde,La Pomme
87751081,87751750,8.0,Marseille Blancarde,Aubagne
87751081,87755009,34.0,Marseille Blancarde,Toulon
87751206,87751230,12.0,Sisteron,Château-Arnoux-Saint-Auban
87751206,87763722,26.0,Sisteron,Serres
87751206,87763755,14.0,Sisteron,Laragne
87751230,87751206,12.0,Château-Arnoux-Saint-Auban,Sisteron
87751230,87751271,12.0,Château-Arnoux-Saint-Auban,La Brillanne - Oraison
87751271,87751230,12.0,La Brillanne - Oraison,Château-Arnoux-Saint-Auban
87751271,87751321,11.0,La Brillanne - Oraison,Manosque - Gréoux-les-Bains
87751321,87751206,35.0,Manosque - Gréoux-les-Bains,Sisteron
87751321,87751271,11.0,Manosque - Gréoux-les-Bains,La Brillanne - Oraison
87751321,87751370,21.0,Manosque - Gréoux-les-Bains,Meyrargues
87751362,87751370,8.0,Pertuis,Meyrargues
87751370,87751321,21.0,Meyrargues,Manosque - Gréoux-les-Bains
87751370,87751362,7.0,Meyrargues,Pertuis
87751370,87751404,18.0,Meyrargues,Aix-en-Provence
87751404,87751321,46.0,Aix-en-Provence,Manosque - Gréoux-les-Bains
87751404,87751370,17.0,Aix-en-Provence,Meyrargues
87751404,87751420,7.0,Aix-en-Provence,Gardanne
87751420,87751404,8.0,Gardanne,Aix-en-Provence
87751420,87751438,3.0,Gardanne,Simiane
87751438,87751420,3.0,Simiane,Gardanne
87751438,87751800,7.0,Simiane,Septèmes
87751438,87751826,11.0,Simiane,Saint-Antoine
87751529,87590299,3.0,L'Ariane La Trinité,Nice Pont Michel
87751529,87756767,2.0,L'Ariane La Trinité,La Trinité Victor
87751602,87580340,11.0,L'Estaque,Marseille Arenc Euroméditerranée
87751602,87751008,8.0,L'Estaque,Marseille Saint-Charles
87751602,87753285,5.0,L'Estaque,Pas des Lanciers
87751602,87753582,8.0,L'Estaque,Niolon
87751701,87635581,3.0,Saint-Marcel,La Barasse
87751701,87751719,2.0,Saint-Marcel,La Pomme
87751719,87751081,3.0,La Pomme,Marseille Blancarde
87751719,87751701,2.0,La Pomme,Saint-Marcel
87751743,87635581,3.0,La Penne-sur-Huveaune,La Barasse
87751743,87751750,5.0,La Penne-sur-Huveaune,Aubagne
87751750,87751081,8.0,Aubagne,Marseille Blancarde
87751750,87751743,4.0,Aubagne,La Penne-sur-Huveaune
87751750,87751776,6.0,Aubagne,Cassis
87751750,87751784,12.0,Aubagne,La Ciotat-Ceyreste
87751776,87751750,6.0,Cassis,Aubagne
87751776,87751784,6.0,Cassis,La Ciotat-Ceyreste
87751784,87751750,12.0,La Ciotat-Ceyreste,Aubagne
87751784,87751776,6.0,La Ciotat-Ceyreste,Cassis
87751784,87755215,4.0,La Ciotat-Ceyreste,Saint-Cyr Les Lecques - La Cadière
87751784,87755231,12.0,La Ciotat-Ceyreste,Ollioules - Sanary-sur-Mer
87751800,87751438,7.0,Septèmes,Simiane
87751800,87751826,4.0,Septèmes,Saint-Antoine
87751826,87751008,9.0,Saint-Antoine,Marseille Saint-Charles
87751826,87751438,14.0,Saint-Antoine,Simiane
87751826,87751800,4.0,Saint-Antoine,Septèmes
87751826,87759316,2.0,Saint-Antoine,Saint-Joseph le Castellas
87751842,87759290,1.0,Sainte-Marthe en Provence,Picon Busserine
87751842,87759316,2.0,Sainte-Marthe en Provence,Saint-Joseph le Castellas
87752394,87144030,2.0,Docelles Monument,Docelles-Cheniménil Gare
87752394,87716472,6.0,Docelles Monument,Lépanges-Vologn R. Poste
87752410,87144154,6.0,Laval-sur-Vologne Rue de la Vologne,Bruyères
87752410,87716472,4.0,Laval-sur-Vologne Rue de la Vologne,Lépanges-Vologn R. Poste
87752675,87191007,3.0,Thionville Porte Saarlouis,Thionville
87752899,87335521,19.0,Pont-de-Claix l'Étoile,Grenoble
87752899,87747006,6.0,Pont-de-Claix l'Étoile,Grenoble
87752899,87747535,6.0,Pont-de-Claix l'Étoile,Jarrie - Vizille
87752980,87442442,9.0,Montauban la Fobio,Montauban Prax Paris
87752998,87611244,12.0,Lacourt-Saint-Pierre Talicous,Montauban Ville Bourbon
87752998,87753020,2.0,Lacourt-Saint-Pierre Talicous,Montech Lacoste
87753004,87439554,15.0,Miramas,Vitrolles Aéroport Marseille P
87753004,87753202,3.0,Miramas,Saint-Chamas
87753004,87753251,12.0,Miramas,Rognac
87753004,87753418,8.0,Miramas,Istres
87753004,87753657,20.0,Miramas,Arles
87753004,87753681,11.0,Miramas,Saint-Martin-de-Crau
87753004,87753764,8.0,Miramas,Salon
87753020,87752998,2.0,Montech Lacoste,Lacourt-Saint-Pierre Talicous
87753020,87753038,4.0,Montech Lacoste,Montech Pont Canal
87753038,87753020,4.0,Montech Pont Canal,Montech Lacoste
87753038,87753046,6.0,Montech Pont Canal,Montech Boulevard Lagal
87753046,87462820,6.0,Montech Boulevard Lagal,Bourret les Gourdis
87753046,87753038,6.0,Montech Boulevard Lagal,Montech Pont Canal
87753061,87462820,9.0,Larrazet Avenue de Gascogne,Bourret les Gourdis
87753061,87753087,5.0,Larrazet Avenue de Gascogne,Beaumont-de-Lomagne Place Jean Moulin
87753087,87753061,6.0,Beaumont-de-Lomagne Place Jean Moulin,Larrazet Avenue de Gascogne
87753087,87753095,3.0,Beaumont-de-Lomagne Place Jean Moulin,Beaumont-de-Lomagne L.e.p
87753095,87462812,6.0,Beaumont-de-Lomagne L.e.p,Gimat Salle des Fetes
87753095,87753087,4.0,Beaumont-de-Lomagne L.e.p,Beaumont-de-Lomagne Place Jean Moulin
87753202,87753004,4.0,Saint-Chamas,Miramas
87753202,87753251,10.0,Saint-Chamas,Rognac
87753251,87439554,3.0,Rognac,Vitrolles Aéroport Marseille P
87753251,87753004,14.0,Rognac,Miramas
87753251,87753202,10.0,Rognac,Saint-Chamas
87753285,87439554,3.0,Pas des Lanciers,Vitrolles Aéroport Marseille P
87753285,87751602,5.0,Pas des Lanciers,L'Estaque
87753418,87753004,8.0,Istres,Miramas
87753418,87753426,2.0,Istres,Rassuen
87753426,87753418,2.0,Rassuen,Istres
87753426,87753442,7.0,Rassuen,Fos-sur-Mer
87753442,87753426,7.0,Fos-sur-Mer,Rassuen
87753442,87753459,3.0,Fos-sur-Mer,Port-de-Bouc
87753459,87753442,2.0,Port-de-Bouc,Fos-sur-Mer
87753459,87753491,3.0,Port-de-Bouc,Croix Sainte
87753491,87753459,2.0,Croix Sainte,Port-de-Bouc
87753491,87753509,2.0,Croix Sainte,Martigues
87753509,87753491,2.0,Martigues,Croix Sainte
87753509,87753541,6.0,Martigues,La Couronne Carro
87753541,87753509,6.0,La Couronne Carro,Martigues
87753541,87753558,5.0,La Couronne Carro,Sausset-les-Pins
87753558,87753541,4.0,Sausset-les-Pins,La Couronne Carro
87753558,87753566,4.0,Sausset-les-Pins,Carry-le-Rouet
87753566,87753558,3.0,Carry-le-Rouet,Sausset-les-Pins
87753566,87753574,3.0,Carry-le-Rouet,La Redonne Ensuès
87753574,87753566,3.0,La Redonne Ensuès,Carry-le-Rouet
87753574,87753582,4.0,La Redonne Ensuès,Niolon
87753582,87751602,9.0,Niolon,L'Estaque
87753582,87753574,4.0,Niolon,La Redonne Ensuès
87753657,87751008,45.0,Arles,Marseille Saint-Charles
87753657,87753004,20.0,Arles,Miramas
87753657,87753681,8.0,Arles,Saint-Martin-de-Crau
87753657,87765008,17.0,Arles,Avignon Centre
87753657,87765354,7.0,Arles,Tarascon-sur-Rhône
87753657,87775007,24.0,Arles,Nîmes Centre
87753681,87753004,10.0,Saint-Martin-de-Crau,Miramas
87753681,87753657,8.0,Saint-Martin-de-Crau,Arles
87753707,87753715,4.0,Orgon,Sénas
87753707,87765503,4.0,Orgon,Cavaillon
87753715,87753707,4.0,Sénas,Orgon
87753715,87753731,3.0,Sénas,Lamanon
87753731,87753715,3.0,Lamanon,Sénas
87753731,87753764,4.0,Lamanon,Salon
87753764,87753004,8.0,Salon,Miramas
87753764,87753731,4.0,Salon,Lamanon
87754192,87212225,9.0,Dossenheim-sur-Zinsel Pressoir,Saverne
87754192,87642223,12.0,Dossenheim-sur-Zinsel Pressoir,Saverne Lycée Verne
87754192,87642264,1.0,Dossenheim-sur-Zinsel Pressoir,Dossenheim Mairie
87754549,87172007,35.0,Mon Idée,Charleville-Mézières
87754549,87295063,25.0,Mon Idée,Hirson
87754911,87726448,17.0,Boen Parc Lignon,Montbrison
87754911,87742015,24.0,Boen Parc Lignon,Noirétable Place Passelière
87754929,87747196,16.0,Mailly-le-Camp Camp Militaire,Arcis-sur-Aube Rue de Châlons
87754929,87747253,5.0,Mailly-le-Camp Camp Militaire,Mailly-le-Camp Garage
87755009,87318964,62.0,Toulon,Avignon TGV
87755009,87319012,30.0,Toulon,Aix-en-Provence TGV
87755009,87723197,218.0,Toulon,Lyon Part Dieu
87755009,87742262,3.0,Toulon,Toulon Sainte-Musse
87755009,87751008,41.0,Toulon,Marseille Saint-Charles
87755009,87751081,38.0,Toulon,Marseille Blancarde
87755009,87755231,6.0,Toulon,Ollioules - Sanary-sur-Mer
87755009,87755264,3.0,Toulon,La Seyne - Six Fours
87755009,87755447,34.0,Toulon,Les Arcs - Draguignan
87755009,87755629,16.0,Toulon,Hyères
87755009,87757526,47.0,Toulon,Saint-Raphaël Valescure
87755140,87138362,4.0,Onet-le-Château Route de Sévérac,Onet-le-Château la Roquette
87755140,87613422,5.0,Onet-le-Château Route de Sévérac,Rodez
87755215,87751784,4.0,Saint-Cyr Les Lecques - La Cadière,La Ciotat-Ceyreste
87755215,87755223,5.0,Saint-Cyr Les Lecques - La Cadière,Bandol
87755223,87755215,4.0,Bandol,Saint-Cyr Les Lecques - La Cadière
87755223,87755231,4.0,Bandol,Ollioules - Sanary-sur-Mer
87755231,87751784,12.0,Ollioules - Sanary-sur-Mer,La Ciotat-Ceyreste
87755231,87755009,6.0,Ollioules - Sanary-sur-Mer,Toulon
87755231,87755223,4.0,Ollioules - Sanary-sur-Mer,Bandol
87755231,87755264,3.0,Ollioules - Sanary-sur-Mer,La Seyne - Six Fours
87755264,87755009,3.0,La Seyne - Six Fours,Toulon
87755264,87755231,3.0,La Seyne - Six Fours,Ollioules - Sanary-sur-Mer
87755306,87742262,2.0,La Garde,Toulon Sainte-Musse
87755306,87755314,2.0,La Garde,La Pauline
87755314,87755306,2.0,La Pauline,La Garde
87755314,87755330,4.0,La Pauline,Solliès-Pont
87755314,87755611,3.0,La Pauline,La Crau
87755330,87755314,4.0,Solliès-Pont,La Pauline
87755330,87755355,4.0,Solliès-Pont,Cuers - Pierrefeu
87755355,87755330,4.0,Cuers - Pierrefeu,Solliès-Pont
87755355,87755363,4.0,Cuers - Pierrefeu,Puget-Ville
87755363,87755355,4.0,Puget-Ville,Cuers - Pierrefeu
87755363,87755371,3.0,Puget-Ville,Carnoules
87755371,87755363,3.0,Carnoules,Puget-Ville
87755371,87755389,2.0,Carnoules,Pignans
87755389,87755371,3.0,Pignans,Carnoules
87755389,87755397,3.0,Pignans,Gonfaron
87755397,87755389,3.0,Gonfaron,Pignans
87755397,87755405,5.0,Gonfaron,Le Luc - Le Cannet
87755405,87755397,6.0,Le Luc - Le Cannet,Gonfaron
87755405,87755421,5.0,Le Luc - Le Cannet,Vidauban
87755421,87755405,6.0,Vidauban,Le Luc - Le Cannet
87755421,87755447,4.0,Vidauban,Les Arcs - Draguignan
87755447,87755009,34.0,Les Arcs - Draguignan,Toulon
87755447,87755421,4.0,Les Arcs - Draguignan,Vidauban
87755447,87757500,11.0,Les Arcs - Draguignan,Fréjus
87755447,87757526,14.0,Les Arcs - Draguignan,Saint-Raphaël Valescure
87755447,87757625,37.0,Les Arcs - Draguignan,Cannes
87755611,87755314,3.0,La Crau,La Pauline
87755611,87755629,5.0,La Crau,Hyères
87755629,87755009,13.0,Hyères,Toulon
87755629,87755611,5.0,Hyères,La Crau
87756056,87590299,4.0,Nice-Ville,Nice Pont Michel
87756056,87756254,4.0,Nice-Ville,Nice Saint-Augustin
87756056,87756353,2.0,Nice-Ville,Nice Riquier
87756056,87757674,16.0,Nice-Ville,Antibes
87756254,87756056,5.0,Nice Saint-Augustin,Nice-Ville
87756254,87756346,1.0,Nice Saint-Augustin,Saint-Laurent-du-Var
87756304,87756320,3.0,Villeneuve-Loubet-Plage,Cagnes-sur-Mer
87756304,87757674,5.0,Villeneuve-Loubet-Plage,Antibes
87756304,87757690,2.0,Villeneuve-Loubet-Plage,Biot
87756320,87756304,3.0,Cagnes-sur-Mer,Villeneuve-Loubet-Plage
87756320,87756338,2.0,Cagnes-sur-Mer,Cros de Cagnes
87756320,87756346,3.0,Cagnes-sur-Mer,Saint-Laurent-du-Var
87756320,87757690,5.0,Cagnes-sur-Mer,Biot
87756338,87756320,1.0,Cros de Cagnes,Cagnes-sur-Mer
87756338,87756346,2.0,Cros de Cagnes,Saint-Laurent-du-Var
87756346,87756254,1.0,Saint-Laurent-du-Var,Nice Saint-Augustin
87756346,87756320,3.0,Saint-Laurent-du-Var,Cagnes-sur-Mer
87756346,87756338,2.0,Saint-Laurent-du-Var,Cros de Cagnes
87756353,87756056,3.0,Nice Riquier,Nice-Ville
87756353,87756361,2.0,Nice Riquier,Villefranche-sur-Mer
87756361,87756353,2.0,Villefranche-sur-Mer,Nice Riquier
87756361,87756379,2.0,Villefranche-sur-Mer,Beaulieu-sur-Mer
87756379,87756361,2.0,Beaulieu-sur-Mer,Villefranche-sur-Mer
87756379,87756387,2.0,Beaulieu-sur-Mer,Èze
87756379,87756403,10.0,Beaulieu-sur-Mer,Monaco-Monte-Carlo
87756387,87756379,2.0,Èze,Beaulieu-sur-Mer
87756387,87756395,3.0,Èze,Cap-d'Ail
87756395,87756387,3.0,Cap-d'Ail,Èze
87756395,87756403,3.0,Cap-d'Ail,Monaco-Monte-Carlo
87756403,83045013,50.0,Monaco-Monte-Carlo,VENTIMIGLIA
87756403,87756395,2.0,Monaco-Monte-Carlo,Cap-d'Ail
87756403,87756460,3.0,Monaco-Monte-Carlo,Roquebrune-Cap-Martin
87756403,87756486,8.0,Monaco-Monte-Carlo,Menton
87756460,87338590,1.0,Roquebrune-Cap-Martin,Monte-Carlo Country Club
87756460,87756403,4.0,Roquebrune-Cap-Martin,Monaco-Monte-Carlo
87756460,87756478,2.0,Roquebrune-Cap-Martin,Carnoles
87756478,87756460,2.0,Carnoles,Roquebrune-Cap-Martin
87756478,87756486,1.0,Carnoles,Menton
87756486,87756478,1.0,Menton,Carnoles
87756486,87756494,2.0,Menton,Menton Garavan
87756494,83045013,11.0,Menton Garavan,VENTIMIGLIA
87756494,87756486,2.0,Menton Garavan,Menton
87756767,87751529,1.0,La Trinité Victor,L'Ariane La Trinité
87756767,87756775,3.0,La Trinité Victor,Drap - Cantaron
87756775,87565143,3.0,Drap - Cantaron,Halte de Fontanil - Lycée de Drap
87756775,87756767,3.0,Drap - Cantaron,La Trinité Victor
87756783,87565143,3.0,Peillon - Sainte-Thècle,Halte de Fontanil - Lycée de Drap
87756783,87756791,4.0,Peillon - Sainte-Thècle,Peille
87756791,87756783,4.0,Peille,Peillon - Sainte-Thècle
87756791,87756809,7.0,Peille,L'Escarène
87756809,87756791,8.0,L'Escarène,Peille
87756809,87756817,2.0,L'Escarène,Touët-de-l'Escarène
87756817,87756809,2.0,Touët-de-l'Escarène,L'Escarène
87756817,87756825,8.0,Touët-de-l'Escarène,Sospel
87756825,87756817,9.0,Sospel,Touët-de-l'Escarène
87756825,87756833,11.0,Sospel,Breil-sur-Roya
87756833,87756825,11.0,Breil-sur-Roya,Sospel
87756833,87756858,11.0,Breil-sur-Roya,Fontan - Saorge
87756858,87756833,12.0,Fontan - Saorge,Breil-sur-Roya
87756858,87756866,20.0,Fontan - Saorge,Saint-Dalmas de Tende
87756866,87756858,20.0,Saint-Dalmas de Tende,Fontan - Saorge
87756866,87756874,6.0,Saint-Dalmas de Tende,La Brigue
87756874,87756866,6.0,La Brigue,Saint-Dalmas de Tende
87756874,87756882,6.0,La Brigue,Tende
87756882,87756874,6.0,Tende,La Brigue
87757419,87338517,8.0,La Wantzenau Église,Hoenheim Tram
87757419,87658948,5.0,La Wantzenau Église,Kilstett 13 Route Nationale
87757500,87755447,12.0,Fréjus,Les Arcs - Draguignan
87757500,87757526,3.0,Fréjus,Saint-Raphaël Valescure
87757526,87755009,47.0,Saint-Raphaël Valescure,Toulon
87757526,87755447,14.0,Saint-Raphaël Valescure,Les Arcs - Draguignan
87757526,87757500,3.0,Saint-Raphaël Valescure,Fréjus
87757526,87757534,3.0,Saint-Raphaël Valescure,Boulouris sur Mer
87757526,87757625,22.0,Saint-Raphaël Valescure,Cannes
87757534,87757526,3.0,Boulouris sur Mer,Saint-Raphaël Valescure
87757534,87757542,2.0,Boulouris sur Mer,Le Dramont
87757534,87757559,4.0,Boulouris sur Mer,Agay
87757542,87757534,2.0,Le Dramont,Boulouris sur Mer
87757542,87757559,2.0,Le Dramont,Agay
87757559,87757542,2.0,Agay,Le Dramont
87757559,87757567,3.0,Agay,Anthéor Cap Roux
87757559,87757575,7.0,Agay,Le Trayas
87757559,87757583,14.0,Agay,Théoule-sur-Mer
87757567,87757559,3.0,Anthéor Cap Roux,Agay
87757567,87757575,4.0,Anthéor Cap Roux,Le Trayas
87757575,87757567,4.0,Le Trayas,Anthéor Cap Roux
87757575,87757583,4.0,Le Trayas,Théoule-sur-Mer
87757583,87757559,14.0,Théoule-sur-Mer,Agay
87757583,87757575,4.0,Théoule-sur-Mer,Le Trayas
87757583,87757591,1.0,Théoule-sur-Mer,Mandelieu-la-Napoule
87757583,87757617,6.0,Théoule-sur-Mer,Cannes La Bocca
87757591,87757583,1.0,Mandelieu-la-Napoule,Théoule-sur-Mer
87757591,87757617,3.0,Mandelieu-la-Napoule,Cannes La Bocca
87757617,87757583,7.0,Cannes La Bocca,Théoule-sur-Mer
87757617,87757591,3.0,Cannes La Bocca,Mandelieu-la-Napoule
87757617,87757625,2.0,Cannes La Bocca,Cannes
87757625,87755447,35.0,Cannes,Les Arcs - Draguignan
87757625,87756056,32.0,Cannes,Nice-Ville
87757625,87757526,20.0,Cannes,Saint-Raphaël Valescure
87757625,87757617,2.0,Cannes,Cannes La Bocca
87757625,87757641,4.0,Cannes,Golfe Juan Vallauris
87757625,87757666,6.0,Cannes,Juan les Pins
87757625,87757674,8.0,Cannes,Antibes
87757625,87757757,3.0,Cannes,Le Bosquet
87757641,87757625,4.0,Golfe Juan Vallauris,Cannes
87757641,87757666,2.0,Golfe Juan Vallauris,Juan les Pins
87757666,87757625,6.0,Juan les Pins,Cannes
87757666,87757641,2.0,Juan les Pins,Golfe Juan Vallauris
87757666,87757674,2.0,Juan les Pins,Antibes
87757674,87756056,7.0,Antibes,Nice-Ville
87757674,87756304,4.0,Antibes,Villeneuve-Loubet-Plage
87757674,87757625,8.0,Antibes,Cannes
87757674,87757666,2.0,Antibes,Juan les Pins
87757674,87757690,3.0,Antibes,Biot
87757690,87756304,2.0,Biot,Villeneuve-Loubet-Plage
87757690,87756320,4.0,Biot,Cagnes-sur-Mer
87757690,87757674,3.0,Biot,Antibes
87757724,87401323,6.0,Grasse,Mouans-Sartoux
87757732,87401323,5.0,Ranguin,Mouans-Sartoux
87757732,87757740,1.0,Ranguin,La Frayère
87757740,87757732,2.0,La Frayère,Ranguin
87757740,87757757,2.0,La Frayère,Le Bosquet
87757757,87757625,3.0,Le Bosquet,Cannes
87757757,87757740,1.0,Le Bosquet,La Frayère
87759290,87751008,5.0,Picon Busserine,Marseille Saint-Charles
87759290,87751842,1.0,Picon Busserine,Sainte-Marthe en Provence
87759316,87751826,3.0,Saint-Joseph le Castellas,Saint-Antoine
87759316,87751842,2.0,Saint-Joseph le Castellas,Sainte-Marthe en Provence
87761007,87318964,54.0,Valence Ville,Avignon TGV
87761007,87686006,140.0,Valence Ville,Paris Gare de Lyon Hall 1 - 2
87761007,87703975,55.0,Valence Ville,Nîmes Pont du Gard
87761007,87722678,26.0,Valence Ville,Le Péage-de-Roussillon
87761007,87723197,32.0,Valence Ville,Lyon Part Dieu
87761007,87761163,10.0,Valence Ville,Tain-l'Hermitage - Tournon
87761007,87761247,9.0,Valence Ville,Livron
87761007,87762906,29.0,Valence Ville,Lyon Saint-Exupéry TGV
87761007,87763029,6.0,Valence Ville,Valence TGV Rhône-Alpes Sud
87761007,87763300,122.0,Valence Ville,Veynes Dévoluy
87761007,87764001,20.0,Valence Ville,Montélimar
87761007,87764472,36.0,Valence Ville,Le Teil
87761007,87775007,75.0,Valence Ville,Nîmes Centre
87761056,87409763,4.0,Oingt Route de Saint-Laurent,Bois d'Oingt
87761056,87761064,3.0,Oingt Route de Saint-Laurent,Val-d'Oingt - Saint-Laurent-d'Oingt Bourg
87761064,87761056,3.0,Val-d'Oingt - Saint-Laurent-d'Oingt Bourg,Oingt Route de Saint-Laurent
87761064,87761072,3.0,Val-d'Oingt - Saint-Laurent-d'Oingt Bourg,Val-d'Oingt - Saint-Laurent-d'Oingt Gare
87761072,87721787,2.0,Val-d'Oingt - Saint-Laurent-d'Oingt Gare,Bois-d'Oingt - Légny
87761072,87721811,2.0,Val-d'Oingt - Saint-Laurent-d'Oingt Gare,Ternand
87761072,87761064,3.0,Val-d'Oingt - Saint-Laurent-d'Oingt Gare,Val-d'Oingt - Saint-Laurent-d'Oingt Bourg
87761106,87282624,40.0,Saint-Rambert-d'Albon,Lyon Jean Macé
87761106,87722678,5.0,Saint-Rambert-d'Albon,Le Péage-de-Roussillon
87761106,87723197,44.0,Saint-Rambert-d'Albon,Lyon Part Dieu
87761106,87761130,7.0,Saint-Rambert-d'Albon,Saint-Vallier sur Rhône
87761130,87761106,7.0,Saint-Vallier sur Rhône,Saint-Rambert-d'Albon
87761130,87761163,7.0,Saint-Vallier sur Rhône,Tain-l'Hermitage - Tournon
87761163,87556506,26.0,Tain-l'Hermitage - Tournon,Valence Gare Routière
87761163,87722678,18.0,Tain-l'Hermitage - Tournon,Le Péage-de-Roussillon
87761163,87723197,69.0,Tain-l'Hermitage - Tournon,Lyon Part Dieu
87761163,87761007,10.0,Tain-l'Hermitage - Tournon,Valence Ville
87761163,87761130,8.0,Tain-l'Hermitage - Tournon,Saint-Vallier sur Rhône
87761163,87761460,10.0,Tain-l'Hermitage - Tournon,Tournon-Centre
87761163,87763029,25.0,Tain-l'Hermitage - Tournon,Valence TGV Rhône-Alpes Sud
87761239,87723395,4.0,L'Isle-d'Abeau,La Verpillière
87761239,87723429,3.0,L'Isle-d'Abeau,Bourgoin-Jallieu
87761247,87761007,9.0,Livron,Valence Ville
87761247,87761262,2.0,Livron,Loriol
87761247,87761783,17.0,Livron,Crest
87761247,87764001,13.0,Livron,Montélimar
87761247,87764472,26.0,Livron,Le Teil
87761262,87761247,2.0,Loriol,Livron
87761262,87764001,11.0,Loriol,Montélimar
87761270,87761460,40.0,Annonay-Gare Routière,Tournon-Centre
87761460,87761163,10.0,Tournon-Centre,Tain-l'Hermitage - Tournon
87761460,87761270,40.0,Tournon-Centre,Annonay-Gare Routière
87761494,87764001,29.0,Saint-Péray,Montélimar
87761510,87335521,85.0,Charmes-sur-Rhône-centre,Grenoble
87761510,87336974,10.0,Charmes-sur-Rhône-centre,La Voulte-sur-Rhône Mairie
87761510,87763029,25.0,Charmes-sur-Rhône-centre,Valence TGV Rhône-Alpes Sud
87761650,87556506,40.0,Romans - Bourg-de-Péage,Valence Gare Routière
87761650,87761684,10.0,Romans - Bourg-de-Péage,Saint-Hilaire - Saint-Nazaire
87761650,87761718,16.0,Romans - Bourg-de-Péage,Saint-Marcellin
87761650,87763029,6.0,Romans - Bourg-de-Péage,Valence TGV Rhône-Alpes Sud
87761684,87761650,10.0,Saint-Hilaire - Saint-Nazaire,Romans - Bourg-de-Péage
87761684,87761718,7.0,Saint-Hilaire - Saint-Nazaire,Saint-Marcellin
87761718,87335521,50.0,Saint-Marcellin,Grenoble
87761718,87698647,30.0,Saint-Marcellin,Romans-Gare-Routière
87761718,87747006,28.0,Saint-Marcellin,Grenoble
87761718,87761650,17.0,Saint-Marcellin,Romans - Bourg-de-Péage
87761718,87761684,8.0,Saint-Marcellin,Saint-Hilaire - Saint-Nazaire
87761718,87761726,6.0,Saint-Marcellin,Vinay
87761718,87761759,13.0,Saint-Marcellin,Tullins Fures
87761726,87761718,6.0,Vinay,Saint-Marcellin
87761726,87761742,6.0,Vinay,Poliénas
87761726,87761759,20.0,Vinay,Tullins Fures
87761742,87761726,5.0,Poliénas,Vinay
87761742,87761759,3.0,Poliénas,Tullins Fures
87761759,87747329,5.0,Tullins Fures,Moirans
87761759,87747691,5.0,Tullins Fures,Moirans la Galifette
87761759,87761718,14.0,Tullins Fures,Saint-Marcellin
87761759,87761726,8.0,Tullins Fures,Vinay
87761759,87761742,4.0,Tullins Fures,Poliénas
87761783,87547000,457.0,Crest,Paris Austerlitz
87761783,87556506,32.0,Crest,Valence Gare Routière
87761783,87686667,461.0,Crest,Paris Bercy Bourg. Pays d'Auv.
87761783,87761247,17.0,Crest,Livron
87761783,87761817,12.0,Crest,Saillans
87761783,87761841,35.0,Crest,Die
87761783,87763029,40.0,Crest,Valence TGV Rhône-Alpes Sud
87761817,87761783,12.0,Saillans,Crest
87761817,87761841,20.0,Saillans,Die
87761841,87761783,35.0,Die,Crest
87761841,87761817,20.0,Die,Saillans
87761841,87761874,17.0,Die,Luc-en-Diois
87761841,87763300,63.0,Die,Veynes Dévoluy
87761874,87761841,16.0,Luc-en-Diois,Die
87761874,87763300,36.0,Luc-en-Diois,Veynes Dévoluy
87762583,87783399,3.0,Aguessac Bellevue,Aguessac Avenue de Causses
87762906,87111849,101.0,Lyon Saint-Exupéry TGV,Marne-la-Vallée Chessy
87762906,87271494,121.0,Lyon Saint-Exupéry TGV,Aéroport Charles de Gaulle 2 TGV
87762906,87318964,49.0,Lyon Saint-Exupéry TGV,Avignon TGV
87762906,87319012,67.0,Lyon Saint-Exupéry TGV,Aix-en-Provence TGV
87762906,87686006,107.0,Lyon Saint-Exupéry TGV,Paris Gare de Lyon Hall 1 - 2
87762906,87703975,58.0,Lyon Saint-Exupéry TGV,Nîmes Pont du Gard
87762906,87741645,130.0,Lyon Saint-Exupéry TGV,Albertville
87762906,87747006,59.0,Lyon Saint-Exupéry TGV,Grenoble
87762906,87761007,27.0,Lyon Saint-Exupéry TGV,Valence Ville
87762906,87763029,22.0,Lyon Saint-Exupéry TGV,Valence TGV Rhône-Alpes Sud
87762906,87775007,66.0,Lyon Saint-Exupéry TGV,Nîmes Centre
87763003,87749382,31.0,Gap,Ancelle Pré Joubert Télésiège
87763003,87763300,20.0,Gap,Veynes Dévoluy
87763003,87763425,12.0,Gap,Chorges
87763003,87763466,42.0,Gap,Embrun
87763029,87271494,139.0,Valence TGV Rhône-Alpes Sud,Aéroport Charles de Gaulle 2 TGV
87763029,87318964,30.0,Valence TGV Rhône-Alpes Sud,Avignon TGV
87763029,87335521,60.0,Valence TGV Rhône-Alpes Sud,Grenoble
87763029,87391003,159.0,Valence TGV Rhône-Alpes Sud,Paris Montparnasse Hall 1 - 2
87763029,87556506,20.0,Valence TGV Rhône-Alpes Sud,Valence Gare Routière
87763029,87556522,47.0,Valence TGV Rhône-Alpes Sud,Montelimar Gare Routière
87763029,87686006,131.0,Valence TGV Rhône-Alpes Sud,Paris Gare de Lyon Hall 1 - 2
87763029,87703975,36.0,Valence TGV Rhône-Alpes Sud,Nîmes Pont du Gard
87763029,87723197,34.0,Valence TGV Rhône-Alpes Sud,Lyon Part Dieu
87763029,87755009,100.0,Valence TGV Rhône-Alpes Sud,Toulon
87763029,87761007,7.0,Valence TGV Rhône-Alpes Sud,Valence Ville
87763029,87761163,24.0,Valence TGV Rhône-Alpes Sud,Tain-l'Hermitage - Tournon
87763029,87761650,7.0,Valence TGV Rhône-Alpes Sud,Romans - Bourg-de-Péage
87763029,87761783,40.0,Valence TGV Rhône-Alpes Sud,Crest
87763029,87765107,32.0,Valence TGV Rhône-Alpes Sud,Orange
87763029,87775007,42.0,Valence TGV Rhône-Alpes Sud,Nîmes Centre
87763177,87642298,2.0,Griesbach-le-Bastberg Église,Neuwiller Rue de Bouxwiller
87763177,87642306,5.0,Griesbach-le-Bastberg Église,Bouxwiller Lycée Schattenmann
87763250,87697516,20.0,Aspres-sur-Buëch,Lus-la-Croix-Haute RD 1075
87763250,87747667,25.0,Aspres-sur-Buëch,Lus-la-Croix-Haute
87763250,87763300,7.0,Aspres-sur-Buëch,Veynes Dévoluy
87763300,87335521,102.0,Veynes Dévoluy,Grenoble
87763300,87547000,591.0,Veynes Dévoluy,Paris Austerlitz
87763300,87686667,560.0,Veynes Dévoluy,Paris Bercy Bourg. Pays d'Auv.
87763300,87761007,129.0,Veynes Dévoluy,Valence Ville
87763300,87761841,63.0,Veynes Dévoluy,Die
87763300,87761874,36.0,Veynes Dévoluy,Luc-en-Diois
87763300,87763003,19.0,Veynes Dévoluy,Gap
87763300,87763250,7.0,Veynes Dévoluy,Aspres-sur-Buëch
87763300,87763722,13.0,Veynes Dévoluy,Serres
87763425,87763003,12.0,Chorges,Gap
87763425,87763466,18.0,Chorges,Embrun
87763466,87763003,42.0,Embrun,Gap
87763466,87763425,19.0,Embrun,Chorges
87763466,87763508,13.0,Embrun,Mont-Dauphin - Guillestre
87763508,87763466,13.0,Mont-Dauphin - Guillestre,Embrun
87763508,87763557,10.0,Mont-Dauphin - Guillestre,L'Argentière les Écrins
87763557,87763508,9.0,L'Argentière les Écrins,Mont-Dauphin - Guillestre
87763557,87763607,11.0,L'Argentière les Écrins,Briançon
87763607,87763557,11.0,Briançon,L'Argentière les Écrins
87763722,87763300,14.0,Serres,Veynes Dévoluy
87763722,87763755,11.0,Serres,Laragne
87763755,87751206,13.0,Laragne,Sisteron
87763755,87763722,11.0,Laragne,Serres
87764001,87318964,30.0,Montélimar,Avignon TGV
87764001,87761007,20.0,Montélimar,Valence Ville
87764001,87761262,11.0,Montélimar,Loriol
87764001,87764290,7.0,Montélimar,Donzère
87764001,87764308,11.0,Montélimar,Pierrelatte
87764001,87765107,25.0,Montélimar,Orange
87764290,87764001,7.0,Donzère,Montélimar
87764290,87764308,4.0,Donzère,Pierrelatte
87764308,87764001,11.0,Pierrelatte,Montélimar
87764308,87764290,4.0,Pierrelatte,Donzère
87764308,87764357,6.0,Pierrelatte,Bollène la Croisière
87764357,87764308,6.0,Bollène la Croisière,Pierrelatte
87764357,87765107,9.0,Bollène la Croisière,Orange
87764407,87336974,5.0,Le Pouzin Place Maréchal Leclerc,La Voulte-sur-Rhône Mairie
87764407,87336982,4.0,Le Pouzin Place Maréchal Leclerc,Saint-Julien-en-Saint-Alban Centre
87764472,87761007,35.0,Le Teil,Valence Ville
87764472,87765008,47.0,Le Teil,Avignon Centre
87764555,87764571,8.0,Pont-Saint-Esprit,Bagnols-sur-Cèze
87764571,87764555,8.0,Bagnols-sur-Cèze,Pont-Saint-Esprit
87764571,87765008,26.0,Bagnols-sur-Cèze,Avignon Centre
87764712,87420836,5.0,Saint-Jean-le-Centenier Centre,Alba-la-Romaine Ruines Romaines
87764712,87764720,10.0,Saint-Jean-le-Centenier Centre,Villeneuve-de-Berg-Centre
87764720,87337097,8.0,Villeneuve-de-Berg-Centre,Lavilledieu Centre
87764720,87764712,10.0,Villeneuve-de-Berg-Centre,Saint-Jean-le-Centenier Centre
87765008,87318964,5.0,Avignon Centre,Avignon TGV
87765008,87703975,26.0,Avignon Centre,Nîmes Pont du Gard
87765008,87753657,15.0,Avignon Centre,Arles
87765008,87761247,91.0,Avignon Centre,Livron
87765008,87764472,48.0,Avignon Centre,Le Teil
87765008,87764571,24.0,Avignon Centre,Bagnols-sur-Cèze
87765008,87765107,13.0,Avignon Centre,Orange
87765008,87765198,7.0,Avignon Centre,Bédarrides
87765008,87765206,6.0,Avignon Centre,Sorgues - Châteauneuf-du-Pape
87765008,87765354,11.0,Avignon Centre,Tarascon-sur-Rhône
87765008,87765412,5.0,Avignon Centre,Montfavet
87765008,87775007,33.0,Avignon Centre,Nîmes Centre
87765107,87764001,24.0,Orange,Montélimar
87765107,87764357,10.0,Orange,Bollène la Croisière
87765107,87765008,14.0,Orange,Avignon Centre
87765107,87765180,5.0,Orange,Courthézon
87765107,87765206,9.0,Orange,Sorgues - Châteauneuf-du-Pape
87765180,87765107,5.0,Courthézon,Orange
87765180,87765198,3.0,Courthézon,Bédarrides
87765198,87765180,4.0,Bédarrides,Courthézon
87765198,87765206,3.0,Bédarrides,Sorgues - Châteauneuf-du-Pape
87765206,87765008,7.0,Sorgues - Châteauneuf-du-Pape,Avignon Centre
87765206,87765107,9.0,Sorgues - Châteauneuf-du-Pape,Orange
87765206,87765180,5.0,Sorgues - Châteauneuf-du-Pape,Courthézon
87765206,87765198,3.0,Sorgues - Châteauneuf-du-Pape,Bédarrides
87765206,87765826,4.0,Sorgues - Châteauneuf-du-Pape,Entraigues-sur-la-Sorgue
87765354,87703975,10.0,Tarascon-sur-Rhône,Nîmes Pont du Gard
87765354,87753657,7.0,Tarascon-sur-Rhône,Arles
87765354,87765008,11.0,Tarascon-sur-Rhône,Avignon Centre
87765354,87775023,1.0,Tarascon-sur-Rhône,Beaucaire
87765396,87297143,7.0,Erlon,Dercy - Froidmont
87765396,87297150,2.0,Erlon,Voyenne
87765404,87296095,6.0,Voyenne Ecole,Marle sur Serre
87765404,87297150,2.0,Voyenne Ecole,Voyenne
87765412,87765008,6.0,Montfavet,Avignon Centre
87765412,87765420,2.0,Montfavet,Morières-lès-Avignon
87765420,87765412,2.0,Morières-lès-Avignon,Montfavet
87765420,87765438,2.0,Morières-lès-Avignon,Saint-Saturnin-lès-Avignon
87765438,87765420,2.0,Saint-Saturnin-lès-Avignon,Morières-lès-Avignon
87765438,87765446,2.0,Saint-Saturnin-lès-Avignon,Gadagne
87765446,87765438,2.0,Gadagne,Saint-Saturnin-lès-Avignon
87765446,87765453,3.0,Gadagne,Le Thor
87765453,87765446,2.0,Le Thor,Gadagne
87765453,87765479,3.0,Le Thor,L'Isle-sur-Sorgue - Fontaine-V
87765479,87765453,3.0,L'Isle-sur-Sorgue - Fontaine-V,Le Thor
87765479,87765503,6.0,L'Isle-sur-Sorgue - Fontaine-V,Cavaillon
87765503,87753707,4.0,Cavaillon,Orgon
87765503,87765479,6.0,Cavaillon,L'Isle-sur-Sorgue - Fontaine-V
87765735,87765818,5.0,Carpentras,Monteux
87765818,87765735,6.0,Monteux,Carpentras
87765818,87765826,5.0,Monteux,Entraigues-sur-la-Sorgue
87765826,87765206,4.0,Entraigues-sur-la-Sorgue,Sorgues - Châteauneuf-du-Pape
87765826,87765818,6.0,Entraigues-sur-la-Sorgue,Monteux
87765941,87117986,12.0,Saint-Florentin Gare routière,Neuvy-Sautour Route Nationale
87765941,87117994,10.0,Saint-Florentin Gare routière,Brienon-sur-Armançon Mairie
87765941,87683334,5.0,Saint-Florentin Gare routière,Saint-Florentin-Ville
87765990,87407726,3.0,Vallon-en-Sully Marché couvert,La Grave Carrefour
87765990,87408906,10.0,Vallon-en-Sully Marché couvert,Meaulne Place Centrale
87765990,87409490,15.0,Vallon-en-Sully Marché couvert,Urcay Hôtel du Lyon d'Or
87765990,87576322,37.0,Vallon-en-Sully Marché couvert,Saint-Amand-Montrond - Orval
87765990,87641365,10.0,Vallon-en-Sully Marché couvert,Magnette
87766824,87576215,5.0,Valençay Collège Alain Fournier,Valençay
87766832,87335521,110.0,Le Teil Rond-point Bénistant,Grenoble
87766832,87420836,14.0,Le Teil Rond-point Bénistant,Alba-la-Romaine Ruines Romaines
87766832,87556522,10.0,Le Teil Rond-point Bénistant,Montelimar Gare Routière
87767269,87695957,8.0,Nances Maison du Lac,Aiguebelette-Centre
87767269,87741009,17.0,Nances Maison du Lac,Chambéry - Challes-les-Eaux
87767871,87775007,5.0,Saint-Césaire V3,Nîmes Centre
87767871,87775791,7.0,Saint-Césaire V3,Générac
87767871,87775817,15.0,Saint-Césaire V3,Vauvert
87768960,87141002,73.0,Contrexéville Centre,Nancy
87768960,87144279,10.0,Contrexéville Centre,Vittel
87768960,87144295,13.0,Contrexéville Centre,Martigny-les-Bains Gare
87768960,87700989,13.0,Contrexéville Centre,Martigny-les-Bains Thiébaut
87773002,87773200,13.0,Montpellier Saint-Roch,Sète
87773002,87773457,7.0,Montpellier Saint-Roch,Baillargues
87773002,87773465,5.0,Montpellier Saint-Roch,Saint-Aunès
87773002,87773515,4.0,Montpellier Saint-Roch,Villeneuve-lès-Maguelone
87773002,87773556,10.0,Montpellier Saint-Roch,Frontignan
87773002,87775007,23.0,Montpellier Saint-Roch,Nîmes Centre
87773002,87781005,37.0,Montpellier Saint-Roch,Béziers
87773200,87688887,14.0,Sète,Montpellier Sud de France
87773200,87773002,14.0,Sète,Montpellier Saint-Roch
87773200,87773556,4.0,Sète,Frontignan
87773200,87781005,23.0,Sète,Béziers
87773200,87781104,35.0,Sète,Narbonne
87773200,87781278,12.0,Sète,Agde
87773200,87781294,9.0,Sète,Marseillan Plage
87773408,87773424,2.0,Lunel,Lunel-Viel
87773408,87773432,4.0,Lunel,Valergues - Lansargues
87773408,87773457,6.0,Lunel,Baillargues
87773408,87775114,5.0,Lunel,Vergèze - Codognan
87773408,87775130,4.0,Lunel,Gallargues
87773424,87773408,3.0,Lunel-Viel,Lunel
87773424,87773432,2.0,Lunel-Viel,Valergues - Lansargues
87773432,87773408,4.0,Valergues - Lansargues,Lunel
87773432,87773424,3.0,Valergues - Lansargues,Lunel-Viel
87773432,87773457,3.0,Valergues - Lansargues,Baillargues
87773457,87773002,8.0,Baillargues,Montpellier Saint-Roch
87773457,87773408,6.0,Baillargues,Lunel
87773457,87773424,5.0,Baillargues,Lunel-Viel
87773457,87773432,3.0,Baillargues,Valergues - Lansargues
87773457,87773465,3.0,Baillargues,Saint-Aunès
87773465,87773002,6.0,Saint-Aunès,Montpellier Saint-Roch
87773465,87773457,3.0,Saint-Aunès,Baillargues
87773515,87773002,4.0,Villeneuve-lès-Maguelone,Montpellier Saint-Roch
87773515,87773531,4.0,Villeneuve-lès-Maguelone,Vic - Mireval
87773531,87773515,4.0,Vic - Mireval,Villeneuve-lès-Maguelone
87773531,87773556,4.0,Vic - Mireval,Frontignan
87773556,87773002,11.0,Frontignan,Montpellier Saint-Roch
87773556,87773200,4.0,Frontignan,Sète
87773556,87773531,4.0,Frontignan,Vic - Mireval
87775007,87547000,494.0,Nîmes Centre,Paris Austerlitz
87775007,87640623,16.0,Nîmes Centre,Saint-Césaire Mas du Cheylon
87775007,87686006,178.0,Nîmes Centre,Paris Gare de Lyon Hall 1 - 2
87775007,87686667,489.0,Nîmes Centre,Paris Bercy Bourg. Pays d'Auv.
87775007,87703975,7.0,Nîmes Centre,Nîmes Pont du Gard
87775007,87723197,75.0,Nîmes Centre,Lyon Part Dieu
87775007,87751008,68.0,Nîmes Centre,Marseille Saint-Charles
87775007,87753657,24.0,Nîmes Centre,Arles
87775007,87761007,62.0,Nîmes Centre,Valence Ville
87775007,87762906,63.0,Nîmes Centre,Lyon Saint-Exupéry TGV
87775007,87763029,42.0,Nîmes Centre,Valence TGV Rhône-Alpes Sud
87775007,87765008,34.0,Nîmes Centre,Avignon Centre
87775007,87767871,4.0,Nîmes Centre,Saint-Césaire V3
87775007,87773002,13.0,Nîmes Centre,Montpellier Saint-Roch
87775007,87775072,3.0,Nîmes Centre,Saint-Césaire
87775007,87775114,8.0,Nîmes Centre,Vergèze - Codognan
87775007,87775288,50.0,Nîmes Centre,Alès
87775007,87775361,15.0,Nîmes Centre,Saint-Geniès-de-Malgoirès
87775007,87775379,12.0,Nîmes Centre,Fons - Saint-Mamert
87775023,87703975,7.0,Beaucaire,Nîmes Pont du Gard
87775023,87765354,1.0,Beaucaire,Tarascon-sur-Rhône
87775072,87775007,4.0,Saint-Césaire,Nîmes Centre
87775072,87775098,2.0,Saint-Césaire,Milhaud
87775072,87775114,6.0,Saint-Césaire,Vergèze - Codognan
87775072,87775791,7.0,Saint-Césaire,Générac
87775098,87775072,3.0,Milhaud,Saint-Césaire
87775098,87775106,3.0,Milhaud,Uchaud
87775098,87775114,5.0,Milhaud,Vergèze - Codognan
87775106,87775098,3.0,Uchaud,Milhaud
87775106,87775114,3.0,Uchaud,Vergèze - Codognan
87775114,87773408,5.0,Vergèze - Codognan,Lunel
87775114,87775007,9.0,Vergèze - Codognan,Nîmes Centre
87775114,87775072,6.0,Vergèze - Codognan,Saint-Césaire
87775114,87775098,5.0,Vergèze - Codognan,Milhaud
87775114,87775106,3.0,Vergèze - Codognan,Uchaud
87775114,87775130,3.0,Vergèze - Codognan,Gallargues
87775130,87773408,4.0,Gallargues,Lunel
87775130,87775114,3.0,Gallargues,Vergèze - Codognan
87775148,87775171,11.0,Chasseradès,La Bastide-St-Laurent-les-B.
87775148,87783647,33.0,Chasseradès,Bagnols - Chadenet
87775148,87783670,12.0,Chasseradès,Belvezet
87775171,87734350,17.0,La Bastide-St-Laurent-les-B.,Langogne
87775171,87734368,7.0,La Bastide-St-Laurent-les-B.,Luc
87775171,87775148,10.0,La Bastide-St-Laurent-les-B.,Chasseradès
87775171,87775197,12.0,La Bastide-St-Laurent-les-B.,Villefort
87775171,87783605,65.0,La Bastide-St-Laurent-les-B.,Mende
87775197,87775171,18.0,Villefort,La Bastide-St-Laurent-les-B.
87775197,87775213,12.0,Villefort,Génolhac
87775213,87775197,12.0,Génolhac,Villefort
87775213,87775221,9.0,Génolhac,Chamborigaud
87775213,87775254,24.0,Génolhac,Grand-Combe la Pise
87775221,87775213,9.0,Chamborigaud,Génolhac
87775221,87775239,6.0,Chamborigaud,Sainte-Cécile-d'Andorge
87775221,87775254,15.0,Chamborigaud,Grand-Combe la Pise
87775239,87775221,6.0,Sainte-Cécile-d'Andorge,Chamborigaud
87775239,87775247,6.0,Sainte-Cécile-d'Andorge,La Levade
87775239,87775254,9.0,Sainte-Cécile-d'Andorge,Grand-Combe la Pise
87775247,87775239,6.0,La Levade,Sainte-Cécile-d'Andorge
87775247,87775254,3.0,La Levade,Grand-Combe la Pise
87775254,87775213,24.0,Grand-Combe la Pise,Génolhac
87775254,87775221,15.0,Grand-Combe la Pise,Chamborigaud
87775254,87775239,9.0,Grand-Combe la Pise,Sainte-Cécile-d'Andorge
87775254,87775247,3.0,Grand-Combe la Pise,La Levade
87775254,87775288,15.0,Grand-Combe la Pise,Alès
87775288,87775007,50.0,Alès,Nîmes Centre
87775288,87775254,15.0,Alès,Grand-Combe la Pise
87775288,87775346,12.0,Alès,Boucoiran
87775288,87775353,13.0,Alès,Nozières - Brignon
87775288,87775361,15.0,Alès,Saint-Geniès-de-Malgoirès
87775288,87783605,120.0,Alès,Mende
87775346,87775288,11.0,Boucoiran,Alès
87775346,87775353,3.0,Boucoiran,Nozières - Brignon
87775353,87775288,12.0,Nozières - Brignon,Alès
87775353,87775346,3.0,Nozières - Brignon,Boucoiran
87775353,87775361,3.0,Nozières - Brignon,Saint-Geniès-de-Malgoirès
87775361,87775007,16.0,Saint-Geniès-de-Malgoirès,Nîmes Centre
87775361,87775288,15.0,Saint-Geniès-de-Malgoirès,Alès
87775361,87775353,3.0,Saint-Geniès-de-Malgoirès,Nozières - Brignon
87775361,87775379,4.0,Saint-Geniès-de-Malgoirès,Fons - Saint-Mamert
87775379,87775007,13.0,Fons - Saint-Mamert,Nîmes Centre
87775379,87775361,4.0,Fons - Saint-Mamert,Saint-Geniès-de-Malgoirès
87775791,87640623,16.0,Générac,Saint-Césaire Mas du Cheylon
87775791,87767871,7.0,Générac,Saint-Césaire V3
87775791,87775072,7.0,Générac,Saint-Césaire
87775791,87775809,3.0,Générac,Beauvoisin
87775809,87775791,3.0,Beauvoisin,Générac
87775809,87775817,6.0,Beauvoisin,Vauvert
87775817,87767871,13.0,Vauvert,Saint-Césaire V3
87775817,87775809,5.0,Vauvert,Beauvoisin
87775817,87775825,4.0,Vauvert,Le Cailar
87775825,87775817,4.0,Le Cailar,Vauvert
87775825,87775833,2.0,Le Cailar,Aimargues
87775825,87775841,5.0,Le Cailar,Saint-Laurent-d'Aigouze
87775833,87775825,2.0,Aimargues,Le Cailar
87775833,87775841,4.0,Aimargues,Saint-Laurent-d'Aigouze
87775841,87775825,5.0,Saint-Laurent-d'Aigouze,Le Cailar
87775841,87775833,4.0,Saint-Laurent-d'Aigouze,Aimargues
87775841,87775858,7.0,Saint-Laurent-d'Aigouze,Aigues-Mortes
87775858,87775841,6.0,Aigues-Mortes,Saint-Laurent-d'Aigouze
87775858,87775866,7.0,Aigues-Mortes,Le Grau-du-Roi
87775866,87775858,7.0,Le Grau-du-Roi,Aigues-Mortes
87781005,87688887,46.0,Béziers,Montpellier Sud de France
87781005,87773002,37.0,Béziers,Montpellier Saint-Roch
87781005,87773200,22.0,Béziers,Sète
87781005,87781104,12.0,Béziers,Narbonne
87781005,87781161,10.0,Béziers,Coursan
87781005,87781260,10.0,Béziers,Vias
87781005,87781278,11.0,Béziers,Agde
87781005,87781666,13.0,Béziers,Magalas
87781062,87781088,6.0,Port-la-Nouvelle,Leucate la Franqui
87781062,87781104,11.0,Port-la-Nouvelle,Narbonne
87781088,87781062,6.0,Leucate la Franqui,Port-la-Nouvelle
87781088,87784157,8.0,Leucate la Franqui,Salses
87781104,87615112,12.0,Narbonne,Lézignan-Corbières
87781104,87615286,27.0,Narbonne,Carcassonne
87781104,87773200,34.0,Narbonne,Sète
87781104,87781005,12.0,Narbonne,Béziers
87781104,87781062,12.0,Narbonne,Port-la-Nouvelle
87781104,87781161,4.0,Narbonne,Coursan
87781104,87784009,30.0,Narbonne,Perpignan
87781161,87781005,10.0,Coursan,Béziers
87781161,87781104,4.0,Coursan,Narbonne
87781260,87781005,10.0,Vias,Béziers
87781260,87781278,2.0,Vias,Agde
87781278,87773200,12.0,Agde,Sète
87781278,87781005,11.0,Agde,Béziers
87781278,87781260,2.0,Agde,Vias
87781278,87781294,4.0,Agde,Marseillan Plage
87781294,87773200,9.0,Marseillan Plage,Sète
87781294,87781278,4.0,Marseillan Plage,Agde
87781534,87781542,7.0,Montpaon,Ceilhes - Roqueredonde
87781534,87783456,17.0,Montpaon,Tournemire - Roquefort
87781542,87781534,7.0,Ceilhes - Roqueredonde,Montpaon
87781542,87781559,5.0,Ceilhes - Roqueredonde,Les Cabrils
87781542,87781575,15.0,Ceilhes - Roqueredonde,Lunas
87781542,87781583,16.0,Ceilhes - Roqueredonde,Le Bousquet-d'Orb
87781542,87783456,24.0,Ceilhes - Roqueredonde,Tournemire - Roquefort
87781559,87781542,4.0,Les Cabrils,Ceilhes - Roqueredonde
87781559,87781575,7.0,Les Cabrils,Lunas
87781575,87781559,7.0,Lunas,Les Cabrils
87781575,87781583,3.0,Lunas,Le Bousquet-d'Orb
87781583,87781542,16.0,Le Bousquet-d'Orb,Ceilhes - Roqueredonde
87781583,87781575,3.0,Le Bousquet-d'Orb,Lunas
87781583,87781609,10.0,Le Bousquet-d'Orb,Bédarieux
87781609,87781583,10.0,Bédarieux,Le Bousquet-d'Orb
87781609,87781666,18.0,Bédarieux,Magalas
87781609,87783431,57.0,Bédarieux,Saint-Rome-de-Cernon
87781666,87781005,13.0,Magalas,Béziers
87781666,87781609,19.0,Magalas,Bédarieux
87782607,87734004,4.0,Clermont la Pardieu,Clermont-Ferrand
87782607,87734152,3.0,Clermont la Pardieu,Sarliève - Cournon
87782607,87734186,9.0,Clermont la Pardieu,Vic-le-Comte
87782607,87734202,22.0,Clermont la Pardieu,Issoire
87783001,87668384,22.0,Millau,Verrieres Engayresque
87783001,87783365,29.0,Millau,Sévérac-le-Château
87783001,87783399,10.0,Millau,Aguessac Avenue de Causses
87783001,87783423,9.0,Millau,Saint-Georges-de-Luzençon
87783175,87645507,20.0,Saint-Flour - Chaudes-Aigues,Neussargues
87783175,87734004,75.0,Saint-Flour - Chaudes-Aigues,Clermont-Ferrand
87783175,87783241,34.0,Saint-Flour - Chaudes-Aigues,Saint-Chély-d'Apcher
87783241,87783175,35.0,Saint-Chély-d'Apcher,Saint-Flour - Chaudes-Aigues
87783241,87783266,11.0,Saint-Chély-d'Apcher,Aumont-Aubrac
87783266,87640631,20.0,Aumont-Aubrac,Marvejols Place du Chayla
87783266,87783241,11.0,Aumont-Aubrac,Saint-Chély-d'Apcher
87783266,87783282,23.0,Aumont-Aubrac,Marvejols
87783282,87640631,4.0,Marvejols,Marvejols Place du Chayla
87783282,87640649,4.0,Marvejols,Chirac Ville
87783282,87783241,40.0,Marvejols,Saint-Chély-d'Apcher
87783282,87783266,23.0,Marvejols,Aumont-Aubrac
87783282,87783290,4.0,Marvejols,Chirac
87783282,87783308,7.0,Marvejols,Le Monastier
87783282,87783605,38.0,Marvejols,Mende
87783290,87783282,4.0,Chirac,Marvejols
87783290,87783308,3.0,Chirac,Le Monastier
87783308,87640649,4.0,Le Monastier,Chirac Ville
87783308,87640672,5.0,Le Monastier,Les Salelles Embranchement RN 88
87783308,87640698,1.0,Le Monastier,Le Monastier Ville
87783308,87783282,6.0,Le Monastier,Marvejols
87783308,87783290,2.0,Le Monastier,Chirac
87783308,87783324,12.0,Le Monastier,Banassac - La Canourgue
87783308,87783514,5.0,Le Monastier,Les Salelles
87783324,87783308,13.0,Banassac - La Canourgue,Le Monastier
87783324,87783340,13.0,Banassac - La Canourgue,Campagnac - Saint-Geniez
87783340,87783324,13.0,Campagnac - Saint-Geniez,Banassac - La Canourgue
87783340,87783365,12.0,Campagnac - Saint-Geniez,Sévérac-le-Château
87783365,87138339,5.0,Sévérac-le-Château,Severac d'Aveyron Lapanouse
87783365,87668376,5.0,Sévérac-le-Château,Séverac d'Aveyron Embrachement le Massegros
87783365,87783001,30.0,Sévérac-le-Château,Millau
87783365,87783340,11.0,Sévérac-le-Château,Campagnac - Saint-Geniez
87783399,87668384,12.0,Aguessac Avenue de Causses,Verrieres Engayresque
87783399,87783001,10.0,Aguessac Avenue de Causses,Millau
87783423,87783001,10.0,Saint-Georges-de-Luzençon,Millau
87783423,87783431,6.0,Saint-Georges-de-Luzençon,Saint-Rome-de-Cernon
87783431,87783001,16.0,Saint-Rome-de-Cernon,Millau
87783431,87783423,5.0,Saint-Rome-de-Cernon,Saint-Georges-de-Luzençon
87783431,87783456,6.0,Saint-Rome-de-Cernon,Tournemire - Roquefort
87783456,87781534,16.0,Tournemire - Roquefort,Montpaon
87783456,87781542,23.0,Tournemire - Roquefort,Ceilhes - Roqueredonde
87783456,87783431,6.0,Tournemire - Roquefort,Saint-Rome-de-Cernon
87783514,87783308,5.0,Les Salelles,Le Monastier
87783514,87783530,8.0,Les Salelles,Chanac
87783530,87640672,5.0,Chanac,Les Salelles Embranchement RN 88
87783530,87640680,2.0,Chanac,Le Bruel Route Nationale 88
87783530,87783514,7.0,Chanac,Les Salelles
87783530,87783548,2.0,Chanac,Le Bruel
87783548,87783530,3.0,Le Bruel,Chanac
87783548,87783563,6.0,Le Bruel,Barjac
87783563,87111864,6.0,Barjac,Balsièges Bourg
87783563,87640656,5.0,Barjac,Balsièges Arrêt RN88
87783563,87640680,5.0,Barjac,Le Bruel Route Nationale 88
87783563,87783548,6.0,Barjac,Le Bruel
87783605,87111864,9.0,Mende,Balsièges Bourg
87783605,87503524,24.0,Mende,L'Habitarelle
87783605,87640631,35.0,Mende,Marvejols Place du Chayla
87783605,87640656,7.0,Mende,Balsièges Arrêt RN88
87783605,87775171,72.0,Mende,La Bastide-St-Laurent-les-B.
87783605,87775288,120.0,Mende,Alès
87783605,87783241,45.0,Mende,Saint-Chély-d'Apcher
87783605,87783282,30.0,Mende,Marvejols
87783605,87783647,19.0,Mende,Bagnols - Chadenet
87783647,87783605,20.0,Bagnols - Chadenet,Mende
87783647,87783654,5.0,Bagnols - Chadenet,Allenc
87783654,87783647,5.0,Allenc,Bagnols - Chadenet
87783654,87783670,16.0,Allenc,Belvezet
87783670,87775148,12.0,Belvezet,Chasseradès
87783670,87783654,17.0,Belvezet,Allenc
87783753,87146472,5.0,Bertholène Centre,Montrozier Gages Pont
87783753,87177170,5.0,Bertholène Centre,Laissac Place du Foiral
87783795,87138321,5.0,Severac-D-Aveyron Recoules,Gaillac-d'Aveyron Bourg
87783795,87138339,10.0,Severac-D-Aveyron Recoules,Severac d'Aveyron Lapanouse
87784009,71043075,23.0,Perpignan,FIGUERES-VILAFANT
87784009,87781104,34.0,Perpignan,Narbonne
87784009,87784173,5.0,Perpignan,Rivesaltes
87784009,87784207,8.0,Perpignan,Elne
87784009,87784512,6.0,Perpignan,Le Soler
87784157,87781088,8.0,Salses,Leucate la Franqui
87784157,87784173,6.0,Salses,Rivesaltes
87784173,87784009,6.0,Rivesaltes,Perpignan
87784173,87784157,5.0,Rivesaltes,Salses
87784207,87784009,8.0,Elne,Perpignan
87784207,87784231,5.0,Elne,Argelès-sur-Mer
87784231,87784207,5.0,Argelès-sur-Mer,Elne
87784231,87784256,3.0,Argelès-sur-Mer,Collioure
87784256,87784231,4.0,Collioure,Argelès-sur-Mer
87784256,87784264,2.0,Collioure,Port-Vendres
87784264,87784256,2.0,Port-Vendres,Collioure
87784264,87784298,4.0,Port-Vendres,Banyuls-sur-Mer
87784298,87784264,4.0,Banyuls-sur-Mer,Port-Vendres
87784298,87785006,6.0,Banyuls-sur-Mer,Cerbère
87784512,87784009,6.0,Le Soler,Perpignan
87784512,87784520,3.0,Le Soler,Saint-Féliu-d'Avall
87784520,87784512,3.0,Saint-Féliu-d'Avall,Le Soler
87784520,87784546,3.0,Saint-Féliu-d'Avall,Millas
87784546,87784520,3.0,Millas,Saint-Féliu-d'Avall
87784546,87784561,5.0,Millas,Ille-sur-Têt
87784561,87784546,4.0,Ille-sur-Têt,Millas
87784561,87784611,6.0,Ille-sur-Têt,Vinça
87784611,87784561,7.0,Vinça,Ille-sur-Têt
87784611,87784629,3.0,Vinça,Marquixanes
87784629,87784611,3.0,Marquixanes,Vinça
87784629,87784637,4.0,Marquixanes,Prades - Molitg-les-Bains
87784637,87784629,4.0,Prades - Molitg-les-Bains,Marquixanes
87784637,87784660,4.0,Prades - Molitg-les-Bains,Ria
87784660,87784637,4.0,Ria,Prades - Molitg-les-Bains
87784660,87784686,2.0,Ria,Villefranche - Vernet-les-Bains
87784686,87784660,2.0,Villefranche - Vernet-les-Bains,Ria
87784686,87784702,7.0,Villefranche - Vernet-les-Bains,Serdinya
87784702,87784686,7.0,Serdinya,Villefranche - Vernet-les-Bains
87784702,87784710,2.0,Serdinya,Joncet
87784710,87784702,2.0,Joncet,Serdinya
87784710,87784728,4.0,Joncet,Olette - Canaveilles les Bains
87784728,87784710,4.0,Olette - Canaveilles les Bains,Joncet
87784728,87784736,4.0,Olette - Canaveilles les Bains,Nyer
87784728,87784744,7.0,Olette - Canaveilles les Bains,Thuès les Bains
87784736,87784728,4.0,Nyer,Olette - Canaveilles les Bains
87784736,87784744,5.0,Nyer,Thuès les Bains
87784744,87784728,7.0,Thuès les Bains,Olette - Canaveilles les Bains
87784744,87784736,5.0,Thuès les Bains,Nyer
87784744,87784751,5.0,Thuès les Bains,Thuès Carença
87784744,87784769,7.0,Thuès les Bains,Fontpédrouse St-Thomas les B.
87784751,87784744,5.0,Thuès Carença,Thuès les Bains
87784751,87784769,8.0,Thuès Carença,Fontpédrouse St-Thomas les B.
87784769,87784744,7.0,Fontpédrouse St-Thomas les B.,Thuès les Bains
87784769,87784751,7.0,Fontpédrouse St-Thomas les B.,Thuès Carença
87784769,87784777,7.0,Fontpédrouse St-Thomas les B.,Sauto
87784769,87784793,15.0,Fontpédrouse St-Thomas les B.,Mont-Louis - La Cabanasse
87784777,87784769,8.0,Sauto,Fontpédrouse St-Thomas les B.
87784777,87784785,6.0,Sauto,Planès
87784785,87784777,5.0,Planès,Sauto
87784785,87784793,7.0,Planès,Mont-Louis - La Cabanasse
87784793,87784769,15.0,Mont-Louis - La Cabanasse,Fontpédrouse St-Thomas les B.
87784793,87784785,5.0,Mont-Louis - La Cabanasse,Planès
87784793,87784801,6.0,Mont-Louis - La Cabanasse,Bolquère - Eyne
87784801,87784793,6.0,Bolquère - Eyne,Mont-Louis - La Cabanasse
87784801,87784819,9.0,Bolquère - Eyne,Font-Romeu-Odeillo-Via
87784819,87784801,9.0,Font-Romeu-Odeillo-Via,Bolquère - Eyne
87784819,87784827,18.0,Font-Romeu-Odeillo-Via,Estavar
87784819,87784835,12.0,Font-Romeu-Odeillo-Via,Saillagouse
87784827,87784819,18.0,Estavar,Font-Romeu-Odeillo-Via
87784827,87784835,6.0,Estavar,Saillagouse
87784835,87784819,12.0,Saillagouse,Font-Romeu-Odeillo-Via
87784835,87784827,6.0,Saillagouse,Estavar
87784835,87784843,4.0,Saillagouse,Err
87784843,87784835,4.0,Err,Saillagouse
87784843,87784850,4.0,Err,Sainte-Léocadie
87784843,87784868,11.0,Err,Osséja
87784843,87784884,20.0,Err,Ur les Escaldes
87784850,87784843,5.0,Sainte-Léocadie,Err
87784850,87784868,11.0,Sainte-Léocadie,Osséja
87784868,87784843,11.0,Osséja,Err
87784868,87784850,11.0,Osséja,Sainte-Léocadie
87784868,87784876,5.0,Osséja,Bourg-Madame
87784876,87784868,5.0,Bourg-Madame,Osséja
87784876,87784884,4.0,Bourg-Madame,Ur les Escaldes
87784884,87784843,20.0,Ur les Escaldes,Err
87784884,87784876,4.0,Ur les Escaldes,Bourg-Madame
87784884,87784892,4.0,Ur les Escaldes,Bena Fanes
87784892,87611483,3.0,Bena Fanes,Latour-de-Carol - Enveitg
87784892,87784884,4.0,Bena Fanes,Ur les Escaldes
87785006,71793150,3.0,Cerbère,Portbou
87785006,87784298,5.0,Cerbère,Banyuls-sur-Mer
87936989,87639971,4.0,Buswiller-Eglise,Ettendorf  Rue du Pont
88140010,87223263,34.0,Bruxelles Midi,Lille Europe
88140010,87295600,92.0,Bruxelles Midi,Aulnoye-Aymeries
88140010,88810000,40.0,Bruxelles Midi,Mons
88716050,87295006,10.0,ERQUELINNES,Maubeuge
88716050,88716472,2.0,ERQUELINNES,ERQUELINNES-VILLAGE
88716472,88716050,2.0,ERQUELINNES-VILLAGE,ERQUELINNES
88716472,88716621,2.0,ERQUELINNES-VILLAGE,SOLRE-SUR-SAMBRE
88716621,88716472,2.0,SOLRE-SUR-SAMBRE,ERQUELINNES-VILLAGE
88716621,88716704,2.0,SOLRE-SUR-SAMBRE,LABUISSIERE
88716704,88716621,2.0,LABUISSIERE,SOLRE-SUR-SAMBRE
88716704,88716886,2.0,LABUISSIERE,FONTAINE-VALMONT
88716886,88716704,2.0,FONTAINE-VALMONT,LABUISSIERE
88716886,88717124,5.0,FONTAINE-VALMONT,LOBBES
88717124,88716886,5.0,LOBBES,FONTAINE-VALMONT
88717124,88718114,2.0,LOBBES,THUIN
88718114,88717124,2.0,THUIN,LOBBES
88718114,88718296,4.0,THUIN,HOURPES
88718114,88718379,9.0,THUIN,LANDELIES
88718296,88718114,4.0,HOURPES,THUIN
88718296,88718379,2.0,HOURPES,LANDELIES
88718379,88718114,8.0,LANDELIES,THUIN
88718379,88718296,4.0,LANDELIES,HOURPES
88718379,88718528,3.0,LANDELIES,MARCHIENNE-ZONE
88718528,88718379,2.0,MARCHIENNE-ZONE,LANDELIES
88718528,88720090,5.0,MARCHIENNE-ZONE,Charleroi-Central
88720090,87295006,103.0,Charleroi-Central,Maubeuge
88720090,88718528,4.0,Charleroi-Central,MARCHIENNE-ZONE
88810000,87295600,21.0,Mons,Aulnoye-Aymeries
88810000,87296004,54.0,Mons,Saint-Quentin
88810000,88140010,17.0,Mons,Bruxelles Midi
88850010,88850685,3.0,Tournai,FROYENNES
88850685,87286872,6.0,FROYENNES,Baisieux
88850685,88850010,4.0,FROYENNES,Tournai
88857040,87286542,5.0,Mouscron,Tourcoing
88857040,88960080,9.0,Mouscron,Courtrai
88960080,88857040,9.0,Courtrai,Mouscron
