index,raw,uic,lat,lon,entries
0,Abancourt,87313759,49.6852237,1.7743058,abancourt
1,Abbaretz,87481614,47.5546432,-1.5244159,abbaretz
2,Abbeville,87317362,50.10221,1.82449,abbeville
6,Achiet-le-Grand,87342048,50.1317525,2.780168,achiet le grand
8,Aéroport Charles de Gaulle 2 TGV,87271494,49.003652,2.570892,aeroport charles de gaulle 2 tgv
9,Agay,87757559,43.4313701,6.8564997,agay
10,Agde,87781278,43.31728,3.466203,agde
11,Agen,87586008,44.208311,0.620932,agen
12,Agonac,87595157,45.2865966,0.7486706,agonac
13,Aguilcourt - Variscourt,87171702,49.408017,3.973137,aguilcourt variscourt
14,Aigrefeuille le Thou,87485193,46.09402,-0.95168,aigrefeuille le thou
15,Aiguebelette-le-Lac,87741421,45.5363048,5.8131468,aiguebelette le lac
16,Aiguebelle,87741256,45.5437225,6.3067175,aiguebelle
17,Aigueperse,87734129,46.0147884,3.1982621,aigueperse
18,Aigues-Mortes,87775858,43.5709008,4.1912102,aigues mortes
19,Aiguillon,87586693,44.2987224,0.3352388,aiguillon
20,Aillevillers,87185629,47.9138876,6.3372988,aillevillers
21,Ailly-sur-Noye,87313221,49.75448,2.36419,ailly sur noye
22,Ailly-sur-Somme,87313098,49.92838,2.20059,ailly sur somme
23,Aimargues,87775833,43.6786107,4.2082933,aimargues
24,Aime - La Plagne,87741769,45.5544,6.648646,aime la plagne
25,Aiserey,87713636,47.170501,5.1582447,aiserey
26,Aix-en-Provence,87751404,43.522912,5.445345,aix en provence
27,Aix-en-Provence TGV,87319012,43.455237,5.317534,aix en provence tgv
28,Aix-les-Bains le Revard,87741132,45.688161,5.909371,aix les bains le revard
29,Aixe-sur-Vienne,87592667,45.7965002,1.1456892,aixe sur vienne
30,Alaï,87722744,45.7521198,4.7717824,alai
31,Albens,87746115,45.785946,5.9483418,albens
32,Albert,87313072,50.00546,2.64453,albert
33,Albertville,87741645,45.672977,6.383167,albertville
34,Albi,87615005,43.92238,2.137958,albi
35,Albi Madeleine,87615195,43.938011,2.1409629,albi madeleine
36,Albias,87613398,44.0919078,1.4448012,albias
37,Albigny - Neuville,87721266,45.874921,4.832874,albigny neuville
38,Alençon,87444711,48.433884,0.098531,alencon
39,Alès,87775288,44.127825,4.084948,ales
40,Allassac,87594234,45.2589385,1.4731471,allassac
43,Allenc,87783654,44.541296,3.6638926,allenc
44,Alleyras,87731885,44.919217,3.673517,alleyras
45,Altkirch,87182238,47.6270174,7.2392493,altkirch
46,Amagne - Lucquy,87172262,49.5238187,4.4738775,amagne lucquy
47,Ambazac,87592311,45.9529056,1.406501,ambazac
48,Ambérieu-en-Bugey,87743716,45.954008,5.342388,amberieu en bugey
49,Amboise,87574343,47.42148,0.981299,amboise
50,Ambronay - Priay,87743146,46.0115941,5.3382579,ambronay priay
51,Amiens,87313874,49.890746,2.312592,amiens
52,Amifontaine,87171744,49.4847322,3.9105811,amifontaine
53,Amilly Ouerray,87394205,48.4381825,1.3892882,amilly ouerray
54,Amplepuis,87721035,45.970982,4.326844,amplepuis
55,Ancenis,87481192,47.369334,-1.177763,ancenis
56,Anchamps,87172858,49.9307448,4.6702434,anchamps
57,Anché - Voulon,87575332,46.3496187,0.2503424,anche voulon
58,Ancy-sur-Moselle,87192419,49.0575093,6.0627661,ancy sur moselle
59,Andelot-en-Montagne,87715102,46.8594671,5.923584,andelot en montagne
60,Andorre – l’Hospitalet,87611517,42.5894535,1.8002635,andorre l hospitalet
62,Andrézieux-Bouthéon,87726406,45.5217037,4.254834,andrezieux boutheon
63,Angers Maître École,87484048,47.4670899,-0.531894,angers maitre ecole
64,Angers Saint-Laud,87484006,47.464647,-0.55682,angers saint laud
65,Angerville,87543090,48.3112062,2.0034931,angerville
66,Angoulême,87583005,45.653572,0.164608,angouleme
67,Angoulins sur Mer,87485102,46.108057,-1.1154503,angoulins sur mer
68,Anizy - Pinon,87296566,49.4960073,3.4487637,anizy pinon
69,Annappes,87286856,50.6227708,3.1475351,annappes
70,Annecy,87746008,45.901965,6.121835,annecy
71,Annemasse,87745497,46.199222,6.23652,annemasse
72,Anor,87295055,49.984892,4.0929803,anor
73,Anse Halte,87721324,45.93929,4.71987,anse halte
74,Anthéor Cap Roux,87757567,43.4349641,6.8921036,antheor cap roux
75,Antibes,87757674,43.585784,7.119498,antibes
76,Anvin,87317255,50.446845,2.25494,anvin
77,Apach,87191643,49.458836,6.371972,apach
78,Appilly,87296459,49.5808826,3.1221903,appilly
79,Arbanats,87582726,44.6743555,-0.3954517,arbanats
80,Arbois,87718155,46.912509,5.7648273,arbois
81,Arc-et-Senans,87718841,47.0303516,5.7767843,arc et senans
82,Arcachon,87582668,44.659009,-1.16523,arcachon
83,Arches,87144410,48.1198133,6.5283085,arches
84,Arcy-sur-Cure,87683680,47.6008461,3.7668885,arcy sur cure
85,Arenc Euroméditerranée,87580340,43.3132339,5.3676221,arenc euromediterranee
86,Arengosse,87671479,44.0069764,-0.8093835,arengosse
87,Argelès-sur-Mer,87784231,42.54397,3.022349,argeles sur mer
88,Argentan,87444539,48.738545,-0.025291,argentan
90,Argentière,87746859,45.9819438,6.9264844,argentiere
91,Argenton-sur-Creuse,87597120,46.592248,1.518305,argenton sur creuse
92,Arles,87753657,43.684853,4.63203,arles
93,Arleux,87345421,50.2863204,3.1208073,arleux
94,Armentières,87286146,50.68084,2.87763,armentieres
95,Arnage,87396549,47.9285663,0.1898826,arnage
96,Arnèke,87281121,50.831522,2.4083063,arneke
98,Arras,87342014,50.286673,2.781942,arras
99,Arrou,87394486,48.0997945,1.1285567,arrou
100,Ars-sur-Moselle,87192401,49.0744745,6.0776461,ars sur moselle
101,Artenay,87543058,48.0808761,1.8833705,artenay
102,Artix,87672212,43.3931062,-0.5701881,artix
103,Arvant,87734251,45.3653797,3.3106747,arvant
104,Ascq,87286864,50.6218591,3.1598992,ascq
106,Aspres-sur-Buëch,87763250,44.519428,5.7545655,aspres sur buech
107,Assat,87672162,43.2543993,-0.2950176,assat
108,Assier,87613075,44.6746197,1.8697681,assier
110,Aubagne,87751750,43.296045,5.56658,aubagne
111,Aubazines - Saint-Hilaire,87594465,45.1816781,1.6412346,aubazines saint hilaire
113,Aubiat,87734111,45.983812,3.1605115,aubiat
114,Aubie - Saint-Antoine,87491233,45.0151419,-0.4198843,aubie saint antoine
115,Aubiet,87611764,43.6502068,0.7891179,aubiet
116,Aubigné-Racan,87396572,47.686945,0.2657714,aubigne racan
117,Aubigny-au-Bac,87345447,50.2685315,3.158706,aubigny au bac
118,Aubigny-en-Artois,87342246,50.35297,2.5928045,aubigny en artois
119,Aubin,87613224,44.5272762,2.2393128,aubin
120,Aubin-Saint-Vaast,87316604,50.3946137,1.9705382,aubin saint vaast
121,Auboué,87191684,49.216163,5.9714608,auboue
122,Aubrives,87172122,50.1044507,4.7616512,aubrives
123,Auch,87611749,43.647488,0.596661,auch
124,Auchy-lès-Hesdin,87317230,50.3963631,2.1022448,auchy les hesdin
125,Audrieu,87444059,49.2161315,-0.5960138,audrieu
126,Audruicq,87281428,50.87567,2.07636,audruicq
127,Audun-le-Roman,87194357,49.36682,5.89139,audun le roman
128,Auffay,87415158,49.716044,1.098441,auffay
129,Aulnat Aéroport,87562421,45.7920571,3.1614332,aulnat aeroport
131,Aulnoye-Aymeries,87295600,50.19749,3.84337,aulnoye aymeries
132,Aumale,87313767,49.7650371,1.7560425,aumale
133,Aumont-Aubrac,87783266,44.7181699,3.2835489,aumont aubrac
134,Auneau,87545657,48.4458242,1.77998,auneau
135,Auray,87476200,47.68022,-2.999995,auray
136,Aurec-sur-Loire,87726760,45.3711611,4.1983439,aurec sur loire
137,Aurillac,87645002,44.921092,2.435655,aurillac
138,Auterive,87611384,43.348993,1.468831,auterive
140,Auxerre Saint-Gervais,87683573,47.797645,3.58514,auxerre saint gervais
141,Auxonne,87713347,47.192663,5.37737,auxonne
142,Avallon,87683789,47.4957553,3.9124463,avallon
143,Avenay,87171579,49.0647826,4.043689,avenay
147,Avesnelles,87295725,50.1185513,3.9485876,avesnelles
148,Avesnes-sur-Helpe,87295733,50.12674,3.93295,avesnes sur helpe
149,Avignon Centre,87765008,43.9419,4.805281,avignon centre
150,Avignon TGV,87318964,43.921586,4.786079,avignon tgv
151,Avignonet-Lauragais,87616011,43.3638769,1.7872687,avignonet lauragais
152,Avion,87342584,50.40723,2.83365,avion
153,Avord,87576439,47.0349061,2.6523757,avord
154,Avoudrey,87718551,47.1298359,6.434573,avoudrey
155,Avranches,87448514,48.6902445,-1.3700755,avranches
156,Avrechy,87313296,49.4446439,2.4179608,avrechy
157,Ax-les-Thermes,87611533,42.7247967,1.8332516,ax les thermes
158,Ay,87171561,49.0487318,4.0015644,ay
159,Aytré Plage,87437806,46.1273815,-1.1280462,aytre plage
160,Azay-le-Rideau,87571638,47.2663383,0.4475388,azay le rideau
161,Azay-sur-Cher,87574442,47.3652695,0.8599885,azay sur cher
162,Azerailles,87141408,48.4913355,6.695778,azerailles
163,Babinière,87590349,47.25875274,-1.544928378,babiniere
164,Baccarat,87141416,48.452405,6.74383,baccarat
165,Bagnac-sur-Célé,87613604,44.6652105,2.1602503,bagnac sur cele
167,Bagnols - Chadenet,87783647,44.5286125,3.628178,bagnols chadenet
168,Bagnols-sur-Cèze,87764571,44.161626,4.627032,bagnols sur ceze
169,Baillargues,87773457,43.6533234,4.0071585,baillargues
170,Bailleau-le-Pin,87394411,48.3668028,1.3248851,bailleau le pin
171,Bailleul,87286179,50.72916,2.73445,bailleul
172,Bailleul-Sir-Berthoult,87342592,50.3351257,2.8409809,bailleul sir berthoult
174,Bains-les-Bains,87144147,47.9811282,6.2952683,bains les bains
175,Baisieux,87286872,50.61845,3.2347796,baisieux
176,Balagny Saint-Épin,87313569,49.2942448,2.3441977,balagny saint epin
177,Balbigny,87726869,45.817858,4.187443,balbigny
178,Ballan-Miré,87571604,47.3369919,0.6188975,ballan mire
180,Balsièges,87111864,44.4820108,3.4560976,balsieges
181,Banassac - La Canourgue,87783324,44.4477632,3.1958518,banassac la canourgue
182,Bandol,87755223,43.140344,5.750118,bandol
183,Bannalec,87474189,47.9267473,-3.7065268,bannalec
184,Bantzenheim,87182840,47.8109675,7.5038675,bantzenheim
185,Banyuls-sur-Mer,87784298,42.4829582,3.1250496,banyuls sur mer
186,Bar-le-Duc,87175042,48.773308,5.166822,bar le duc
187,Bar-sur-Aube,87118299,48.2385399,4.7066708,bar sur aube
188,Baraqueville Carcenac Peyralès,87615757,44.2704368,2.4275453,baraqueville carcenac peyrales
189,Barentin,87411264,49.549123,0.953517,barentin
190,Barjac,87783563,44.4992638,3.4109786,barjac
191,Baroncourt,87192658,49.2845332,5.6997387,baroncourt
192,Barr,87214247,48.4032933,7.4565189,barr
193,Barsac,87582759,44.6054306,-0.3215775,barsac
194,Bartenheim,87182113,47.6349313,7.4872561,bartenheim
195,Bas - Monistrol-sur-Loire,87726778,45.297596,4.139602,bas monistrol sur loire
196,Bas Évette,87184200,47.6810089,6.8068494,bas evette
197,Base Aérienne,87699223,47.320184,1.681869,base aerienne
198,Basse-Ham,87191601,49.3805708,6.2348709,basse ham
199,Bassens,87581850,44.9012933,-0.5223144,bassens
200,Batz-sur-Mer,87481770,47.2809541,-2.4789866,batz sur mer
201,Baule,87574152,47.8117535,1.668127,baule
202,Baume-les-Dames,87718460,47.353937,6.359603,baume les dames
203,Bauvin - Provin,87345280,50.51168,2.9054,bauvin provin
204,Bayeux,87444067,49.269836,-0.698056,bayeux
205,Bayon,87141218,48.468046,6.322569,bayon
206,Bayonne,87673004,43.496801,-1.470306,bayonne
207,Bazancourt,87171462,49.361202,4.173887,bazancourt
208,Baziège,87611723,43.4535696,1.6205019,baziege
209,Béard,87696468,46.8652207,3.3179944,beard
210,Beau Marais,87317610,50.945371,1.8983301,beau marais
211,Beaucaire,87775023,43.80209,4.6470865,beaucaire
212,Beaugency,87574160,47.778365,1.625938,beaugency
213,Beaulieu-sur-Mer,87756379,43.706651,7.331545,beaulieu sur mer
214,Beaumont-le-Roger,87387183,49.0741722,0.7727865,beaumont le roger
215,Beaune,87713545,47.023053,4.848379,beaune
216,Beaurainville,87317198,50.422891,1.895345,beaurainville
217,Beautiran,87582700,44.701041,-0.45017,beautiran
218,Beauvais,87313510,49.42648,2.08869,beauvais
219,Beauvoir-sur-Niort,87485342,46.1768857,-0.4687544,beauvoir sur niort
220,Beauvoisin,87775809,43.7245026,4.3212178,beauvoisin
222,Bédarieux,87781609,43.6086972,3.1495688,bedarieux
223,Bédarrides,87765198,44.0407636,4.8931321,bedarrides
224,Bedous,87672774,42.99589,-0.60348,bedous
225,Bègles,87581801,44.7995389,-0.5552495,begles
226,Beillant,87491076,45.7007999,-0.5265079,beillant
227,Belfort,87184002,47.633284,6.853956,belfort
228,Belfort - Montbéliard TGV,87300822,47.585937,6.897687,belfort montbeliard tgv
229,Bellac,87592485,46.1252044,1.0461168,bellac
230,Belle-Isle - Bégard,87473165,48.5935901,-3.3228532,belle isle begard
231,Bellegarde-sur-Valserine,87745000,46.109425,5.823483,bellegarde sur valserine
232,Bellenaves,87641068,46.199256,3.0665239,bellenaves
233,Bellevigny,87486142,46.788316,-1.4346673,bellevigny
234,Belleville,87141804,48.8195721,6.1018641,belleville
235,Belleville sur Sâone,87721357,46.111917,4.729028,belleville sur saone
237,Bellignat,87743526,46.2381265,5.6298849,bellignat
239,Belvès,87595876,44.7773978,1.0118831,belves
240,Belvezet,87783670,44.5617971,3.7518919,belvezet
241,Belz - Ploemel,87476408,47.652466,-3.0721919,belz ploemel
242,Bénesse-Maremne,87673285,43.6277484,-1.3698505,benesse maremne
243,Bénestroff,87192302,48.90656,6.75266,benestroff
244,Benfeld,87214122,48.3735367,7.584125,benfeld
245,Bengy-sur-Craon,87576447,47.0004698,2.7492361,bengy sur craon
246,Béning-lès-Saint-Avold,87193250,49.1379541,6.8282982,bening les saint avold
247,Bergerac,87584268,44.857061,0.489174,bergerac
248,Bergues,87281105,50.96901,2.42574,bergues
249,Berlaimont,87295808,50.1980095,3.8105316,berlaimont
250,Bernay,87444299,49.087102,0.595634,bernay
251,Bersac-sur-Rivalier,87592352,46.0837459,1.4321682,bersac sur rivalier
252,Berthelming,87215335,48.8096475,7.0087859,berthelming
253,Bertrichamps,87141424,48.4283359,6.7912343,bertrichamps
254,Bertry,87345553,50.0911265,3.4489955,bertry
255,Besançon Franche-Comté TGV,87300863,47.307361058531725,5.953195095062256,besancon franche comte tgv
256,Besançon Mouillère,87718015,47.240372,6.03391,besancon mouillere
257,Besançon Viotte,87718007,47.247019,6.022003,besancon viotte
258,Beslé,87471219,47.6988788,-1.8706374,besle
260,Bessay-sur-Allier,87696336,46.4435849,3.3606477,bessay sur allier
261,Bétaille,87594747,44.9424281,1.7344108,betaille
262,Béthune,87342006,50.52144,2.64055,bethune
263,Betton,87471045,48.1814803,-1.6344745,betton
264,Beuvrages,87343160,50.3894892,3.5061396,beuvrages
265,Beuvry lès Béthune,87342402,50.5356021,2.6924093,beuvry les bethune
267,Beynost,87723544,45.833915,5.006969,beynost
268,Béziers,87781005,43.33633,3.218873,beziers
269,Biache-Saint-Vaast,87342097,50.3162525,2.9414975,biache saint vaast
270,Biarritz,87673400,43.459397,-1.545915,biarritz
272,Bidarray Pont Noblia,87673699,43.2682991,-1.3453233,bidarray pont noblia
273,Bidos,87691949,43.17892,-0.6069,bidos
275,Biganos Facture,87582478,44.637384,-0.96621,biganos facture
276,Bigny,87576306,46.8015763,2.368638,bigny
277,Billy-Montigny,87345140,50.41556,2.91206,billy montigny
278,Biot,87757690,43.610951,7.12609,biot
279,Bischheim,87212308,48.6118352,7.7422165,bischheim
280,Bischoffsheim,87214296,48.48701,7.49772,bischoffsheim
281,Bischwiller,87213611,48.765753,7.8516536,bischwiller
282,Bitschwiller-lès-Thann,87182576,47.8273719,7.078514,bitschwiller les thann
283,Blainville - Damelevières,87141135,48.564971,6.386953,blainville damelevieres
284,Blaisy-Bas,87713073,47.3734427,4.7410755,blaisy bas
285,Blangy-sur-Bresle,87313809,49.9326071,1.6259074,blangy sur bresle
286,Blangy-sur-Ternoise,87317248,50.424669,2.1721585,blangy sur ternoise
287,Blanquefort,87581728,44.917556,-0.62392,blanquefort
288,Blanzy,87694612,46.694064,4.3913585,blanzy
289,Bléré - La Croix,87574475,47.3377228,0.9877583,blere la croix
290,Blois - Chambord,87574004,47.585445,1.323823,blois chambord
291,Blonville-sur-Mer - Benerville,87444380,49.3313919,0.0356856,blonville sur mer benerville
292,Boën-sur-Lignon,87726471,45.7413612,4.0051544,boen sur lignon
293,Bogny-sur-Meuse,87172049,49.8583117,4.7632317,bogny sur meuse
294,Bohain-en-Vermandois,87296269,49.9884143,3.4431289,bohain en vermandois
297,Bois-d'Oingt - Légny,87721787,45.9065839,4.575043,bois d oingt legny
299,Boisleux-au-Mont,87342071,50.2104665,2.771855,boisleux au mont
300,Boisseaux,87543082,48.2566238,1.9727681,boisseaux
301,Boisset,87645184,44.786038,2.2497669,boisset
304,Bollène La Croisière,87764357,44.271525,4.707908,bollene la croisiere
305,Bollwiller,87182709,47.8569694,7.2672555,bollwiller
306,Bologne,87142224,48.1986877,5.1342228,bologne
308,Bonnemain,87478065,48.4764049,-1.7654125,bonnemain
309,Bonneval,87545731,48.1862958,1.3861845,bonneval
310,Bonneville,87746339,46.077772,6.416524,bonneville
311,Bonnières-sur-Seine,87415893,49.038788,1.582205,bonnieres sur seine
312,Bons-en-Chablais,87745596,46.270046,6.366246,bons en chablais
313,Bonson,87726414,45.5221941,4.2163084,bonson
315,Bordeaux Saint-Jean,87581009,44.825873,-0.556697,bordeaux saint jean
316,Bords,87491019,45.8944625,-0.7985436,bords
317,Bornel - Belle-Église,87276717,49.19471,2.20717,bornel belle eglise
318,Bouaye,87481200,47.1380806,-1.6810992,bouaye
319,Boucau,87673095,43.5234217,-1.4905872,boucau
320,Bouchain,87345389,50.2780892,3.3319096,bouchain
321,Boucoiran-et-Nozières,87775346,43.9926943,4.187634,boucoiran et nozieres
325,Boulazac,87725473,45.172291,0.772645,boulazac
326,Boulogne Tintelleries,87317016,50.72729,1.60904,boulogne tintelleries
327,Boulogne-sur-Mer,87317586,50.7157,1.60964,boulogne sur mer
328,Boulouris sur Mer,87757534,43.4163471,6.8082519,boulouris sur mer
330,Bourbourg,87281279,50.952267,2.1942305,bourbourg
331,Bourg-Bruche,87214775,48.3598566,7.1371919,bourg bruche
332,Bourg-en-Bresse,87743005,46.200351,5.215063,bourg en bresse
333,Bourg-Madame,87784876,42.4324069,1.9486704,bourg madame
334,Bourg-Saint-Maurice,87741793,45.619036,6.771273,bourg saint maurice
335,Bourges,87576207,47.094145,2.394255,bourges
336,Bourgneuf-en-Retz,87481242,47.0469634,-1.9551942,bourgneuf en retz
337,Bourgoin-Jallieu,87723429,45.583954,5.273401,bourgoin jallieu
338,Bourgtheroulde - Thuit-Hébert,87415323,49.3174381,0.8383198,bourgtheroulde thuit hebert
339,Bournezeau,87486324,46.6518258,-1.1806169,bournezeau
341,Boussay - La Bruffière,87481176,47.0505741,-1.1828046,boussay la bruffiere
342,Boussens,87611095,43.179617,0.972543,boussens
344,Bouthéon,87726216,45.5246289,4.2777187,boutheon
346,Boves,87313213,49.8462355,2.3981165,boves
347,Bram,87615054,43.2441014,2.1191467,bram
348,Brandérion,87476242,47.7823179,-3.1940402,branderion
349,Brassac-les-Mines - Sainte-Florine,87734244,45.414246,3.330167,brassac les mines sainte florine
350,Brax - Léguevin,87611822,43.614887,1.236922,brax leguevin
351,Brazey-en-Plaine,87713644,47.1314549,5.2121276,brazey en plaine
352,Bréauté - Beuzeville,87413344,49.603396,0.417489,breaute beuzeville
353,Brebières,87345108,50.33624,3.0142,brebieres
354,Breitenbach,87182659,48.0285326,7.1040522,breitenbach
355,Brélidy - Plouëc,87473827,48.669204,-3.196269,brelidy plouec
356,Bressuire,87487249,46.8384462,-0.4963269,bressuire
357,Brest,87474007,48.38811,-4.478903,brest
358,Breteil,87471102,48.1405713,-1.8972095,breteil
359,Bretenoux - Biars,87594762,44.9273692,1.8436871,bretenoux biars
360,Breteuil,87313247,49.626389,2.3845164,breteuil
361,Bretigny - Norges,87712265,47.390044,5.1105838,bretigny norges
363,Bretoncelles,87394270,48.4326737,0.8923825,bretoncelles
364,Bretteville - Norrey,87444042,49.2034112,-0.5127396,bretteville norrey
365,Breuil - Romain,87171322,49.3084141,3.7665322,breuil romain
368,Bréval,87381624,48.94336,1.54191,breval
369,Briançon,87763607,44.889853,6.633007,briancon
370,Briare,87696088,47.6464312,2.7337154,briare
371,Brignac,87592063,45.8635812,1.4406315,brignac
372,Brignais,87722728,45.6737721,4.7636596,brignais
373,Brignoud,87747451,45.26245,5.901472,brignoud
374,Brimeux,87317180,50.4470409,1.8313826,brimeux
375,Brion - Montréal-la-Cluse,87131961,46.1757013,5.5585203,brion montreal la cluse
376,Brionne,87415364,49.1964187,0.7115304,brionne
377,Brioude,87734269,45.3006493,3.3786344,brioude
378,Briouze,87448084,48.7018622,-0.3682036,briouze
379,Brive-la-Gaillarde,87594002,45.152618,1.528655,brive la gaillarde
380,Broons,87473074,48.3332957,-2.2356578,broons
381,Brou,87394452,48.2157588,1.1606705,brou
382,Broye,87694166,46.8619444,4.2960996,broye
383,Bruges,87581736,44.8870124,-0.609445,bruges
384,Brumath,87212134,48.7331082,7.7004016,brumath
385,Brunémont,87345439,50.2783197,3.1453509,brunemont
387,Bruyères,87144154,48.204895,6.7187638,bruyeres
389,Bruz,87471037,48.0286,-1.7518088,bruz
390,Bueil,87387092,48.9253816,1.4435896,bueil
391,Bugeat,87592162,45.6005968,1.9248147,bugeat
392,Buire-sur-l'Ancre,87316067,49.9647735,2.5981885,buire sur l ancre
393,Bully - Grenay,87342105,50.44843,2.73317,bully grenay
395,Busigny,87296244,50.0397236,3.4461174,busigny
396,Bussac-Forêt,87491191,45.211928,-0.3682457,bussac foret
397,Busseau sur Creuse,87597708,46.1230257,2.0229244,busseau sur creuse
398,Bussière-Galant,87592741,45.6076224,1.0261372,bussiere galant
399,Buzy en Béarn,87672634,43.1482723,-0.4558864,buzy en bearn
400,Byans-sur-Doubs,87718122,47.1185334,5.8520589,byans sur doubs
401,Cadaujac,87582684,44.7520628,-0.5376186,cadaujac
402,Caen,87444000,49.176354,-0.347613,caen
403,Caffiers,87317321,50.8500679,1.8120345,caffiers
404,Cagnes-sur-Mer,87756320,43.65813,7.14864,cagnes sur mer
405,Cahors,87613000,44.449275,1.433325,cahors
406,Calais,87317263,50.953481,1.850819,calais
407,Calais - Fréthun,87281071,50.901221,1.810891,calais frethun
408,Callac,87473546,48.4062201,-3.419782,callac
409,Calonne-Ricouart,87342543,50.4827036,2.4812098,calonne ricouart
410,Cambo-les-Bains,87673657,43.3656242,-1.3966849,cambo les bains
411,Cambrai,87345520,50.17662,3.24118,cambrai
412,Campagnac - Saint-Geniez,87783340,44.4219559,3.0664008,campagnac saint geniez
413,Cannes,87757625,43.553839,7.019682,cannes
414,Cannes La Bocca,87757617,43.548787,6.986601,cannes la bocca
415,Cantin,87345413,50.3124545,3.121943,cantin
416,Cap-d'Ail,87756395,43.7205382,7.3943362,cap d ail
417,Capdenac,87613109,44.5782458,2.0779632,capdenac
418,Capvern,87671156,43.1033454,0.3296393,capvern
419,Carbonne,87611061,43.298206,1.212531,carbonne
420,Carcassonne,87615286,43.218029,2.351824,carcassonne
421,Carentan,87447243,49.302482,-1.244938,carentan
422,Carhaix-Plouguer,87473504,48.2780022,-3.5622173,carhaix plouguer
423,Carignan,87172353,49.6285736,5.1684754,carignan
424,Carmaux,87615625,44.048782,2.152401,carmaux
425,Carnoët - Locarn,87473561,48.3405242,-3.4908822,carnoet locarn
426,Carnoles,87756478,43.76203,7.48139,carnoles
427,Carnoules,87755371,43.2974104,6.1862531,carnoules
428,Carpentras,87765735,44.0499488,5.044141,carpentras
429,Carry-le-Rouet,87753566,43.336592,5.153594,carry le rouet
430,Casino Lacroix Laval,87208553,45.7878115,4.7309383,casino lacroix laval
431,Cassel,87281139,50.7875916,2.4599722,cassel
432,Cassis,87751776,43.23406,5.553055,cassis
433,Castelnau-d'Estrétefonds,87611665,43.786196,1.341761,castelnau d estretefonds
434,Castelnaudary,87615039,43.312292,1.95039,castelnaudary
435,Castelsarrasin,87611897,44.0403503,1.1143954,castelsarrasin
436,Castillon-la-Bataille,87584136,44.856999,-0.04066,castillon la bataille
437,Castres,87615468,43.599131,2.231223,castres
438,Cattenières,87345587,50.1280738,3.3337877,cattenieres
439,Caudéran Mérignac,87581538,44.84288,-0.6274337,cauderan merignac
440,Caudrot,87582841,44.5801152,-0.1452784,caudrot
441,Caudry,87345561,50.11146,3.40983,caudry
442,Caulnes,87473066,48.2844264,-2.155593,caulnes
443,Caussade,87613356,44.1622668,1.5336541,caussade
444,Cavaillon,87765503,43.834554,5.043613,cavaillon
445,Cavignac,87491217,45.105163,-0.382243,cavignac
446,Cazères,87611079,43.212834,1.083106,cazeres
447,Ceilhes - Roqueredonde,87781542,43.8122656,3.1551583,ceilhes roqueredonde
448,Cenon,87581595,44.8563465,-0.5336487,cenon
449,Cerbère,87785006,42.4417732,3.1634033,cerbere
450,Cercottes,87543033,47.9861553,1.8849813,cercottes
451,Cercy-la-Tour,87696492,46.8578816,3.6452029,cercy la tour
455,Cerizay,87487280,46.8176878,-0.6689931,cerizay
456,Cernay (Haut-Rhin),87182410,47.802,7.1737,cernay haut rhin
458,Cérons,87582742,44.632346,-0.340526,cerons
459,Cessieu,87723452,45.5611596,5.3761179,cessieu
461,Cesson-Sévigné,87334490,48.11281,-1.60211,cesson sevigne
462,Ceyzériat,87743302,46.1834877,5.3258417,ceyzeriat
463,Chabenet,87597112,46.6265259,1.5076773,chabenet
464,Châbons,87747212,45.4383566,5.4281009,chabons
465,Chabris,87576223,47.2549836,1.6459424,chabris
466,Chagny,87713578,46.907269,4.749682,chagny
467,Chaingy Fourneaux Plage,87574111,47.8770705,1.782422,chaingy fourneaux plage
468,Chalais,87583690,45.2708327,0.0435966,chalais
469,Challans,87481390,46.843962,-1.871879,challans
470,Chalon-sur-Saône,87725002,46.781612,4.843454,chalon sur saone
471,Chalonnes-sur-Loire,87484204,47.34306,-0.74306,chalonnes sur loire
472,Châlons-en-Champagne,87174003,48.955252,4.348656,chalons en champagne
473,Chamalières-sur-Loire,87734731,45.2047385,3.9909202,chamalieres sur loire
475,Chambéry - Challes-les-Eaux,87741009,45.571302,5.919547,chambery challes les eaux
476,Chambly,87276725,49.16362,2.24048,chambly
477,Chamborigaud,87775221,44.3002429,3.9793332,chamborigaud
478,Chambourg-sur-Indre,87571463,47.1821629,0.9648363,chambourg sur indre
479,Chamelet,87721829,45.9816414,4.5069346,chamelet
480,Chamonix Aiguille du Midi,87462085,45.91993,6.8667152,chamonix aiguille du midi
481,Chamonix-Mont-Blanc,87746784,45.92277,6.87363,chamonix mont blanc
482,Chamousset,87741231,45.5575744,6.2067432,chamousset
485,Champagné,87396275,48.0197118,0.3352253,champagne
486,Champagne-Ardenne TGV,87171926,49.214806,3.994632,champagne ardenne tgv
488,Champagne-sur-Seine,87682450,48.406531,2.799184,champagne sur seine
489,Champagney,87185348,47.7031399,6.7012773,champagney
490,Champagnole,87715326,46.7492981,5.9100314,champagnole
491,Champagnole Paul-Émile Victor,87352047,46.742483,5.9198128,champagnole paul emile victor
493,Champigneulles,87141085,48.73499,6.16913,champigneulles
494,Champigny sur Yonne,87683128,48.3237418,3.1305718,champigny sur yonne
496,Champs - Saint-Bris,87683615,47.7388182,3.6034756,champs saint bris
497,Champtocé-sur-Loire,87484352,47.4102457,-0.8685747,champtoce sur loire
498,Chanac,87783530,44.4739786,3.3454117,chanac
501,Chantenay,87481051,47.1971227,-1.5943634,chantenay
502,Chantenay-Saint-Imbert,87696302,46.7283203,3.1720842,chantenay saint imbert
503,Chantilly - Gouvieux,87276113,49.18724,2.45979,chantilly gouvieux
504,Chantonnay,87486332,46.6898472,-1.0544144,chantonnay
505,Chapeauroux,87734343,44.8380008,3.741923,chapeauroux
506,Chaponost,87722710,45.6984889,4.7643014,chaponost
508,Charbonnières-les-Bains,87721530,45.782142,4.735912,charbonnieres les bains
509,Charleville-Mézières,87172007,49.767915,4.724952,charleville mezieres
510,Charmes,87144055,48.378483,6.301537,charmes
512,Chartres,87394007,48.4482023,1.4813128,chartres
514,Chasse-sur-Rhône,87722561,45.58237,4.794843,chasse sur rhone
515,Chasseneuil-du-Poitou,87575225,46.6517702,0.3730275,chasseneuil du poitou
516,Chasseradès,87775148,44.5539847,3.8399319,chasserades
517,Château-Arnoux-Saint-Auban,87751230,44.0615651,5.9973734,chateau arnoux saint auban
518,Château-du-Loir,87396606,47.683392,0.414912,chateau du loir
519,Château-Gaillard,87543066,48.1416904,1.9128148,chateau gaillard
520,Château-l'Évêque,87595165,45.2445887,0.6882106,chateau l eveque
521,Château-Renault,87574665,47.5877961,0.9015238,chateau renault
522,Château-Thierry,87116582,49.038224,3.409514,chateau thierry
523,Châteaubourg,87471524,48.106361,-1.405159,chateaubourg
524,Châteaubriant,87590372,47.7175212,-1.3715152,chateaubriant
525,Châteaudun,87545756,48.073463,1.338133,chateaudun
526,Châteaulin,87474064,48.2016033,-4.094308,chateaulin
527,Châteauneuf - Bujaleuf,87592105,45.759316,1.6453027,chateauneuf bujaleuf
528,Châteauneuf-sur-Charente,87491506,45.599836,-0.0502,chateauneuf sur charente
529,Châteauneuf-sur-Cher,87576298,46.8568144,2.3103826,chateauneuf sur cher
530,Châteauroux,87597005,46.809737,1.699536,chateauroux
531,Châtel - Nomexy,87144071,48.307156,6.387807,chatel nomexy
532,Châtel-Censoir,87696856,47.5377695,3.6350455,chatel censoir
533,Châtelaillon-Plage,87485110,46.0783303,-1.0908909,chatelaillon plage
534,Châtelaudren - Plouagat,87473140,48.5332189,-2.9746782,chatelaudren plouagat
535,Châtellerault,87575142,46.818594,0.549279,chatellerault
536,Châtillon d'Azergues,87721753,45.8751815,4.6451164,chatillon d azergues
537,Chauffailles,87694778,46.2074552,4.3454278,chauffailles
538,Chaugey,87712679,47.0872036,5.2551914,chaugey
539,Chaulnes,87313478,49.8076201,2.8011421,chaulnes
540,Chaumont,87142000,48.10976,5.1346,chaumont
542,Chauny,87296616,49.61119,3.22354,chauny
543,Chaux-des-Crotenay,87715383,46.6545926,5.9438595,chaux des crotenay
547,Chazay - Marcilly,87721415,45.8729618,4.7252221,chazay marcilly
548,Chedde,87746701,45.9263464,6.7197662,chedde
549,Cheilly-lès-Maranges,87694398,46.8924768,4.6758424,cheilly les maranges
551,Chemillé-en-Anjou,87484246,47.217748,-0.731989,chemille en anjou
552,Chemilly - Appoigny,87683532,47.8972366,3.5543936,chemilly appoigny
554,Chenevières,87141382,48.5195062,6.6325613,chenevieres
555,Chenonceaux,87574491,47.330554,1.0661,chenonceaux
556,Cherbourg-en-Cotentin,87444877,49.633505,-1.621515,cherbourg en cotentin
557,Chessy,87721761,45.885545,4.6222625,chessy
558,Chevaigné,87471458,48.2089042,-1.6307622,chevaigne
559,Chevillon,87175117,48.5245505,5.1117843,chevillon
560,Chevilly,87543041,48.0266215,1.8793013,chevilly
561,Chevrières,87276311,49.3373064,2.6828025,chevrieres
564,Chindrieux,87741116,45.8034376,5.8468876,chindrieux
565,Chinon,87571687,47.163047,0.251538,chinon
566,Chirac,87783290,44.5246607,3.2638181,chirac
567,Chissay-en-Touraine,87574848,47.3349004,1.1333044,chissay en touraine
568,Chocques,87342220,50.5382038,2.564749,chocques
570,Cholet,87484303,47.065698,-0.869583,cholet
571,Chorges,87763425,44.5458415,6.2718887,chorges
572,Chouzy-sur-Cisse,87574301,47.5203249,1.247846,chouzy sur cisse
573,Cinq-Mars-la-Pile,87571836,47.3452264,0.4604878,cinq mars la pile
574,Cintegabelle,87611376,43.3054202,1.5204268,cintegabelle
575,Cires-lès-Mello,87313551,49.2717956,2.3601903,cires les mello
576,Ciry-le-Noble,87694646,46.6040913,4.2997146,ciry le noble
577,Civrieux-d'Azergues,87721746,45.8591831,4.7182413,civrieux d azergues
578,Cize - Bolozon,87743344,46.2134803,5.4540677,cize bolozon
579,Clacy - Mons,87296178,49.5439229,3.5766816,clacy mons
581,Clamecy,87696807,47.4666984,3.5207672,clamecy
582,Clelles - Mens,87747626,44.8272443,5.6050622,clelles mens
583,Clères,87411819,49.598964,1.106184,cleres
584,Clermont de l'Oise,87313304,49.38531,2.41767,clermont de l oise
585,Clermont La Pardieu,87782607,45.766947,3.134163,clermont la pardieu
586,Clermont La Rotonde,87396895,45.7680954,3.0909704,clermont la rotonde
587,Clermont-Ferrand,87734004,45.778945,3.100543,clermont ferrand
588,Clerval,87184622,47.3966577,6.4920574,clerval
590,Clisson,87481440,47.086142,-1.286172,clisson
591,Cloyes-sur-le-Loir,87574509,47.9921032,1.2433542,cloyes sur le loir
592,Cluses,87746370,46.061447,6.582663,cluses
593,Coarraze - Nay,87672139,43.1818351,-0.2416429,coarraze nay
594,Coat Guégan,87473579,48.4803156,-3.2738023,coat guegan
595,Cognac,87491449,45.684682,-0.326112,cognac
597,Collioure,87784256,42.5269437,3.0782319,collioure
598,Collonges - Fontaines,87721225,45.8291102,4.8466136,collonges fontaines
599,Collonges-lès-Premières,87713321,47.2212533,5.2653478,collonges les premieres
600,Colmar,87182014,48.073201,7.346967,colmar
601,Colmar Mésanges,87402297,48.0860048,7.3336703,colmar mesanges
602,Colmar Saint-Joseph,87181222,48.0816399,7.3453397,colmar saint joseph
604,Colombier-Fontaine,87184556,47.4554849,6.6890071,colombier fontaine
605,Colomiers,87611467,43.603734,1.334221,colomiers
606,Colomiers Lycée International,87611921,43.6163055,1.3141157,colomiers lycee international
607,Combourg,87478057,48.41609,-1.72792,combourg
609,Commentry,87641415,46.295102,2.739949,commentry
610,Commercy,87175257,48.765749,5.58861,commercy
612,Compiègne,87276691,49.422005,2.823679,compiegne
613,Conches-en-Ouche,87387159,48.9623603,0.9378895,conches en ouche
614,Condat - Le Lardin,87594382,45.1267128,1.2267493,condat le lardin
615,Condé-sur-Huisne,87394288,48.3834826,0.8487023,conde sur huisne
616,Conflans - Jarny,87192666,49.1662895,5.8681853,conflans jarny
619,Conlie,87396218,48.1272909,-0.0113736,conlie
620,Connerré - Beillé,87396309,48.0735,0.48687,connerre beille
621,Contrexéville,87144287,48.1796129,5.890633,contrexeville
622,Corbehem,87345116,50.3428545,3.0405375,corbehem
624,Corbie,87313056,49.9116183,2.4996846,corbie
625,Corbigny,87696617,47.254807,3.6773226,corbigny
626,Corcy,87272286,49.2550929,3.2157221,corcy
627,Cordemais,87481820,47.3021502,-1.8466771,cordemais
628,Cordes - Vindrac,87613802,44.067189,1.900229,cordes vindrac
629,Corgoloin,87713537,47.0841982,4.9171231,corgoloin
631,Cormery,87571430,47.26254,0.833953,cormery
632,Cornil,87594481,45.2151758,1.6978482,cornil
633,Coron de Méricourt,87345132,50.4150048,2.8854084,coron de mericourt
634,Corps-Nuds,87471326,47.9851669,-1.5754724,corps nuds
635,Corrèze,87594119,45.3294801,1.8810793,correze
636,Corseul - Languenan,87478180,48.4960574,-2.1414331,corseul languenan
637,Cosne-Cours-sur-Loire,87696146,47.413996,2.931981,cosne cours sur loire
638,Coucy-lès-Eppes,87171769,49.556282,3.7748209,coucy les eppes
639,Coudekerque-Branche,87281402,51.0177069,2.3751425,coudekerque branche
640,Couëron,87481804,47.2220412,-1.7235014,coueron
641,Couffoulens - Leuc,87615120,43.1555365,2.3161754,couffoulens leuc
643,Coulanges-sur-Yonne,87696831,47.5270546,3.5472388,coulanges sur yonne
646,Courcay - Tauxigny,87571448,47.2377076,0.867867,courcay tauxigny
647,Courcelles-le-Comte,87342063,50.1694124,2.7880351,courcelles le comte
648,Courcelles-sur-Nied,87192211,49.0634035,6.3109926,courcelles sur nied
649,Courcy - Brimont,87171710,49.3296003,4.0134623,courcy brimont
650,Coursan,87781161,43.23369,3.0510465,coursan
651,Courtalain - Saint-Pellerin,87394494,48.0735988,1.1270043,courtalain saint pellerin
652,Courthézon,87765180,44.0899478,4.8881802,courthezon
653,Courville-sur-Eure,87394221,48.451236,1.234836,courville sur eure
654,Cousance,87718270,46.5353569,5.3868216,cousance
655,Coutances,87447110,49.042928,-1.441726,coutances
656,Coutras,87584516,45.03661,-0.13169,coutras
657,Couzon-au-Mont-d'Or,87721241,45.8486737,4.8294786,couzon au mont d or
658,Cramoisy,87313544,49.256625,2.40489,cramoisy
659,Cransac,87613232,44.522951,2.2718666,cransac
660,Cravant - Bazarnes,87683649,47.6785079,3.6811741,cravant bazarnes
661,Crêches-sur-Saône,87725713,46.2461762,4.7840233,creches sur saone
663,Creil,87276006,49.263757,2.4692439,creil
664,Crépieux la Pape,87723502,45.8038348,4.8922918,crepieux la pape
665,Crépy - Couvron,87296152,49.6233401,3.5167165,crepy couvron
666,Crépy-en-Valois,87271593,49.231235,2.8864694,crepy en valois
667,Crest,87761783,44.7301546,5.0160968,crest
669,Croix - Wasquehal,87286716,50.6785574,3.1380315,croix wasquehal
670,Croix du Prince,87672600,43.2857104,-0.3791261,croix du prince
671,Croix L'Allumette,87281055,50.6872009,3.1516591,croix l allumette
672,Croix Sainte,87753491,43.4088317,5.0196445,croix sainte
673,Cros de Cagnes,87756338,43.660465,7.167111,cros de cagnes
674,Crouy,87271874,49.4037093,3.3569138,crouy
676,Cubzac-les-Ponts,87491266,44.9729407,-0.4590937,cubzac les ponts
677,Cuers - Pierrefeu,87755355,43.2364281,6.0856855,cuers pierrefeu
678,Cugand,87481457,47.0582602,-1.253301,cugand
679,Cuinchy,87342410,50.5219693,2.7473533,cuinchy
680,Culmont - Chalindrey,87142125,47.8100902,5.4432217,culmont chalindrey
681,Culoz,87741074,45.843264,5.778784,culoz
682,Dachstein,87214551,48.5428546,7.5330038,dachstein
683,Dambach-la-Ville,87214213,48.3216345,7.4355565,dambach la ville
684,Damiatte - Saint-Paul,87615484,43.6566194,1.9733585,damiatte saint paul
685,Dammartin - Juilly - Saint-Mard,87271536,49.03219,2.69887,dammartin juilly saint mard
686,Dangé-Saint-Romain,87575126,46.9378397,0.6087754,dange saint romain
687,Danjoutin,87700146,47.6175,6.86919,danjoutin
688,Dannemarie,87182253,47.6275771,7.124907,dannemarie
689,Dannemarie - Velesmes,87718312,47.2038599,5.8738348,dannemarie velesmes
690,Dannes - Camiers,87317081,50.5759062,1.614825,dannes camiers
691,Daours,87315044,49.899267,2.4590533,daours
692,Dardilly Le Jubin,87721449,45.815143,4.7613451,dardilly le jubin
693,Dardilly Les Mouilles,87721480,45.7967409,4.7600288,dardilly les mouilles
694,Darsac,87734673,45.14211,3.7365537,darsac
695,Dax,87673202,43.720472,-1.050301,dax
696,Decize,87696484,46.837362,3.467274,decize
697,Dégagnac,87613174,44.6534974,1.3400861,degagnac
698,Delle,87184440,47.50593,7.00962,delle
699,Deluz,87718429,47.2925132,6.199733,deluz
700,Denain,87343459,50.3345415,3.388699,denain
701,Dettwiller,87212183,48.7518969,7.4652459,dettwiller
703,Deville,87172064,49.8796028,4.7072062,deville
704,Die,87761841,44.7582549,5.3632053,die
705,Diemeringen,87215665,48.9405,7.18529,diemeringen
706,Dieppe,87415018,49.921788,1.081133,dieppe
707,Dieulouard,87141812,48.843367,6.071489,dieulouard
708,Dieupentale,87611681,43.8654687,1.2760011,dieupentale
709,Digoin,87694695,46.4851604,3.9876537,digoin
710,Dijon,87713040,47.32337,5.027208,dijon
711,Dijon Porte Neuve,87713008,47.322806,5.054872,dijon porte neuve
712,Dinan,87478164,48.456764,-2.053542,dinan
713,Dingé,87478040,48.3507382,-1.6859729,dinge
714,Dirinon,87474015,48.3926343,-4.2855034,dirinon
715,Dissay,87575191,46.703544,0.4210161,dissay
716,Dives-sur-Mer - Cabourg,87444414,49.2864776,-0.1074996,dives sur mer cabourg
717,Dives-sur-Mer Port Guillaume,87337378,49.2910882,-0.1008455,dives sur mer port guillaume
718,Dol-de-Bretagne,87478073,48.54425,-1.750536,dol de bretagne
719,Dole,87713412,47.096084,5.488105,dole
720,Dombasle-sur-Meurthe,87141119,48.623275,6.343478,dombasle sur meurthe
721,Domblans - Voiteur,87718213,46.7627809,5.5977462,domblans voiteur
722,Domfront-en-Champagne,87396200,48.1076766,0.0262592,domfront en champagne
723,Dommartin - Lissieu,87721738,45.8397811,4.7344831,dommartin lissieu
724,Dommartin - Remiencourt,87316109,49.7996523,2.3926625,dommartin remiencourt
726,Dompierre Sept Fons,87696427,46.5263166,3.6749309,dompierre sept fons
727,Dompierre-sur-Helpe,87295774,50.146144,3.871144,dompierre sur helpe
728,Don - Sainghin,87286435,50.55176,2.91458,don sainghin
729,Donchery,87172239,49.6981267,4.8747529,donchery
730,Donges,87481721,47.3151,-2.07236,donges
731,Donjeux,87142273,48.3658544,5.1482245,donjeux
732,Donzère,87764290,44.4433646,4.7046262,donzere
734,Dorlisheim,87214338,48.5249915,7.4930546,dorlisheim
735,Dormans,87171512,49.0791611,3.641709,dormans
736,Douai,87345009,50.371677,3.089986,douai
737,Dourdan,87545525,48.533466,2.009643,dourdan
739,Dourges,87345165,50.43192,2.98697,dourges
741,Drap - Cantaron,87756775,43.7599599,7.3168739,drap cantaron
742,Drefféac,87476770,47.4817568,-2.0503661,dreffeac
743,Dreuil-lès-Amiens,87316075,49.91444,2.23091,dreuil les amiens
744,Dreux,87393488,48.7314561,1.3701604,dreux
745,Drusenheim,87212357,48.7659128,7.9478463,drusenheim
746,Druye,87571612,47.3070191,0.5354805,druye
748,Dunkerque,87281006,51.03047,2.368961,dunkerque
749,Duppigheim,87214536,48.5439674,7.5868091,duppigheim
750,Durtol - Nohanent,87641449,45.7947707,3.048557,durtol nohanent
751,Duttlenheim,87214544,48.5453531,7.5661529,duttlenheim
752,Ebblinghem,87281469,50.7306459,2.409148,ebblinghem
753,Ebersheim,87214106,48.3099953,7.494471,ebersheim
754,Échirolles,87725895,45.153022,5.718943,echirolles
755,École-Valentin,87710731,47.2749834,5.9944745,ecole valentin
756,Écommoy,87396564,47.8246286,0.2691867,ecommoy
758,Ecully - Tassin,87721506,45.7657162,4.7795238,ecully tassin
759,Égletons,87594168,45.4023816,2.0651243,egletons
761,Éguzon-Chantôme,87597153,46.4397694,1.5521707,eguzon chantome
762,Eichhoffen,87214239,48.3824829,7.4495524,eichhoffen
763,Einvaux,87141200,48.5034859,6.3932959,einvaux
764,Elbeuf - Saint-Aubin,87411173,49.302766,1.00993,elbeuf saint aubin
765,Elne,87784207,42.5971138,2.9635851,elne
766,Éloyes,87144436,48.087067,6.6001593,eloyes
767,Embrun,87763466,44.567008,6.496773,embrun
770,Ennevelin,87287276,50.5492981,3.1586612,ennevelin
771,Entraigues-sur-la-Sorgue,87765826,44.0054278,4.9226971,entraigues sur la sorgue
772,Entzheim Aéroport,87214528,48.54699,7.62794,entzheim aeroport
773,Épanvilliers,87575357,46.2254951,0.2357576,epanvilliers
774,Épernay,87171553,49.046289,3.959798,epernay
775,Épernon,87394114,48.6052471,1.6812578,epernon
776,Epfig,87214221,48.3637643,7.4504053,epfig
777,Épierre - Saint-Léger,87741280,45.457027,6.292521,epierre saint leger
778,Épinal,87144006,48.178005,6.441787,epinal
787,Erdre Active,87590356,47.282902,-1.544552,erdre active
790,Erstein,87214148,48.4229857,7.6387869,erstein
792,Escalquens,87611707,43.5170958,1.5422774,escalquens
793,Escaudœuvres,87345496,50.1918249,3.2754949,escaud uvres
794,Esches,87272096,49.2125205,2.1708125,esches
795,Esquelbecq,87281113,50.8894369,2.4121536,esquelbecq
797,Estrées-Saint-Denis,87313387,49.4382161,2.642402,estrees saint denis
798,Estressin,87722579,45.540285,4.868273,estressin
799,Esvres sur Indre,87571422,47.2841016,0.7816519,esvres sur indre
800,Étain,87175794,49.2074907,5.6398079,etain
801,Étainhus - Saint-Romain,87413328,49.5612151,0.3310234,etainhus saint romain
802,Étalans,87718536,47.155884,6.2706173,etalans
803,Étampes,87545137,48.436661,2.159468,etampes
804,Étang-sur-Arroux,87694141,46.8679082,4.1838415,etang sur arroux
805,Étaples - Le Touquet,87317065,50.51686,1.64231,etaples le touquet
806,Étigny - Véron,87683201,48.1386835,3.2904186,etigny veron
807,Étival-Clairefontaine,87144642,48.3671987,6.8769607,etival clairefontaine
809,Étriché - Châteauneuf,87484154,47.6567082,-0.4608993,etriche chateauneuf
810,Eu,87317537,50.0541988,1.416837,eu
811,Évian-les-Bains,87745679,46.397915,6.577457,evian les bains
812,Évreux Normandie,87387001,49.018748,1.149629,evreux normandie
813,Évron,87478552,48.155501,-0.397338,evron
816,Eymoutiers Vassivière,87592121,45.7397876,1.7412237,eymoutiers vassiviere
817,Èze,87756387,43.7221842,7.3568031,eze
818,Farbus,87342527,50.357641,2.8310408,farbus
819,Farébersviller,87193516,49.1181603,6.8618926,farebersviller
821,Farschviller,87193524,49.0878773,6.9080815,farschviller
822,Faubourg d'Orléans,87576173,47.3669948,1.7403794,faubourg d orleans
823,Faulquemont,87193359,49.0453391,6.6039774,faulquemont
824,Fécamp,87413542,49.759277,0.375287,fecamp
825,Fegersheim - Lipsheim,87212266,48.4905892,7.6724806,fegersheim lipsheim
826,Fellering,87182626,47.8975893,6.9871347,fellering
827,Fépin,87172874,50.0234644,4.7266156,fepin
829,Feuquières - Broquiers,87313742,49.6545751,1.8305169,feuquieres broquiers
830,Feurs,87726877,45.744156,4.230573,feurs
831,Feyzin,87722538,45.6658584,4.8531349,feyzin
832,Figeac,87613091,44.603515,2.037355,figeac
833,Firminy,87726729,45.391625,4.28643,firminy
834,Fismes,87171330,49.310665,3.68213,fismes
835,Flavy-le-Martel,87296871,49.7187375,3.1905076,flavy le martel
836,Flaxlanden,87181040,47.6986924,7.3044703,flaxlanden
837,Flers,87448001,48.744785,-0.573216,flers
838,Fleurieux-sur-l'Arbresle,87721563,45.8449944,4.6603815,fleurieux sur l arbresle
839,Fleurville - Pont-de-Vaux,87725663,46.4509279,4.8840722,fleurville pont de vaux
840,Flez-Cuzy - Tannay,87696633,47.3630583,3.6149926,flez cuzy tannay
841,Foëcy,87576108,47.1756905,2.1625062,foecy
842,Foix,87611616,42.969746,1.607147,foix
843,Folligny,87447649,48.8299461,-1.4072231,folligny
844,Fons - Saint-Mamert,87775379,43.9073195,4.2066687,fons saint mamert
845,Font-Romeu-Odeillo-Via,87784819,42.4912317,2.0383917,font romeu odeillo via
848,Fontaines - Mercurey,87713586,46.8512109,4.7750693,fontaines mercurey
850,Fontenoy-sur-Moselle,87141051,48.711721,5.9803654,fontenoy sur moselle
851,Fontpédrouse,87784769,42.5138062,2.1886585,fontpedrouse
852,Forbach,87193003,49.1892278,6.9013184,forbach
853,Formerie,87313833,49.6542178,1.7229081,formerie
854,Fors,87485326,46.2345203,-0.4069449,fors
855,Fos-sur-Mer,87753442,43.428029,4.974579,fos sur mer
856,Foucart - Alvimare,87413377,49.608289,0.5969601,foucart alvimare
857,Fouday,87214734,48.4248874,7.1874246,fouday
858,Foug,87141036,48.6792561,5.7912761,foug
859,Fougeray - Langon,87471201,47.7297956,-1.8510921,fougeray langon
860,Fougeré,87486316,46.6653044,-1.2319718,fougere
861,Fouilloy,87313841,49.7366368,1.8260404,fouilloy
862,Fouquereuil,87342204,50.5255091,2.6074449,fouquereuil
863,Fourchambault,87696229,47.0189684,3.0873673,fourchambault
864,Fourmies,87295048,50.01541,4.05357,fourmies
866,Fraisses - Unieux,87726737,45.3948228,4.2610375,fraisses unieux
867,Franchet d'Esperey,87417444,49.2425356,4.013869,franchet d esperey
868,Francheville,87722702,45.7336473,4.7693729,francheville
870,Franois,87718304,47.2273609,5.937498,franois
871,Frasne,87715136,46.857596,6.157767,frasne
873,Fréjus,87757500,43.432032,6.732941,frejus
874,Frénouville - Cagny,87444182,49.1411192,-0.2603256,frenouville cagny
876,Fresnoy-le-Grand,87296293,49.9501964,3.43268,fresnoy le grand
877,Fréteval - Morée,87574533,47.8919172,1.211813,freteval moree
878,Fretin,87286641,50.5599254,3.1495133,fretin
879,Frévin-Capelle,87342212,50.3473177,2.6338262,frevin capelle
880,Fromental,87592360,46.1715646,1.4324317,fromental
881,Froncles Buxières,87142240,48.29674,5.14156,froncles buxieres
882,Frontenex,87741629,45.6305461,6.3140556,frontenex
883,Frontignan,87773556,43.444934,3.758689,frontignan
884,Frouard,87141077,48.75545,6.14411,frouard
885,Frynaudour,87473876,48.7275919,-3.1284527,frynaudour
886,Fumay,87172098,49.986048,4.6926,fumay
887,Futuroscope,87324095,46.669918,0.377209,futuroscope
888,Gadagne,87765446,43.9296817,4.9568087,gadagne
890,Gaillac,87615252,43.905969,1.894855,gaillac
891,Gaillon - Aubevoye,87415620,49.174626,1.352461,gaillon aubevoye
892,Gallargues-le-Montueux,87775130,43.716229,4.1715027,gallargues le montueux
893,Gallieni Cancéropôle,87497461,43.5730877,1.4195801,gallieni canceropole
894,Galuzot,87694638,46.6421069,4.3300578,galuzot
895,Gambsheim,87212332,48.6948699,7.8791884,gambsheim
896,Gan,87672618,43.2335932,-0.391462,gan
897,Gandrange - Amnéville,87191742,49.2608222,6.1358897,gandrange amneville
898,Gannat,87732404,46.0975964,3.2047514,gannat
899,Gannes,87313262,49.5723315,2.4370074,gannes
900,Gap,87763003,44.563693,6.085638,gap
903,Garchizy,87691436,47.0429987,3.0858769,garchizy
904,Gardanne,87751420,43.455992,5.463332,gardanne
905,Gardonne,87584235,44.8347538,0.3319427,gardonne
909,Gauriaguet,87491225,45.0542936,-0.3992689,gauriaguet
910,Gazeran,87393348,48.6259183,1.7718857,gazeran
911,Gazinet Cestas,87582403,44.772218,-0.69949,gazinet cestas
912,Geispolsheim,87212258,48.5190515,7.6843578,geispolsheim
913,Gemeaux,87713842,47.478542,5.1293074,gemeaux
914,Génelard,87694653,46.5812177,4.2379965,genelard
915,Générac,87775791,43.7324379,4.3434742,generac
916,Genlis,87713313,47.244579,5.223406,genlis
918,Génolhac,87775213,44.3471626,3.9516407,genolhac
919,Germaine,87171587,49.1277634,4.0228976,germaine
920,Gertwiller,87214254,48.4133621,7.4663166,gertwiller
921,Gerzat,87734046,45.8335879,3.1431045,gerzat
922,Gestel,87476309,47.8029905,-3.4431341,gestel
923,Gevrey-Chambertin,87713503,47.2274694,4.999058,gevrey chambertin
924,Gien,87684290,47.699088,2.636205,gien
925,Gièvres,87576876,47.2787925,1.6678267,gievres
926,Gignac - Cressensac,87594325,45.0146074,1.4831648,gignac cressensac
927,Gilley,87718577,47.0500626,6.4925676,gilley
928,Gilly-sur-Loire,87694869,46.5370137,3.7821607,gilly sur loire
929,Gimont Cahuzac,87611772,43.6330525,0.8676246,gimont cahuzac
930,Gironde-sur-Dropt,87582858,44.583292,-0.0920127,gironde sur dropt
932,Givet,87172130,50.14025067,4.81798595,givet
933,Givors,87722405,45.584948,4.766086,givors
934,Givors Canal,87722439,45.5957662,4.7725754,givors canal
935,Golfe Juan Vallauris,87757641,43.566501,7.073578,golfe juan vallauris
936,Goncelin,87747477,45.341941,5.974136,goncelin
937,Gonfaron,87755397,43.3171516,6.2817644,gonfaron
938,Gorges,87481432,47.1001487,-1.3058778,gorges
939,Gourdon,87613141,44.7419445,1.389237,gourdon
940,Gourland,87473801,48.5609981,-3.1668191,gourland
943,Goxwiller,87214270,48.4327551,7.4787296,goxwiller
944,Graffenstaden,87212241,48.5324375,7.6897861,graffenstaden
945,Graffenwald,87181131,47.7808232,7.2247908,graffenwald
946,Gragnague,87615377,43.696179,1.567731,gragnague
947,Gramat,87613059,44.7734284,1.7223028,gramat
949,Grand-Combe la Pise,87775254,44.2098159,4.0329591,grand combe la pise
950,Grande-Synthe,87281311,51.0026884,2.3133547,grande synthe
951,Grandvillars,87184432,47.53763,6.9785,grandvillars
952,Grandvilliers,87313734,49.6593779,1.9384836,grandvilliers
953,Granville,87447680,48.838456,-1.587757,granville
954,Grasse,87757724,43.653317,6.925524,grasse
955,Gravelines,87281246,50.978736,2.1232852,gravelines
957,Grenoble,87747006,45.191493,5.714584,grenoble
958,Grenoble Universités - Gières,87747402,45.184877,5.78474,grenoble universites gieres
959,Gresswiller,87214593,48.53334,7.42468,gresswiller
960,Grésy-sur-Aix,87746107,45.7245161,5.9221751,gresy sur aix
961,Grésy-sur-Isère,87741611,45.594432,6.2588584,gresy sur isere
964,Grigny le Sablon,87722298,45.6072601,4.796144,grigny le sablon
965,Grisolles,87611673,43.8269619,1.3023292,grisolles
966,Groisy - Thorens-Glières,87746248,46.0111205,6.17568,groisy thorens glieres
970,Guéret,87597609,46.1741863,1.8793855,gueret
971,Guéthary,87673459,43.4253491,-1.6098615,guethary
972,Guichen - Bourg-des-Comptes,87471151,47.9350963,-1.7601845,guichen bourg des comptes
973,Guignicourt,87171736,49.434862,3.961334,guignicourt
974,Guillerval,87545129,48.3744455,2.0598748,guillerval
975,Guimiliau,87474296,48.4852675,-3.9996163,guimiliau
976,Guingamp,87473207,48.555659,-3.143343,guingamp
977,Gujan-Mestras,87582619,44.640454,-1.06906,gujan mestras
978,Gundershoffen,87213223,48.905261,7.6535345,gundershoffen
979,Gunsbach - Griesbach,87182386,48.0414908,7.1748407,gunsbach griesbach
980,Habsheim,87182089,47.737691,7.417979,habsheim
981,Hachette,87297523,50.1582852,3.7434526,hachette
982,Hagondange,87191114,49.25356,6.16448,hagondange
983,Haguenau,87213058,48.8134498,7.7827255,haguenau
984,Halsou - Larressore,87673640,43.3781301,-1.4279003,halsou larressore
985,Haluchère Batignolles,87590331,47.249142,-1.5224436,haluchere batignolles
986,Ham,87313494,49.73985,3.07052,ham
987,Ham-en-Artois,87342261,50.5900401,2.4657764,ham en artois
988,Hangest-sur-Somme,87313114,49.9822011,2.0661412,hangest sur somme
989,Harfleur,87413302,49.5136336,0.1989828,harfleur
990,Hargicourt - Pierrepont,87313338,49.7138593,2.5317673,hargicourt pierrepont
991,Hatrize,87192724,49.1934741,5.9071141,hatrize
992,Haubourdin,87286096,50.6070495,2.990153,haubourdin
994,Haute Picardie TGV,87313882,49.859182,2.8319,haute picardie tgv
995,Hautmont,87295568,50.25398,3.91522,hautmont
996,Hayange,87191239,49.33053,6.07245,hayange
997,Haybes,87172106,50.0116888,4.7045378,haybes
998,Hazebrouck,87286302,50.72501,2.54129,hazebrouck
999,Heiligenberg - Mollkirch,87214627,48.5273135,7.381426,heiligenberg mollkirch
1000,Heilles - Mouchy,87316398,49.340531,2.2725858,heilles mouchy
1001,Heilly,87316059,49.9435191,2.5396593,heilly
1002,Hellemmes,87286062,50.6226402,3.1149328,hellemmes
1003,Hendaye,87677005,43.353132,-1.781724,hendaye
1004,Hénin-Beaumont,87345157,50.41706,2.95211,henin beaumont
1005,Hennebont,87476259,47.7990019,-3.2857467,hennebont
1007,Herchies,87313692,49.4879546,2.0109273,herchies
1008,Héricourt,87184507,47.5729701,6.7691977,hericourt
1010,Hermes - Berthecourt,87313585,49.3544055,2.2416554,hermes berthecourt
1011,Herny,87193383,49.0036084,6.4769285,herny
1012,Herrlisheim,87212340,48.7279056,7.9102594,herrlisheim
1013,Herrlisheim-près-Colmar,87182329,48.0166417,7.3206381,herrlisheim pres colmar
1014,Hesdigneul-lès-Boulogne,87317107,50.6609475,1.6669967,hesdigneul les boulogne
1015,Hesdin,87317222,50.378286,2.0351881,hesdin
1016,Hettange-Grande,87191163,49.4076754,6.1566738,hettange grande
1017,Hirson,87295063,49.91455,4.08432,hirson
1018,Hirson Écoles,87324335,49.9288321,4.0861491,hirson ecoles
1019,Hochfelden,87212167,48.7554199,7.572355,hochfelden
1020,Hoelschloch,87213413,48.9163252,7.8314949,hoelschloch
1021,Hoenheim Tram,87338517,48.6285976,7.7581387,hoenheim tram
1022,Hoerdt,87213686,48.7029518,7.7794059,hoerdt
1023,Hoffen,87213447,48.9312475,7.933587,hoffen
1024,Hombourg-Haut,87193276,49.1261085,6.7742703,hombourg haut
1025,Homécourt,87191692,49.2182988,5.9991714,homecourt
1027,Houdemont,87141473,48.645478,6.1797255,houdemont
1029,Houlgate,87444406,49.3000711,-0.0772276,houlgate
1030,Hundling,87193540,49.1066949,6.9775394,hundling
1031,Huriel,87641217,46.3714332,2.4762569,huriel
1032,Hyères,87755629,43.108867,6.124223,hyeres
1033,Igney,87144089,48.2709639,6.3995463,igney
1034,Igney - Avricourt,87215103,48.6467012,6.8053062,igney avricourt
1036,Ille-sur-Têt,87784561,42.6682396,2.6242863,ille sur tet
1037,Illfurth,87182204,47.6764322,7.2685712,illfurth
1038,Illiers-Combray,87394437,48.303937,1.2448745,illiers combray
1039,Imphy,87696450,46.9333537,3.2597113,imphy
1040,Ingersheim - Cité Scolaire,87303875,48.08883,7.29823,ingersheim cite scolaire
1041,Ingrandes sur Vienne,87575134,46.8746283,0.5691164,ingrandes sur vienne
1042,Ingrandes-Le Fresne-sur-Loire,87484360,47.4056382,-0.9210198,ingrandes le fresne sur loire
1043,Ingwiller,87213785,48.8723277,7.477155,ingwiller
1045,Irigny Yvours,87722249,45.69002,4.83229,irigny yvours
1046,Is-sur-Tille,87713859,47.520454,5.129481,is sur tille
1047,Isbergues,87342279,50.61399,2.46277,isbergues
1049,Issé,87481622,47.6268289,-1.45068,isse
1050,Issoire,87734202,45.543884,3.25398,issoire
1052,Issoudun,87597062,46.948763,1.985834,issoudun
1055,Istres,87753418,43.5153953,4.9804272,istres
1056,Iteuil,87577403,46.4841223,0.3168298,iteuil
1057,Itxassou,87673665,43.324043,-1.3956111,itxassou
1059,Iwuy,87345397,50.2255015,3.3298634,iwuy
1060,Janzé,87471334,47.955364,-1.497538,janze
1061,Jarnac,87491472,45.6711292,-0.1777613,jarnac
1062,Jarrie - Vizille,87747535,45.0854543,5.7424487,jarrie vizille
1063,Jarville-la-Malgrange,87141010,48.6698381,6.2024643,jarville la malgrange
1064,Jaunay-Clan,87575217,46.682044,0.3816535,jaunay clan
1065,Jaux,87272013,49.3868029,2.777316,jaux
1067,Jeumont,87295014,50.29606,4.08645,jeumont
1068,Jœuf,87191700,49.2250083,6.0177021,j uf
1069,Joigny,87683243,47.973843,3.393082,joigny
1070,Joigny-sur-Meuse,87172031,49.8336807,4.7672389,joigny sur meuse
1071,Joinville,87175091,48.4442977,5.143503,joinville
1072,Joncet,87784710,42.5615245,2.3111464,joncet
1073,Joncherey,87700153,47.5262,6.9988,joncherey
1074,Jonchery-sur-Vesle,87171314,49.290057,3.819422,jonchery sur vesle
1075,Jonzac,87491142,45.4387456,-0.44164,jonzac
1076,Joué-lès-Tours,87571885,47.3541741,0.6675586,joue les tours
1077,Jouy,87394155,48.5102582,1.5573972,jouy
1079,Juan les Pins,87757666,43.570896,7.11144,juan les pins
1080,Juvisy-sur-Orge,87545244,48.68917,2.38267,juvisy sur orge
1082,Kalhausen,87193664,49.0350585,7.125352,kalhausen
1083,Ker Lann,87159947,48.0429857,-1.7398306,ker lann
1084,Kerhostin,87476432,47.5369524,-3.1363795,kerhostin
1085,Kerhuon,87474213,48.4096627,-4.3882136,kerhuon
1086,Kilstett,87212324,48.6793065,7.8549031,kilstett
1087,Koenigsmacker,87191619,49.3965538,6.2735503,koenigsmacker
1088,Kogenheim,87214114,48.3389532,7.5353085,kogenheim
1089,Krimmeri Meinau,87338525,48.56358,7.75259,krimmeri meinau
1090,Kruth,87182642,47.92396,6.9690938,kruth
1091,Kurtzenhouse,87213660,48.741862,7.8130449,kurtzenhouse
1093,L'Aigle,87444638,48.766229,0.620014,l aigle
1094,L'Aiguille,87592634,45.7783702,1.2049024,l aiguille
1095,L'Arbresle,87721431,45.833299,4.618319,l arbresle
1096,L'Argentière Les Écrins,87763557,44.7909802,6.5564162,l argentiere les ecrins
1097,L'Ariane La Trinité,87751529,43.7343716,7.3025298,l ariane la trinite
1098,L'Estaque,87751602,43.363628,5.3213598,l estaque
1101,L'Herbergement - Les Brouzils,87486126,46.9069172,-1.3712431,l herbergement les brouzils
1102,L'Hermitage - Mordelles,87471060,48.123142,-1.8192987,l hermitage mordelles
1103,L'Hôpital-du-Grosbois,87718528,47.1691016,6.2130861,l hopital du grosbois
1105,L'Isle-d'Abeau,87761239,45.607645,5.21969,l isle d abeau
1106,L'Isle-Jourdain,87611806,43.617185,1.089829,l isle jourdain
1107,L'Isle-sur-la-Sorgue - Fontaine-de-Vaucluse,87765479,43.917393,5.047615,l isle sur la sorgue fontaine de vaucluse
1108,L'Isle-sur-le-Doubs,87184572,47.4473777,6.5812614,l isle sur le doubs
1109,L'Isthme,87476275,47.54653639699773,-3.1335359717958777,l isthme
1110,La Barasse,87635581,43.2858384,5.4845101,la barasse
1112,La Basse Indre - Saint-Herblain,87481069,47.2040872,-1.6603088,la basse indre saint herblain
1113,La Bassée - Violaines,87342436,50.52799,2.80482,la bassee violaines
1114,La Bastide - Saint-Laurent-les-Bains,87775171,44.5934829,3.9042849,la bastide saint laurent les bains
1115,La Baule Les Pins,87481697,47.2835196,-2.3648441,la baule les pins
1116,La Baule-Escoublac,87481754,47.28869,-2.389102,la baule escoublac
1117,La Bernerie-en-Retz,87481267,47.0832616,-2.0341408,la bernerie en retz
1118,La Bohalle,87487843,47.4342356,-0.4000426,la bohalle
1119,La Bonneville-sur-Iton,87387142,48.9884615,1.035014,la bonneville sur iton
1121,La Brillanne - Oraison,87751271,43.9247771,5.8923199,la brillanne oraison
1122,La Brohinière,87471094,48.2134717,-2.110452,la brohiniere
1124,La Chaize-le-Vicomte,87486308,46.676779,-1.2820678,la chaize le vicomte
1125,La Chapelle Aulnay,87590364,47.30859,-1.5415,la chapelle aulnay
1126,La Chapelle Centre,87481564,47.2972029,-1.548012,la chapelle centre
1127,La Chapelle-Saint-Mesmin,87543371,47.8929293,1.8268193,la chapelle saint mesmin
1128,La Chapelle-sur-Loire,87571802,47.251227,0.2184812,la chapelle sur loire
1129,La Charité-sur-Loire,87696195,47.179914,3.023883,la charite sur loire
1130,La Chaumusse - Fort-du-Plasne,87715391,46.6048753,5.9613342,la chaumusse fort du plasne
1131,La Chaussée-Saint-Victor,87574251,47.6127952,1.3537834,la chaussee saint victor
1132,La Ciotat - Ceyreste,87751784,43.199593,5.632647,la ciotat ceyreste
1133,La Clayette - Baudemont,87694737,46.2881469,4.2984195,la clayette baudemont
1134,La Coquille,87592501,45.5408509,0.9744005,la coquille
1136,La Couronne,87583617,45.604570970062376,0.1011570895580505,la couronne
1137,La Couronne Carro,87753541,43.3398078,5.0517077,la couronne carro
1138,La Crau,87755611,43.1449352,6.0687663,la crau
1139,La Crèche,87485474,46.3604181,-0.2962081,la creche
1140,La Croix de Méan,87481689,47.300426,-2.1932575,la croix de mean
1143,La Douzillère,87009696,47.3388167,0.6528244,la douzillere
1144,La Faloise,87313239,49.696527,2.3485813,la faloise
1145,La Fère,87296632,49.65802,3.36981,la fere
1147,La Ferté-Bernard,87396325,48.1864887,0.639711,la ferte bernard
1148,La Ferté-Imbault,87576082,47.3835442,1.9580537,la ferte imbault
1150,La Ferté-Saint-Aubin,87543124,47.720975,1.93236,la ferte saint aubin
1151,La Ferté-sous-Jouarre,87116517,48.950741,3.125577,la ferte sous jouarre
1152,La Fontaine,87286427,50.5661459,2.9261079,la fontaine
1153,La Forest-Landerneau,87474221,48.4263093,-4.3074515,la forest landerneau
1154,La Fouillouse,87726232,45.4977675,4.3170839,la fouillouse
1155,La Frayère,87757740,43.5581088,6.9720902,la frayere
1156,La Fresnais,87478081,48.593655,-1.8432199,la fresnais
1158,La Garde,87755306,43.1187044,6.0100767,la garde
1160,La Gorp,87584755,44.9288345,-0.4963844,la gorp
1161,La Gouesnière - Cancale - Saint-Méloir-des-Ondes,87478099,48.6144207,-1.9058105,la gouesniere cancale saint meloir des ondes
1163,La Grave d'Ambarès,87491274,44.9356421,-0.477021,la grave d ambares
1164,La Guerche-sur-l'Aubois,87576470,46.9477388,2.9485731,la guerche sur l aubois
1165,La Guierche,87396036,48.1138773,0.1931016,la guierche
1166,La Haie-Fouassière,87481416,47.1615899,-1.392195,la haie fouassiere
1167,La Hisse,87478156,48.4961248,-2.0036608,la hisse
1168,La Hume,87582635,44.639879,-1.116,la hume
1169,La Hutte Coulombiers,87396093,48.303495,0.1056788,la hutte coulombiers
1170,La Jarrie,87485185,46.12045,-1.02347,la jarrie
1171,La Jonchère-Saint-Maurice,87592337,45.9944577,1.4803853,la jonchere saint maurice
1172,La Joux,87746842,45.9657075,6.910179,la joux
1173,La Levade,87775247,44.228602,4.0102736,la levade
1174,La Loupe,87394254,48.4737398,1.0109416,la loupe
1175,La Madeleine,87286187,50.6608037,3.0725804,la madeleine
1176,La Marche,87691394,47.1396975,3.0395468,la marche
1177,La Méaugon,87473124,48.4996127,-2.8439358,la meaugon
1178,La Membrolle-sur-Choisille,87571513,47.4313179,0.6407872,la membrolle sur choisille
1179,La Ménitré,87487884,47.397422,-0.275818,la menitre
1180,La Meyze,87592808,45.6212964,1.2123135,la meyze
1181,La Mothe-Achard,87486423,46.6068648,-1.6596359,la mothe achard
1182,La Mothe-Saint-Héray,87485508,46.3807592,-0.1298415,la mothe saint heray
1184,La Pauline Hyères,87755314,43.1364769,6.0351027,la pauline hyeres
1185,La Penne-sur-Huveaune,87751743,43.2846765,5.5155698,la penne sur huveaune
1187,La Pomme,87751719,43.2905165,5.4413152,la pomme
1188,La Porcherie,87592295,45.5740586,1.5383469,la porcherie
1189,La Possonnière,87484337,47.3713848,-0.6917009,la possonniere
1190,La Poterie,87334508,48.0923448,-1.6307729,la poterie
1191,La Redonne Ensuès,87753574,43.33447,5.1975675,la redonne ensues
1192,La Réole,87582866,44.579742,-0.03057,la reole
1193,La Ricamarie,87726703,45.4041516,4.360686,la ricamarie
1194,La Rivière de Mansac,87594416,45.139681,1.3655086,la riviere de mansac
1195,La Rivière-Drugeon,87715144,46.8701507,6.2133331,la riviere drugeon
1196,La Roche-Maurice,87474262,48.4740885,-4.2050964,la roche maurice
1197,La Roche-sur-Foron,87746305,46.06756,6.303885,la roche sur foron
1198,La Roche-sur-Yon,87486019,46.67212,-1.435621,la roche sur yon
1199,La Rochelle,87485003,46.15269,-1.145305,la rochelle
1200,La Rochelle Porte Dauphine,87437798,46.16755,-1.1518412,la rochelle porte dauphine
1201,La Seyne - Six-Fours,87755264,43.116959,5.876966,la seyne six fours
1202,La Souterraine,87592378,46.239792,1.492151,la souterraine
1203,La Suze-sur-Sarthe,87396366,47.8919891,0.0266367,la suze sur sarthe
1204,La Taye,87394403,48.4077566,1.3734019,la taye
1205,La Teste-de-Buch,87582643,44.636924,-1.14295,la teste de buch
1206,La Tour-de-Salvagny,87721548,45.7998818,4.7164921,la tour de salvagny
1207,La Tour-du-Pin,87723478,45.560277,5.450092,la tour du pin
1208,La Tricherie,87575183,46.7288206,0.4412021,la tricherie
1209,La Trinité Victor,87756767,43.7427854,7.3114604,la trinite victor
1210,La Valbonne,87723577,45.849225,5.124911,la valbonne
1211,La Verpillière,87723395,45.6276,5.150866,la verpilliere
1213,La Ville Gozet,87641191,46.3497686,2.5918028,la ville gozet
1214,La Ville-Dieu-du-Temple,87611459,44.0355186,1.2149646,la ville dieu du temple
1215,La Villette Saint-Prest,87394171,48.4827197,1.5228734,la villette saint prest
1216,La Wantzenau,87212316,48.6651895,7.8247832,la wantzenau
1217,Labège Innopole,87612002,43.5473613,1.5129784,labege innopole
1218,Labège Village,87612028,43.5305367,1.5329207,labege village
1219,Labenne,87673293,43.5870509,-1.4288712,labenne
1220,Labergement-Sainte-Marie,87715219,46.77632,6.28011,labergement sainte marie
1221,Laboissière - Le Déluge,87313676,49.2885368,2.1361486,laboissiere le deluge
1222,Labouheyre,87582551,44.2106292,-0.9209296,labouheyre
1223,Labruguière,87615526,43.5425692,2.2594728,labruguiere
1224,Lacapelle-Viescamp,87645150,44.9202424,2.2654689,lacapelle viescamp
1225,Lacelle,87592147,45.6412701,1.8264798,lacelle
1226,Lachaud Curmilhac,87731828,45.1228045,3.6104913,lachaud curmilhac
1227,Lacourtensourt,87611434,43.6638838,1.4138687,lacourtensourt
1228,Lafarge,87592733,45.6338338,1.130859,lafarge
1230,Laguépie,87613471,44.1455256,1.9692195,laguepie
1231,Laifour,87172072,49.911256,4.6923484,laifour
1232,Laigné - Saint-Gervais,87396556,47.8740074,0.2172097,laigne saint gervais
1233,Laigneville,87276204,49.29276,2.44894,laigneville
1234,Laillé,87471144,47.9717527,-1.7495654,laille
1235,Laissey,87718437,47.298723,6.23304,laissey
1236,Lalbenque - Fontanes,87613323,44.3332389,1.5116628,lalbenque fontanes
1237,Lalinde,87584441,44.8396152,0.7427811,lalinde
1238,Lamagistère,87611855,44.1267231,0.8255002,lamagistere
1239,Lamanon,87753731,43.6999662,5.0913333,lamanon
1240,Lamballe,87473108,48.46606,-2.511546,lamballe
1241,Lamonzie-Saint-Martin,87584243,44.8450247,0.3854609,lamonzie saint martin
1242,Lamothe-Landerron,87582882,44.5628433,0.0451406,lamothe landerron
1243,Lamothe-Montravel,87584151,44.8537384,0.0215683,lamothe montravel
1244,Lamotte-Beuvron,87543140,47.593898,2.022499,lamotte beuvron
1245,Lamure-sur-Azergues,87721860,46.0610834,4.4921137,lamure sur azergues
1246,Lancerf,87473850,48.761873,-3.1181396,lancerf
1247,Lancey,87417501,45.2344784,5.8809758,lancey
1248,Landas,87286575,50.4687775,3.290568,landas
1249,Landaul - Mendon,87476226,47.7359877,-3.0860172,landaul mendon
1250,Landébia,87473264,48.5074212,-2.3313716,landebia
1251,Landerneau,87474239,48.453572,-4.256528,landerneau
1252,Landévant,87476234,47.759578,-3.1251313,landevant
1253,Landivisiau,87474270,48.496002,-4.082181,landivisiau
1254,Landrecies,87295642,50.1283138,3.681997,landrecies
1255,Landry,87741777,45.5741713,6.7338182,landry
1256,Laneuveville-devant-Nancy,87141093,48.65564,6.22792,laneuveville devant nancy
1257,Langeac,87734319,45.10125,3.490672,langeac
1258,Langeais,87571828,47.324114,0.410557,langeais
1259,Langogne,87734350,44.732776,3.8573047,langogne
1260,Langon,87582775,44.555448,-0.25554,langon
1261,Langres,87142091,47.8769474,5.3444064,langres
1262,Lannemezan,87671123,43.114273,0.387367,lannemezan
1263,Lannion,87473223,48.727638,-3.460353,lannion
1264,Lantenay,87712323,47.3351085,4.860963,lantenay
1265,Laon,87296012,49.57061,3.62443,laon
1266,Lapeyrouse,87641043,46.2267825,2.893393,lapeyrouse
1267,Laragne-Montéglin,87763755,44.3164984,5.8189832,laragne monteglin
1268,Lardenne,87611939,43.5966262,1.3839252,lardenne
1270,Laroche - Migennes,87683268,47.960998,3.513191,laroche migennes
1271,Laroque-Timbaut,87586412,44.2875163,0.7497189,laroque timbaut
1272,Laroquebrou,87645135,44.9641658,2.1929167,laroquebrou
1273,Lathus-Saint-Rémy,87575498,46.3380917,0.965009,lathus saint remy
1274,Latour-de-Carol - Enveitg,87611483,42.4590464,1.9045027,latour de carol enveitg
1275,Lauterbourg,87212464,48.9676973,8.1826817,lauterbourg
1276,Laval,87478404,48.076206,-0.760907,laval
1277,Laval-de-Cère,87594796,44.9512118,1.9317113,laval de cere
1278,Lavaufranche,87597740,46.3212869,2.2700972,lavaufranche
1279,Lavaur,87615476,43.703479,1.813146,lavaur
1281,Lavoûte-sur-Loire,87734707,45.1214503,3.9054101,lavoute sur loire
1283,Le Bosquet,87757757,43.5515285,6.9816599,le bosquet
1286,Le Bouscat - Saint-Germaine,87738096,44.870926495346204,-0.614049444932229,le bouscat saint germaine
1287,Le Bousquet-d'Orb,87781583,43.6912097,3.1689379,le bousquet d orb
1289,Le Breuil-sur-Couze,87734228,45.4670838,3.2621478,le breuil sur couze
1290,Le Bruel,87783548,44.4813286,3.358325,le bruel
1291,Le Buet,87746883,46.018805,6.9204119,le buet
1292,Le Bugue,87595744,44.9056892,0.942795,le bugue
1293,Le Buisson-de-Cadouin,87595751,44.84723,0.9081756,le buisson de cadouin
1294,Le Burg,87594614,45.2157957,1.4298135,le burg
1295,Le Cailar,87775825,43.6834141,4.2354236,le cailar
1296,Le Cateau-Cambrésis,87295220,50.0914606,3.5400454,le cateau cambresis
1297,Le Cellier,87481168,47.3135164,-1.3506694,le cellier
1298,Le Cendre - Orcet,87734160,45.723796,3.188666,le cendre orcet
1299,Le Chambon-Feugerolles,87726711,45.3947427,4.3223823,le chambon feugerolles
1301,Le Coteau,87726828,46.023984,4.086248,le coteau
1303,Le Creusot,87694000,46.807815,4.4304403,le creusot
1304,Le Creusot - Montceau-les-Mines - Montchanin TGV,87694109,46.765343,4.499513,le creusot montceau les mines montchanin tgv
1305,Le Croisic,87481788,47.289836,-2.507442,le croisic
1306,Le Dorat,87592543,46.2110908,1.0793364,le dorat
1307,Le Dramont,87757542,43.4178193,6.8442467,le dramont
1308,Le Fauga,87611046,43.4043288,1.2827183,le fauga
1309,Le Genest-Saint-Isle,87478743,48.0967372,-0.8858084,le genest saint isle
1310,Le Grand Jardin,87444323,49.1505827,0.2271143,le grand jardin
1311,Le Grand-Lemps,87747220,45.3966261,5.4231117,le grand lemps
1312,Le Grau-du-Roi,87775866,43.5371273,4.140338,le grau du roi
1313,Le Haut Banc,87316687,50.8163364,1.7722209,le haut banc
1314,Le Havre,87413013,49.492996,0.125677,le havre
1315,Le Lioran,87645473,45.0905458,2.7533365,le lioran
1316,Le Luc - Le Cannet,87755405,43.3902379,6.3430972,le luc le cannet
1317,Le Mans,87396002,47.995689,0.192578,le mans
1318,Le Mans Hôpital-Université,87743872,48.014871,0.17445113,le mans hopital universite
1320,Le Méridien La Ferrière,87721522,45.7684995,4.7484432,le meridien la ferriere
1321,Le Meux - La Croix-Saint-Ouen,87276733,49.3594029,2.7532645,le meux la croix saint ouen
1322,Le Molay-Littry,87444083,49.2493263,-0.8809741,le molay littry
1323,Le Monastier-Pin-Moriès,87783308,44.5089682,3.252057,le monastier pin mories
1324,Le Pallet,87481424,47.143831,-1.346898,le pallet
1325,Le Péage-de-Roussillon,87722678,45.371797,4.795402,le peage de roussillon
1326,Le Pénity,87473553,48.3646275,-3.4763815,le penity
1329,Le Plessis-Belleville,87271551,49.0959033,2.7448073,le plessis belleville
1330,Le Poirier Université,87343210,50.33006,3.50273,le poirier universite
1331,Le Pont-de-Beauvoisin,87741470,45.524636,5.680772,le pont de beauvoisin
1333,Le Pouliguen,87481762,47.2825404,-2.4331446,le pouliguen
1334,Le Puy-en-Velay,87734699,45.042866,3.892421,le puy en velay
1335,Le Quesnoy,87295857,50.25021,3.64552,le quesnoy
1337,Le Rouget,87645192,44.8565391,2.2355043,le rouget
1338,Le Soler,87784512,42.6787626,2.7930798,le soler
1340,Le Teich,87582601,44.632507,-1.025556,le teich
1341,Le Theil - La Rouge,87396333,48.2672964,0.6944581,le theil la rouge
1342,Le Theil-de-Bretagne,87471342,47.918742,-1.4319925,le theil de bretagne
1343,Le Thor,87765453,43.9265047,4.9962663,le thor
1344,Le Toec,87353573,43.5956037,1.4014496,le toec
1345,Le Trayas,87757575,43.4746639,6.9243444,le trayas
1346,Le Tréport - Mers-les-Bains,87317529,50.0628592,1.3763738,le treport mers les bains
1348,Le Verdon-sur-Mer,87581389,45.5492065,-1.0650925,le verdon sur mer
1349,Le Vernet d'Ariège,87611350,43.1894138,1.6116214,le vernet d ariege
1351,Le Vieux Briollay,87484139,47.5739696,-0.4829396,le vieux briollay
1352,Leforest,87345223,50.4278,3.05977,leforest
1353,Lens,87345025,50.426818,2.828254,lens
1354,Lentilly,87721555,45.82163,4.667103,lentilly
1355,Lentilly Charpenay,87566919,45.8165247,4.6824009,lentilly charpenay
1356,Lépin-le-Lac - La Bauche,87741439,45.541519,5.7649834,lepin le lac la bauche
1357,Lérouville,87175240,48.7972181,5.5387053,lerouville
1358,Les Abrets - Fitilieu,87741496,45.5421091,5.5754876,les abrets fitilieu
1359,Les Arcs - Draguignan,87755447,43.455524,6.482498,les arcs draguignan
1361,Les Aubrais,87543017,47.926801,1.906629,les aubrais
1362,Les Bardys,87592048,45.9046873,1.377389,les bardys
1363,Les Bons Pères,87297515,50.2798638,4.010967,les bons peres
1364,Les Bossons,87746768,45.9067455,6.8391969,les bossons
1366,Les Cabannes,87611574,42.7862854,1.6862985,les cabannes
1367,Les Cabrils,87781559,43.779707,3.1860831,les cabrils
1368,Les Cauquillous,87328021,43.7340198,1.7546798,les cauquillous
1371,Les Deux Jumeaux,87677104,43.3699568,-1.7643532,les deux jumeaux
1372,Les Échets,87723718,45.8746675,4.9108215,les echets
1373,Les Églisottes-et-Chalaures,87584532,45.0942299,-0.0437576,les eglisottes et chalaures
1375,Les Eyzies-de-Tayac-Sireuil,87595736,44.9411916,1.0081942,les eyzies de tayac sireuil
1376,Les Flachères,87721704,45.7774345,4.7541523,les flacheres
1377,Les Fontinettes,87317305,50.940831,1.8496343,les fontinettes
1379,Les Houches,87746743,45.8935639,6.796924,les houches
1380,Les Lacs,87471516,48.1094359,-1.3208165,les lacs
1381,Les Laumes Alésia,87713115,47.543054,4.462602,les laumes alesia
1382,Les Mais,87473587,48.4262577,-3.3828609,les mais
1383,Les Martres-de-Veyre,87734178,45.688155,3.193228,les martres de veyre
1384,Les Moussoux,87746818,45.9166347,6.8589899,les moussoux
1385,Les Moutiers-en-Retz,87481259,47.0618983,-2.0009628,les moutiers en retz
1388,Les Ormes,87575118,46.9718269,0.6079476,les ormes
1390,Les Pélerins,87746776,45.9125671,6.8472858,les pelerins
1391,Les Perrières,87691600,47.0055213,3.1467144,les perrieres
1393,Les Praz de Chamonix,87746826,45.9394594,6.888753,les praz de chamonix
1394,Les Quatre Roues,87576181,47.3325521,1.7025282,les quatre roues
1395,Les Quatre-Routes-du-Lot,87594564,44.9974864,1.6439067,les quatre routes du lot
1396,Les Ramassiers,87353581,43.6024594,1.3528032,les ramassiers
1397,Les Rosiers-sur-Loire,87487876,47.3625386,-0.2205371,les rosiers sur loire
1398,Les Sables Blancs,87476267,47.57518,-3.13201,les sables blancs
1399,Les Sables-d'Olonne,87486449,46.499917,-1.78105,les sables d olonne
1400,Les Salelles,87783514,44.4832687,3.2804008,les salelles
1402,Les Tines,87746834,45.9505693,6.8991603,les tines
1403,Les Trillers,87641373,46.4147461,2.6001018,les trillers
1405,Les Versannes,87595702,45.088775,0.8574682,les versannes
1407,Lesparre-Médoc,87581314,45.3035166,-0.9454015,lesparre medoc
1408,Lesquin,87286849,50.59068,3.11771,lesquin
1409,Leucate La Franqui,87781088,42.9327725,3.0128555,leucate la franqui
1410,Leval,87295790,50.1845311,3.8366811,leval
1411,Lexos,87613489,44.1423958,1.8851014,lexos
1412,Lezennes,87287102,50.6205699,3.0986481,lezennes
1413,Lézignan-Corbières,87615112,43.1999609,2.7699635,lezignan corbieres
1414,Lezoux,87734442,45.8212175,3.385986,lezoux
1415,Liancourt - Rantigny,87276212,49.32471,2.44532,liancourt rantigny
1417,Libercourt,87345256,50.48025,3.00867,libercourt
1418,Libourne,87584052,44.915888,-0.236344,libourne
1419,Liesle,87718130,47.0587683,5.8208121,liesle
1421,Liévin,87345041,50.434139,2.7716316,lievin
1422,Ligugé,87575274,46.5203091,0.3331733,liguge
1423,Lille CHR,87109306,50.61432,3.03432,lille chr
1424,Lille Europe,87223263,50.639224,3.075796,lille europe
1425,Lille Flandres,87286005,50.636577,3.06987,lille flandres
1426,Lille Porte de Douai,87287250,50.6119054,3.075837,lille porte de douai
1427,Lillers,87342238,50.56163,2.47903,lillers
1429,Limeray,87574335,47.4502088,1.0499661,limeray
1430,Limersheim,87212274,48.4617328,7.6603581,limersheim
1431,Limoges Bénédictins,87592006,45.836089,1.267356,limoges benedictins
1432,Limoges Montjovis,87592022,45.8384117,1.2514147,limoges montjovis
1433,Limoux,87615161,43.0563831,2.2228288,limoux
1434,Limoux Flassian,87598755,43.0684511,2.2182832,limoux flassian
1435,Lingolsheim,87214502,48.5594092,7.6781143,lingolsheim
1437,Lisieux,87444265,49.138299,0.231143,lisieux
1438,Lisle-sur-Tarn,87615310,43.85639,1.80823,lisle sur tarn
1439,Lison,87447219,49.226834,-1.050339,lison
1440,Liverdun,87141069,48.7493158,6.0617374,liverdun
1441,Livron-sur-Drôme,87761247,44.7796035,4.8305412,livron sur drome
1444,Loches,87571471,47.130464,1.000467,loches
1445,Logelbach,87182345,48.087299,7.3206082,logelbach
1446,Loison-sous-Lens,87345231,50.4401891,2.8592403,loison sous lens
1447,Loivre,87171728,49.3466786,3.9906699,loivre
1448,Longages - Noé,87611053,43.3563239,1.2519529,longages noe
1449,Longecourt-en-Plaine,87712620,47.1937936,5.1346952,longecourt en plaine
1451,Longpont,87271775,49.2726851,3.2301676,longpont
1452,Longpré-les-Corps-Saints,87313122,50.01128,2.00277,longpre les corps saints
1453,Longroy - Gamaches,87313817,49.9818917,1.5526598,longroy gamaches
1454,Longueau,87313049,49.86344,2.35215,longueau
1455,Longueil-Annel,87272195,49.4672441,2.8634086,longueil annel
1456,Longueil-Sainte-Marie,87276303,49.3425377,2.7175537,longueil sainte marie
1457,Longuerue - Vieux-Manoir,87411447,49.5566781,1.2762275,longuerue vieux manoir
1458,Longueville,87116137,48.513703,3.249822,longueville
1459,Longueville-sur-Scie,87415141,49.7917558,1.1103434,longueville sur scie
1460,Longuyon,87194274,49.4442555,5.604482,longuyon
1461,Longwy,87194001,49.5129923,5.7696358,longwy
1462,Lons-le-Saunier,87718239,46.66858,5.551108,lons le saunier
1463,Loos lez Lille,87286112,50.6128165,3.0170581,loos lez lille
1464,Loos-en-Gohelle,87345033,50.4378798,2.7933955,loos en gohelle
1465,Loreux,87576157,47.3902731,1.8345356,loreux
1466,Lorient Bretagne Sud,87476002,47.755597,-3.366221,lorient bretagne sud
1467,Loriol-sur-Drôme,87761262,44.7544973,4.8171679,loriol sur drome
1468,Lorraine TGV,87142109,48.947773,6.169838,lorraine tgv
1469,Lothiers,87597104,46.6946801,1.5629763,lothiers
1470,Louhans,87713735,46.6309,5.2174853,louhans
1471,Loulay,87491290,46.0435165,-0.5017525,loulay
1472,Lourches,87343475,50.3102834,3.3434016,lourches
1473,Lourdes,87671339,43.10037,-0.042174,lourdes
1474,Louroux-de-Bouble,87641050,46.2241289,2.9849368,louroux de bouble
1477,Louvroil,87295535,50.2683469,3.9535768,louvroil
1478,Lozanne,87721423,45.85414,4.681501,lozanne
1479,Luant,87597096,46.7357683,1.5901964,luant
1480,Luc,87734368,44.654092,3.8915631,luc
1481,Luc-en-Diois,87761874,44.6136615,5.4546227,luc en diois
1482,Luc-la-Primaube,87615773,44.2913982,2.5544751,luc la primaube
1483,Lucé,87394015,48.4366725,1.4529681,luce
1484,Luçon,87486258,46.4638232,-1.1674217,lucon
1485,Ludon-Médoc,87581181,44.9744015,-0.6118009,ludon medoc
1486,Ludres,87141481,48.6219545,6.1709118,ludres
1487,Lumes,87172189,49.7327973,4.7833571,lumes
1488,Lunas,87781575,43.7095814,3.1948986,lunas
1489,Lunel,87773408,43.679392,4.131086,lunel
1490,Lunel-Viel,87773424,43.6811729,4.0937398,lunel viel
1491,Lunery,87576280,46.9351795,2.275014,lunery
1492,Lunéville,87141150,48.588233,6.49727,luneville
1493,Lurbe-Saint-Christau,87672741,43.12099,-0.60408,lurbe saint christau
1494,Lure,87185249,47.683269,6.4925787,lure
1495,Lus-la-Croix-Haute,87747667,44.6709898,5.6973678,lus la croix haute
1496,Lusignan,87485540,46.4354949,0.116555,lusignan
1497,Lussac-les-Châteaux,87575845,46.4051106,0.7186918,lussac les chateaux
1498,Luttenbach-près-Munster,87182543,48.0352559,7.1186307,luttenbach pres munster
1499,Lutzelbourg,87215160,48.7299065,7.2516808,lutzelbourg
1500,Lutzelhouse,87214650,48.51812,7.29391,lutzelhouse
1501,Luxé,87583823,45.8873947,0.1094107,luxe
1502,Luxeuil-les-Bains,87185595,47.8148606,6.3726593,luxeuil les bains
1504,Luzenac - Garanou,87611558,42.7642849,1.7531248,luzenac garanou
1505,Luzy,87696534,46.7940793,3.9693245,luzy
1507,Lyon Gorge de Loup,87721175,45.766078,4.804631,lyon gorge de loup
1508,Lyon Jean Macé,87282624,45.74495,4.84139,lyon jean mace
1509,Lyon Part Dieu,87723197,45.760559,4.859355,lyon part dieu
1510,Lyon Perrache,87722025,45.748476,4.825733,lyon perrache
1511,Lyon Saint-Exupéry TGV,87762906,45.721109,5.074969,lyon saint exupery tgv
1512,Lyon Saint-Paul,87721159,45.76601,4.827057,lyon saint paul
1513,Lyon Vaise,87721001,45.779938,4.80396,lyon vaise
1514,Macau,87581199,45.0040981,-0.6200068,macau
1515,Machecoul,87481366,46.9905038,-1.8227524,machecoul
1516,Machilly,87745588,46.2512825,6.3282335,machilly
1517,Mâcon,87725689,46.302572,4.824887,macon
1518,Mâcon Loché TGV,87725705,46.282884,4.778876,macon loche tgv
1519,Magalas,87781666,43.4675998,3.2295415,magalas
1521,Magland,87746412,46.016945,6.6215075,magland
1522,Magnac - Vicq,87592279,45.6288007,1.4438445,magnac vicq
1523,Magnette,87641365,46.4641418,2.6028771,magnette
1524,Magneux - Courlandon,87400986,49.3100006,3.7331444,magneux courlandon
1525,Magny - Blandainville,87394429,48.3342906,1.2811066,magny blandainville
1526,Maillé,87575068,47.0533855,0.5830236,maille
1527,Mailly-la-Ville,87683847,47.6041692,3.6751472,mailly la ville
1528,Maintenon,87394130,48.5854793,1.5920651,maintenon
1532,Maizières-lès-Metz,87191106,49.2155349,6.1588762,maizieres les metz
1533,Mâlain,87713065,47.3270025,4.8105362,malain
1534,Malansac,87476689,47.6756185,-2.2961796,malansac
1535,Malaunay - Le Houlme,87411256,49.5133331,1.0395776,malaunay le houlme
1537,Malling,87191627,49.42152,6.302207,malling
1538,Mamirolle,87718510,47.1998712,6.1617411,mamirolle
1539,Mandelieu-la-Napoule,87757591,43.523903,6.941313,mandelieu la napoule
1540,Manosque - Gréoux-les-Bains,87751321,43.8231945,5.7933241,manosque greoux les bains
1542,Mantes-la-Jolie,87381509,48.98984,1.70337,mantes la jolie
1543,Marbache,87141796,48.8010405,6.1091755,marbache
1544,Marcelcave,87313445,49.8532165,2.5819031,marcelcave
1545,Marcheprime,87582445,44.690543,-0.85381,marcheprime
1549,Maresquel-Ecquemicourt,87317206,50.4078186,1.9313418,maresquel ecquemicourt
1551,Margaux,87581215,45.0358307,-0.6854145,margaux
1552,Margival,87271882,49.4393862,3.4027491,margival
1553,Marienthal,87213603,48.781863,7.8231894,marienthal
1554,Marignier,87746347,46.0887815,6.507826,marignier
1555,Marigny,87485334,46.1990832,-0.428404,marigny
1557,Marlieux - Châtillon,87723767,46.0638765,5.0731097,marlieux chatillon
1559,Marmagne,87576132,47.1001505,2.2819971,marmagne
1560,Marmagne sous Creusot,87694182,46.8334607,4.3601911,marmagne sous creusot
1561,Marmande,87586545,44.503019,0.168044,marmande
1562,Marne-la-Vallée Chessy,87111849,48.869856,2.78272,marne la vallee chessy
1563,Maroeuil,87342188,50.322603,2.6983279,maroeuil
1565,Maromme,87411249,49.479935,1.050485,maromme
1566,Marquillies,87342469,50.5477246,2.8661707,marquillies
1567,Marquise - Rinxent,87317339,50.8056635,1.72988,marquise rinxent
1568,Marquixanes,87784629,42.6428224,2.4858388,marquixanes
1569,Marsac,87597625,46.0941348,1.585556,marsac
1570,Marsac-sur-L'isle,87595207,45.1860541,0.6626174,marsac sur l isle
1571,Marseillan Plage,87781294,43.3181964,3.5355281,marseillan plage
1572,Marseille Blancarde,87751081,43.29614391,5.406559,marseille blancarde
1573,Marseille Saint-Charles,87751008,43.302666,5.380407,marseille saint charles
1574,Marseille-en-Beauvaisis,87313726,49.5709066,1.9546349,marseille en beauvaisis
1575,Marssac-sur-Tarn,87615419,43.9151803,2.026913,marssac sur tarn
1576,Martigné-Ferchaud,87471367,47.8321302,-1.3137943,martigne ferchaud
1577,Martigues,87753509,43.3929209,5.0257804,martigues
1578,Martres-Tolosane,87611087,43.1962069,1.0167558,martres tolosane
1579,Marvejols,87783282,44.5446819,3.2810718,marvejols
1580,Massérac,87471227,47.6745316,-1.9144441,masserac
1581,Masseret,87594820,45.536175,1.5415396,masseret
1582,Massiac - Blesle,87734871,45.2537695,3.1965518,massiac blesle
1583,Massy - Palaiseau,87393579,48.7264211,2.2575281,massy palaiseau
1586,Massy TGV,87393702,48.725758,2.261254,massy tgv
1587,Matzenheim,87214130,48.3987556,7.6196003,matzenheim
1588,Maubeuge,87295006,50.27298,3.96677,maubeuge
1591,Maurois,87345546,50.0674506,3.4562554,maurois
1592,Maurs,87645168,44.7061543,2.1995656,maurs
1593,Mauves-sur-Loire,87481150,47.2930211,-1.3893042,mauves sur loire
1594,Mauzac-et-Grand-Castang,87584466,44.8558291,0.7899658,mauzac et grand castang
1595,Mauzé-sur-le-Mignon,87485250,46.1995881,-0.6737264,mauze sur le mignon
1596,Mayet,87396580,47.7601465,0.2659384,mayet
1597,Mazamet,87615542,43.4977847,2.3747346,mazamet
1598,Mazingarbe,87342121,50.4608957,2.7005447,mazingarbe
1600,Mehun-sur-Yèvre,87576116,47.1394406,2.2071342,mehun sur yevre
1602,Menars,87574244,47.6450036,1.405617,menars
1603,Mende,87783605,44.522322,3.5019875,mende
1604,Ménil Flin,87141390,48.5050204,6.6592265,menil flin
1606,Mennessis,87296434,49.6915989,3.2711145,mennessis
1607,Mennetou-sur-Cher,87576728,47.2688835,1.8765238,mennetou sur cher
1608,Menton,87756486,43.774444,7.4933,menton
1609,Menton Garavan,87756494,43.785202,7.517297,menton garavan
1610,Mer,87574194,47.70586,1.506373,mer
1611,Mérens-les-Vals,87611525,42.6594883,1.8371278,merens les vals
1612,Mérenvielle,87611814,43.6365051,1.1503303,merenvielle
1613,Méricourt - Ribemont,87313064,49.9556384,2.5726254,mericourt ribemont
1615,Mérignac Arlac,87278259,44.8265601,-0.6261402,merignac arlac
1616,Méroux,87184408,47.58659,6.89903,meroux
1617,Mertzwiller,87213207,48.872013,7.6781895,mertzwiller
1618,Méru,87313668,49.23233,2.13254,meru
1619,Mervans,87713701,46.7988928,5.1794099,mervans
1620,Merxheim,87182725,47.9126413,7.3022795,merxheim
1622,Messac - Guipry,87471185,47.82225,-1.81822,messac guipry
1623,Messein,87141499,48.6128788,6.1378364,messein
1624,Mesves - Bulcy,87696187,47.2420755,3.0065175,mesves bulcy
1625,Mesvres,87694158,46.862799,4.2449659,mesvres
1626,Metz,87192039,49.109545,6.176593,metz
1627,Metz Nord,87192070,49.13673,6.16791,metz nord
1628,Metzeral,87182816,48.0133301,7.0733383,metzeral
1632,Meung-sur-Loire,87574137,47.829926,1.691928,meung sur loire
1633,Meurchin,87345272,50.4970516,2.8930903,meurchin
1634,Meursault,87713560,46.9690497,4.7954444,meursault
1635,Meuse TGV,87147322,48.978549,5.270954,meuse tgv
1636,Meximieux - Pérouges,87723585,45.901615,5.193534,meximieux perouges
1637,Meymac,87594275,45.5302313,2.1640905,meymac
1638,Meyrargues,87751370,43.6440076,5.5395738,meyrargues
1639,Mézériat,87725838,46.2350502,5.046622,mezeriat
1640,Mézidon-Canon,87444208,49.071,-0.07496,mezidon canon
1641,Mignaloux - Nouaillé,87575704,46.5261427,0.4117391,mignaloux nouaille
1642,Milhaud,87775098,43.7884886,4.3033268,milhaud
1643,Millas,87784546,42.6888961,2.6937502,millas
1644,Millau,87783001,44.102344,3.07457,millau
1645,Milly-sur-Thérain,87313700,49.5035256,1.988233,milly sur therain
1646,Miniac-Morvan,87478131,48.5315134,-1.914787,miniac morvan
1647,Mionnay,87723726,45.8966784,4.919752,mionnay
1648,Miramas,87753004,43.580704,5.000264,miramas
1649,Miraumont,87342030,50.0958521,2.7344755,miraumont
1650,Miribel,87723528,45.822088,4.95394,miribel
1652,Modane,87742007,45.193365,6.658161,modane
1653,Mohon,87172155,49.752584,4.73313,mohon
1654,Moirans,87747329,45.322185,5.581915,moirans
1655,Moirans La Galifette,87747691,45.324154,5.56517,moirans la galifette
1656,Moissac,87611889,44.1024178,1.077345,moissac
1657,Molsheim,87214577,48.53705,7.50044,molsheim
1658,Mommenheim,87212142,48.7561587,7.6422273,mommenheim
1659,Monestier-de-Clermont,87747592,44.911996,5.6339702,monestier de clermont
1660,Monéteau - Gurgy,87683557,47.8507856,3.5798071,moneteau gurgy
1661,Monistrol-d'Allier,87734335,44.9696648,3.6500424,monistrol d allier
1662,Monnaie,87574681,47.4987491,0.7932851,monnaie
1663,Monnerville,87545111,48.3484915,2.0320595,monnerville
1664,Monsempron-Libos,87586453,44.486631,0.9412277,monsempron libos
1665,Mont de Terre,87287128,50.6176672,3.0966031,mont de terre
1666,Mont-Dauphin - Guillestre,87763508,44.6746283,6.6156027,mont dauphin guillestre
1667,Mont-de-Marsan,87671016,43.884898,-0.50466,mont de marsan
1668,Mont-Louis - La Cabanasse,87784793,42.5020902,2.1131379,mont louis la cabanasse
1669,Mont-sur-Meurthe,87141143,48.5599456,6.4496444,mont sur meurthe
1670,Montaigu,87481465,46.983705,-1.316236,montaigu
1671,Montaigut-le-Blanc,87597674,46.1367425,1.7339815,montaigut le blanc
1672,Montargis,87684001,48.006862,2.742783,montargis
1673,Montastruc-la-Conseillère,87615369,43.715985,1.5979,montastruc la conseillere
1674,Montataire,87276618,49.2510365,2.4362155,montataire
1675,Montauban Ville Bourbon,87611244,44.014387,1.341496,montauban ville bourbon
1676,Montauban-de-Bretagne,87471086,48.190241,-2.052675,montauban de bretagne
1677,Montaudran,87612010,43.5734591,1.4804356,montaudran
1678,Montaut Bétharram,87672113,43.1269731,-0.1982813,montaut betharram
1679,Montbard,87713131,47.618747,4.33616,montbard
1680,Montbarrey,87718866,47.0359922,5.6366081,montbarrey
1681,Montbartier,87611699,43.9241555,1.264501,montbartier
1682,Montbazon,87571406,47.2917191,0.7214769,montbazon
1683,Montbéliard,87184523,47.5105086,6.8013763,montbeliard
1684,Montbizot,87396044,48.151513,0.1908607,montbizot
1685,Montbrison,87726448,45.604454,4.078282,montbrison
1686,Montceau-les-Mines,87694620,46.6706636,4.3610264,montceau les mines
1687,Montchanin,87694307,46.7592649,4.4814867,montchanin
1688,Montdidier,87313346,49.64147,2.563,montdidier
1689,Monte-Carlo Country Club,87338590,43.75438,7.44821,monte carlo country club
1690,Montélimar,87764001,44.559079,4.744792,montelimar
1691,Montendre,87491183,45.2805457,-0.3961726,montendre
1692,Montereau,87682302,48.379934,2.942972,montereau
1693,Montérolier - Buchy,87411454,49.6031854,1.3347457,monterolier buchy
1694,Montescourt-Lizerolles,87296418,49.7380842,3.2519756,montescourt lizerolles
1695,Monteux,87765818,44.0374619,4.9947813,monteux
1696,Montfavet,87765412,43.932635,4.873943,montfavet
1697,Montferrand - Thoraise,87718106,47.1847414,5.9074815,montferrand thoraise
1699,Montfort-le-Gesnois,87396291,48.0405657,0.4064237,montfort le gesnois
1700,Montfort-sur-Meu,87471078,48.138878,-1.949141,montfort sur meu
1703,Monthermé,87172056,49.865621,4.74053,montherme
1705,Montigny-en-Ostrevent,87345306,50.36151,3.18829,montigny en ostrevent
1707,Montlaur,87618207,43.4752405,1.5776454,montlaur
1708,Montlouis-sur-Loire,87571273,47.3915307,0.8173987,montlouis sur loire
1709,Montluçon,87641001,46.338101,2.596159,montlucon
1710,Montluçon Rimard,87323675,46.3355913,2.6115119,montlucon rimard
1711,Montluel,87723569,45.84777,5.057503,montluel
1712,Montmédy,87194209,49.5228775,5.3716718,montmedy
1713,Montmélian,87741181,45.503059,6.043289,montmelian
1714,Montmoreau,87583674,45.3982987,0.1380013,montmoreau
1715,Montmorillon,87575480,46.4174979,0.8737467,montmorillon
1716,Montoir-de-Bretagne,87481713,47.3210164,-2.1616777,montoir de bretagne
1717,Montpaon,87781534,43.8685236,3.1097221,montpaon
1718,Montpellier Saint-Roch,87773002,43.604738,3.880674,montpellier saint roch
1719,Montpellier Sud de France,87688887,43.594787,3.924623,montpellier sud de france
1720,Montpon-Ménestérol,87595322,45.006326,0.159328,montpon menesterol
1721,Montrabé,87611848,43.6450204,1.5240482,montrabe
1722,Montréjeau - Gourdan-Polignan,87611152,43.078109,0.5735,montrejeau gourdan polignan
1724,Montreuil sur Mer,87317164,50.4661948,1.7691662,montreuil sur mer
1725,Montreuil-Bellay,87487637,47.1254181,-0.1482834,montreuil bellay
1726,Montreuil-sur-Ille,87478032,48.307292,-1.674155,montreuil sur ille
1727,Montreuil-sur-Thérain,87316406,49.38152,2.2002529,montreuil sur therain
1728,Montreux-Vieux,87184275,47.6178576,7.0253947,montreux vieux
1729,Montrichard,87574855,47.3437658,1.1717596,montrichard
1730,Montroc le Planet,87746867,45.996415,6.9345425,montroc le planet
1731,Montrond-les-Bains,87726885,45.644429,4.248814,montrond les bains
1733,Monts,87575035,47.2818,0.65448,monts
1735,Montsûrs,87478537,48.14149,-0.5506416,montsurs
1736,Montville,87411801,49.551284,1.070046,montville
1737,Moosch,87182592,47.8607454,7.0507631,moosch
1738,Morannes,87484170,47.7390902,-0.4179693,morannes
1739,Morbier,87715433,46.5392164,6.0176446,morbier
1740,Morcenx,87673103,44.033565,-0.90864,morcenx
1742,Moreuil,87313320,49.77699,2.47582,moreuil
1743,Morez,87715441,46.5262166,6.023578,morez
1744,Morgny-la-Pommeraye,87411439,49.5232183,1.2478526,morgny la pommeraye
1745,Morhange,87192286,48.9366239,6.6590266,morhange
1746,Morières-lès-Avignon,87765420,43.9414696,4.9082052,morieres les avignon
1747,Morlaix,87474338,48.57797,-3.832514,morlaix
1749,Morre,87391300,47.2259417,6.0673029,morre
1751,Morteau,87718619,47.053727,6.604653,morteau
1752,Morvillars,87184424,47.54952,6.93511,morvillars
1753,Mothern,87212456,48.9347327,8.1615803,mothern
1754,Motteville,87411280,49.6365717,0.8497988,motteville
1755,Mouans-Sartoux,87401323,43.620318,6.974114,mouans sartoux
1756,Mouchard,87718833,46.976911,5.799644,mouchard
1758,Moulins sur Allier,87696328,46.561346,3.338842,moulins sur allier
1759,Moulis - Listrac,87581231,45.0840273,-0.7447365,moulis listrac
1760,Moult - Argences,87444190,49.1111851,-0.1864355,moult argences
1761,Mourmelon-le-Petit,87174409,49.1313076,4.3180982,mourmelon le petit
1763,Moustéru,87473512,48.5074512,-3.2435052,mousteru
1764,Moûtiers - Salins - Brides-les-Bains,87741728,45.486344,6.531425,moutiers salins brides les bains
1765,Mouy - Bury,87313577,49.32045,2.32635,mouy bury
1766,Moyeuvre-Grande,87191718,49.246713,6.043226,moyeuvre grande
1767,Muhlbach-sur-Munster,87182733,48.0246077,7.0875666,muhlbach sur munster
1768,Muizon,87171298,49.2781012,3.8915287,muizon
1769,Mulhouse,87182063,47.742224,7.342396,mulhouse
1770,Mulhouse Dornach,87182055,47.74713,7.308477,mulhouse dornach
1771,Mulhouse Musées,87534339,47.75136,7.29478,mulhouse musees
1772,Mulhouse Zu Rhein Tram-Train,87472639,47.743561,7.317015,mulhouse zu rhein tram train
1773,Mullerhof,87214643,48.52451,7.3119577,mullerhof
1774,Munchhausen,87212449,48.9237982,8.1409912,munchhausen
1775,Mundolsheim,87212100,48.6447732,7.721389,mundolsheim
1776,Munster,87182394,48.0383438,7.1341728,munster
1777,Munster Badischhof,87386540,48.0390754,7.1528861,munster badischhof
1778,Murat,87645481,45.1091483,2.8696045,murat
1779,Muret,87611038,43.464824,1.324449,muret
1781,Mussidan,87595298,45.034329,0.354071,mussidan
1782,Mutzig,87214585,48.5337753,7.4621581,mutzig
1783,Naintré,87575175,46.7595303,0.4963446,naintre
1784,Najac,87613463,44.221802,1.9761625,najac
1785,Namps - Quevauvillers,87313379,49.8082274,2.1053184,namps quevauvillers
1786,Nançois - Tronville,87175067,48.7180423,5.2912016,nancois tronville
1787,Nancy,87141002,48.689861,6.174583,nancy
1791,Nantes,87481002,47.216148,-1.542356,nantes
1793,Nanteuil-le-Haudouin,87271577,49.14275,2.79459,nanteuil le haudouin
1794,Nantiat,87592444,46.0056192,1.1563734,nantiat
1795,Narbonne,87781104,43.190387,3.00591,narbonne
1796,Naucelle,87615732,44.1854793,2.363504,naucelle
1797,Neau,87478545,48.1574807,-0.4766725,neau
1798,Négrondes,87595132,45.3460288,0.8611999,negrondes
1799,Nemours - Saint-Pierre,87684126,48.267884,2.685754,nemours saint pierre
1800,Nérondes,87576454,46.9996897,2.8221695,nerondes
1801,Nerpuy,87575167,46.7834177,0.5256884,nerpuy
1802,Nesle,87313486,49.7639147,2.9089882,nesle
1803,Neufchâteau,87141291,48.3583428,5.6904018,neufchateau
1804,Neufchâtel-Hardelot,87317099,50.62364,1.643115,neufchatel hardelot
1805,Neuillé-Pont-Pierre,87571547,47.5580135,0.5649155,neuille pont pierre
1808,Neussargues,87645507,45.1253044,2.9791866,neussargues
1809,Neuves-Maisons,87141507,48.6147666,6.1078904,neuves maisons
1810,Neuvic,87595272,45.0999632,0.4450162,neuvic
1812,Neuville-sur-Sarthe,87396028,48.0705577,0.1997294,neuville sur sarthe
1813,Neuvy-Pailloux,87597070,46.883564,1.8642473,neuvy pailloux
1814,Nevers,87696005,46.987282,3.150743,nevers
1815,Nevers Le Banlay,87559070,47.0068974,3.1636746,nevers le banlay
1816,Nexon,87592725,45.6915692,1.1784396,nexon
1818,Nice,87756056,43.704556,7.261904,nice
1819,Nice Pont Michel,87590299,43.72175,7.29144,nice pont michel
1820,Nice Riquier,87756353,43.705554,7.290175,nice riquier
1821,Nice Saint-Augustin,87756254,43.670728,7.216199,nice saint augustin
1822,Niederbronn-les-Bains,87213256,48.9523989,7.6341348,niederbronn les bains
1823,Nieppe,87287151,50.6966975,2.8289655,nieppe
1824,Nieul,87592410,45.9273896,1.1723974,nieul
1825,Nîmes,87775007,43.832291,4.365845,nimes
1826,Nîmes Pont du Gard,87703975,43.81681,4.50768,nimes pont du gard
1827,Niolon,87753582,43.340223,5.2569415,niolon
1828,Niort,87485300,46.319491,-0.454639,niort
1829,Niversac,87595512,45.1383083,0.8082195,niversac
1830,Nœux-les-Mines,87342139,50.48297,2.67393,n ux les mines
1833,Nogent-le-Rotrou,87394296,48.3255926,0.8103045,nogent le rotrou
1834,Nogent-sur-Seine,87118190,48.49783878,3.49372888,nogent sur seine
1835,Nogent-sur-Vernisson,87684274,47.8527938,2.7375773,nogent sur vernisson
1839,Noizay,87574368,47.4096869,0.8959456,noizay
1840,Nomain,87286609,50.5023744,3.2063499,nomain
1841,Nonancourt,87393553,48.7757257,1.1929162,nonancourt
1842,Nort-sur-Erdre,87481598,47.4419243,-1.5033645,nort sur erdre
1843,Nortkerque,87287292,50.8829544,2.0231501,nortkerque
1844,Notre-Dame de Briançon,87741694,45.5393185,6.4687785,notre dame de briancon
1845,Notre-Dame-d'Oé,87574699,47.4595668,0.7070252,notre dame d oe
1846,Nouan-le-Fuzelier,87543157,47.5337788,2.0330957,nouan le fuzelier
1847,Nouvion-sur-Meuse,87172213,49.6973135,4.794973,nouvion sur meuse
1848,Nouzonville,87172023,49.8120125,4.7428155,nouzonville
1849,Novéant-sur-Moselle,87192427,49.028635,6.052101,noveant sur moselle
1850,Novillars,87718411,47.2839618,6.1327011,novillars
1851,Noyal - Acigné,87471540,48.1187915,-1.5277646,noyal acigne
1852,Noyelles-sur-Mer,87317396,50.1875408,1.7045772,noyelles sur mer
1853,Noyen-sur-Sarthe,87396374,47.8744544,-0.0981755,noyen sur sarthe
1854,Noyon,87276782,49.57736,3.00641,noyon
1855,Nozières - Brignon,87775353,43.9760134,4.2072916,nozieres brignon
1856,Nuits sous Ravières,87713156,47.7291142,4.211186,nuits sous ravieres
1857,Nuits-Saint-Georges,87713529,47.130545,4.956204,nuits saint georges
1858,Nurieux-Volognat,87743351,46.1842195,5.5327486,nurieux volognat
1859,Obermodern-Zutzendorf,87213165,48.8426083,7.547015,obermodern zutzendorf
1860,Obernai,87214288,48.46219,7.48881,obernai
1861,Objat,87594630,45.2647335,1.4068293,objat
1862,Oderen,87182634,47.9118756,6.9734829,oderen
1863,Oermingen,87215632,49.0003724,7.1317322,oermingen
1864,Ogeu-les-Bains,87672709,43.153939,-0.5076467,ogeu les bains
1865,Oissel,87411207,49.34306,1.101799,oissel
1866,Olette - Canaveilles,87784728,42.55472,2.2719309,olette canaveilles
1867,Ollioules - Sanary-sur-Mer,87755231,43.122586,5.824979,ollioules sanary sur mer
1868,Olonne-sur-Mer,87486431,46.5486605,-1.76738,olonne sur mer
1869,Oloron-Sainte-Marie,87672725,43.1947669,-0.6122826,oloron sainte marie
1870,Ondres,87673319,43.5685809,-1.4571793,ondres
1871,Onville,87192435,49.01367,5.97909,onville
1872,Onzain - Chaumont-sur-Loire,87574319,47.492,1.18595,onzain chaumont sur loire
1873,Orange,87765107,44.137304,4.819594,orange
1875,Orchamps,87718361,47.1500962,5.659147,orchamps
1876,Orchies,87286583,50.47705,3.24888,orchies
1878,Orgon,87753707,43.7859131,5.0456738,orgon
1879,Orléans,87543009,47.90796,1.904666,orleans
1882,Orry-la-Ville - Coye,87276279,49.13895,2.49,orry la ville coye
1883,Ors,87295667,50.1031718,3.626754,ors
1884,Orthez,87672253,43.484242,-0.76776,orthez
1886,Ossès - Saint-Martin-d'Arrossa,87673707,43.2352119,-1.3048922,osses saint martin d arrossa
1887,Ostricourt,87345249,50.44542,3.03244,ostricourt
1888,Oudon,87481184,47.3433655,-1.291992,oudon
1889,Ouges,87712604,47.2559157,5.0727895,ouges
1890,Oullins,87722207,45.7166261,4.8135793,oullins
1891,Ourscamp,87276774,49.5341405,2.9540017,ourscamp
1892,Oyonnax,87743534,46.259742,5.653338,oyonnax
1894,Pagny-le-Château,87713669,47.0462492,5.2010538,pagny le chateau
1895,Pagny-sur-Meuse,87175828,48.6965426,5.7336468,pagny sur meuse
1896,Pagny-sur-Moselle,87192468,48.9852003,6.0250346,pagny sur moselle
1897,Paimpol,87473868,48.77694,-3.0460958,paimpol
1898,Pamiers,87611343,43.116207,1.619451,pamiers
1899,Pamproux,87485524,46.3996295,-0.051931,pamproux
1901,Paray-le-Monial,87694687,46.447312,4.113744,paray le monial
1903,Parempuyre,87581710,44.9447032,-0.6193396,parempuyre
1904,Parent - Coudes - Champeix,87734194,45.6139737,3.2178245,parent coudes champeix
1905,Paris Austerlitz,87547000,48.842285,2.364891,paris austerlitz
1906,Paris Bercy Bourgogne - Pays d'Auvergne,87686667,48.83917,2.38278,paris bercy bourgogne pays d auvergne
1907,Paris Est,87113001,48.876742,2.358424,paris est
1908,Paris Gare de Lyon,87686006,48.844888,2.37352,paris gare de lyon
1909,Paris Gare du Nord,87271007,48.880185,2.355151,paris gare du nord
1910,Paris Montparnasse,87391003,48.841172,2.320514,paris montparnasse
1911,Paris Saint-Lazare,87384008,48.876242,2.325331,paris saint lazare
1912,Parsac - Gouzon,87597724,46.1986154,2.1744416,parsac gouzon
1913,Pas des Lanciers,87753285,43.409655,5.253822,pas des lanciers
1914,Pau,87672006,43.291762,-0.369626,pau
1915,Pauillac,87581256,45.2038438,-0.7551342,pauillac
1916,Paulhaguet,87734293,45.2101978,3.5004445,paulhaguet
1917,Pavilly,87411272,49.563897,0.950644,pavilly
1918,Peltre,87192203,49.073877,6.2220476,peltre
1919,Penhoët,87321745,47.2907444,-2.2008664,penhoet
1920,Penne-d'Agenais,87586438,44.3799858,0.8029779,penne d agenais
1921,Penthièvre,87476424,47.5580254,-3.1330754,penthievre
1923,Pérenchies,87286278,50.66697,2.97729,perenchies
1924,Périgueux,87595009,45.187408,0.707879,perigueux
1925,Pernes - Camblain,87342550,50.4802048,2.4310823,pernes camblain
1926,Perpignan,87784009,42.696292,2.879779,perpignan
1927,Perrignier,87745620,46.303259,6.4249208,perrignier
1928,Pers,87645176,44.887025,2.2403887,pers
1929,Persan - Beaumont,87276469,49.14795,2.27914,persan beaumont
1930,Pertuis,87751362,43.6845547,5.5037023,pertuis
1931,Pessac,87581751,44.80461,-0.63185,pessac
1932,Pessac Alouette,87581793,44.793355,-0.65965,pessac alouette
1935,Petit-Croix,87184267,47.6101045,6.9947414,petit croix
1936,Peyrehorade,87672337,43.5468102,-1.1157577,peyrehorade
1937,Peyrilhac - Saint-Jouvent,87592428,45.9596182,1.1699844,peyrilhac saint jouvent
1938,Pezou,87574541,47.8673364,1.1408714,pezou
1939,Phalempin,87286500,50.5154,3.0199,phalempin
1940,Pibrac,87611830,43.621364,1.289237,pibrac
1941,Picon Busserine,87759290,43.3309989,5.3927456,picon busserine
1942,Picquigny,87313106,49.9461557,2.1432765,picquigny
1943,Pierre-Bénite,87722231,45.7066772,4.8245059,pierre benite
1944,Pierre-Buffière,87592253,45.6995226,1.3472667,pierre buffiere
1947,Pierrelatte,87764308,44.374719,4.703783,pierrelatte
1949,Pignans,87755389,43.298475,6.2248459,pignans
1950,Pihen-lès-Guînes,87316679,50.8727855,1.7845632,pihen les guines
1951,Pins-Justaret,87618116,43.479213,1.399645,pins justaret
1954,Plancoët,87473272,48.5216785,-2.2289207,plancoet
1955,Pléchâtel,87471177,47.8719509,-1.7763615,plechatel
1956,Plénée-Jugon,87473082,48.376656,-2.3546108,plenee jugon
1957,Plerguer,87478123,48.5314637,-1.8505895,plerguer
1958,Plestan,87473090,48.4256462,-2.4424607,plestan
1959,Pleudihen-sur-Rance,87478149,48.4993822,-1.9617515,pleudihen sur rance
1960,Pleyber-Christ,87474320,48.5078255,-3.8825543,pleyber christ
1961,Plouaret Trégor,87473181,48.6062816,-3.4668231,plouaret tregor
1962,Plougonver,87473538,48.4584133,-3.3704584,plougonver
1963,Plouharnel - Carnac,87476416,47.6042943,-3.1184482,plouharnel carnac
1964,Plouigneau,87474411,48.5647064,-3.7100572,plouigneau
1965,Plounérin,87473199,48.5816298,-3.5682311,plounerin
1966,Plouvara - Plerneuf,87473132,48.508585,-2.8925136,plouvara plerneuf
1967,Podensac,87582734,44.6489664,-0.3589057,podensac
1968,Pointe de Grave,87581397,45.567067,-1.0658575,pointe de grave
1970,Poitiers,87575001,46.582275,0.333241,poitiers
1971,Poix-de-Picardie,87313395,49.7778561,1.9897767,poix de picardie
1972,Poix-Terron,87172171,49.6500011,4.6365346,poix terron
1973,Poliénas,87761742,45.256006,5.4735849,polienas
1974,Poligny,87718189,46.8443393,5.7001051,poligny
1975,Polliat,87725846,46.24464,5.1238268,polliat
1976,Pomas,87615146,43.1123875,2.2892273,pomas
1977,Pompey,87141788,48.77304,6.13061,pompey
1978,Pons,87491100,45.5780767,-0.5389124,pons
1980,Pont d'Ardres,87281410,50.8920781,1.9712144,pont d ardres
1981,Pont de Bois,87286831,50.62403,3.13026,pont de bois
1982,Pont de Briques,87317115,50.6828164,1.6268038,pont de briques
1983,Pont de Dore,87734459,45.8427833,3.4903254,pont de dore
1985,Pont de la Deûle,87345207,50.39813,3.08503,pont de la deule
1986,Pont de Lignon,87726786,45.2597792,4.1372431,pont de lignon
1987,Pont de Rungis Aéroport d'Orly,87546192,48.748163,2.372792,pont de rungis aeroport d orly
1988,Pont de Sallaumines,87345124,50.4157922,2.8632044,pont de sallaumines
1991,Pont-à-Mousson,87141820,48.90058,6.050842,pont a mousson
1992,Pont-à-Vendin,87345264,50.4713812,2.8751938,pont a vendin
1993,Pont-d'Ain,87743120,46.053961,5.3343285,pont d ain
1994,Pont-de-Buis,87474056,48.2544024,-4.0861227,pont de buis
1995,Pont-de-l'Arche,87415661,49.3170928,1.1596559,pont de l arche
1996,Pont-de-Veyle,87725804,46.2679114,4.8930347,pont de veyle
1997,Pont-du-Château,87734087,45.7885543,3.2377829,pont du chateau
1998,Pont-l'Évêque,87444349,49.2870379,0.1921947,pont l eveque
1999,Pont-Melvez,87473520,48.4702228,-3.3114444,pont melvez
2000,Pont-Remy,87313130,50.0472341,1.8988404,pont remy
2001,Pont-Saint-Esprit,87764555,44.25352683371548,4.643263286805847,pont saint esprit
2002,Pont-Saint-Vincent,87141523,48.6023732,6.1031502,pont saint vincent
2003,Pont-Sainte-Maxence,87276329,49.30974,2.60289,pont sainte maxence
2004,Pont-sur-Yonne,87683136,48.286287,3.201463,pont sur yonne
2005,Pontanevaux,87725721,46.2130321,4.7728891,pontanevaux
2006,Pontarlier,87715003,46.900944,6.353524,pontarlier
2007,Pontchaillou,87471391,48.11918,-1.69107,pontchaillou
2008,Pontcharra - Saint-Forgeux,87721464,45.8714911,4.4927781,pontcharra saint forgeux
2009,Pontcharra sur Bréda,87747493,45.434151,6.007917,pontcharra sur breda
2010,Pontchâteau,87481846,47.435399,-2.088201,pontchateau
2011,Pontgouin,87394247,48.477867,1.1414359,pontgouin
2013,Pontmort,87734103,45.939486,3.1601248,pontmort
2015,Pontorson - Mont-Saint-Michel,87478263,48.5527286,-1.5049307,pontorson mont saint michel
2016,Pontrieux,87473843,48.7056437,-3.1574281,pontrieux
2017,Pontrieux Halte,87473835,48.6980361,-3.1644959,pontrieux halte
2019,Pornic,87481283,47.1145616,-2.0975565,pornic
2020,Pornichet,87481747,47.2705354,-2.3445765,pornichet
2021,Port Boulet,87571794,47.248836,0.155648,port boulet
2022,Port-Brillet,87478750,48.1106724,-0.9740682,port brillet
2023,Port-de-Bouc,87753459,43.4071317,4.9846006,port de bouc
2024,Port-de-Piles,87575076,47.0102599,0.5989179,port de piles
2025,Port-la-Nouvelle,87781062,43.0199342,3.0388188,port la nouvelle
2026,Port-Saint-Père - Saint-Mars,87481218,47.1164915,-1.7393069,port saint pere saint mars
2027,Port-Sainte-Marie,87586107,44.2504383,0.3905059,port sainte marie
2028,Port-Vendres,87784264,42.5136077,3.1025762,port vendres
2030,Porté-Puymorens,87611509,42.539136,1.8248462,porte puymorens
2031,Portet Saint-Simon,87611400,43.527904,1.389243,portet saint simon
2032,Portets,87582718,44.6929765,-0.4253931,portets
2033,Pougny - Chancy,87745380,46.1446674,5.9613614,pougny chancy
2034,Pougues-les-Eaux,87696211,47.0767837,3.0940304,pougues les eaux
2035,Pouilly-sur-Loire,87696179,47.2821696,2.9660634,pouilly sur loire
2036,Pouxeux,87144428,48.1039421,6.5810266,pouxeux
2037,Pouzauges,87487314,46.7523536,-0.8146784,pouzauges
2038,Prades - Molitg-les-Bains,87784637,42.6170988,2.4294184,prades molitg les bains
2040,Preignac,87582767,44.5783064,-0.3022296,preignac
2042,Prin-Deyrançon,87485268,46.2190177,-0.6365007,prin deyrancon
2043,Pringy,87746206,45.9395239,6.1232736,pringy
2044,Prissé-la-Charrière,87485359,46.15277,-0.4936249,prisse la charriere
2045,Prouvy - Thiant,87343418,50.3167933,3.4610838,prouvy thiant
2046,Provenchères-sur-Fave,87144345,48.3046291,7.0854904,provencheres sur fave
2048,Prunay,87171629,49.1988,4.18364,prunay
2049,Pruniers-en-Sologne,87576199,47.313174,1.6722045,pruniers en sologne
2050,Puget-Ville,87755363,43.283085,6.1384483,puget ville
2052,Puybrun,87594754,44.9216335,1.7841548,puybrun
2053,Puyoô,87672279,43.5245425,-0.9108149,puyoo
2054,Quédillac,87473058,48.2484804,-2.1452204,quedillac
2055,Questembert,87476671,47.6831803,-2.4496002,questembert
2056,Quiberon,87476457,47.4852978,-3.1181869,quiberon
2057,Quimper,87474098,47.994455,-4.092103,quimper
2058,Quimperlé,87476317,47.869375,-3.552693,quimperle
2059,Quincieux,87721290,45.9068815,4.7785643,quincieux
2060,Rabastens - Coufouleux,87615328,43.819751,1.730567,rabastens coufouleux
2061,Raedersheim,87182717,47.8869059,7.2840467,raedersheim
2062,Raismes,87343319,50.3902495,3.4788322,raismes
2063,Rambouillet,87393314,48.64377,1.83154,rambouillet
2064,Ranchot,87718338,47.1525633,5.7246607,ranchot
2065,Rang-du-Fliers - Verton - Berck,87317057,50.41579,1.64805,rang du fliers verton berck
2066,Ranguin,87757732,43.5691636,6.9693134,ranguin
2067,Ranspach,87182402,47.88157,7.01266,ranspach
2068,Raon-l'Étape,87144626,48.404002,6.837302,raon l etape
2069,Rassuen,87753426,43.4966716,4.9731266,rassuen
2070,Razac-sur-l'Isle,87595223,45.1659287,0.5992849,razac sur l isle
2071,Réaumont - Saint-Cassien,87747279,45.3688217,5.5346895,reaumont saint cassien
2072,Recquignies,87295022,50.2840466,4.0445029,recquignies
2073,Réding,87215079,48.7429595,7.095885,reding
2074,Redon,87471300,47.652004,-2.08777,redon
2075,Régny,87721050,45.987705,4.2150753,regny
2076,Reichshoffen,87213249,48.9310582,7.658132,reichshoffen
2077,Reignac-sur-Indre,87571455,47.2178494,0.9013322,reignac sur indre
2078,Reignier-Ésery,87746511,46.1256159,6.2675466,reignier esery
2079,Reims,87171009,49.258978,4.024435,reims
2080,Reims Maison Blanche,87171272,49.2336853,4.0224927,reims maison blanche
2081,Rémilly,87192237,49.0140249,6.3950968,remilly
2082,Remiremont,87144451,48.016363,6.598855,remiremont
2084,Remy,87313403,49.4331452,2.7059434,remy
2085,Renescure,87281451,50.732006,2.3713644,renescure
2086,Rennes,87471003,48.103517,-1.672744,rennes
2087,Rethel,87172270,49.504393,4.369566,rethel
2088,Retiers,87471359,47.9132599,-1.3898439,retiers
2089,Retournac,87734749,45.2013468,4.0361169,retournac
2090,Reuilly,87597039,47.0853677,2.0474783,reuilly
2091,Revigny-sur-Ornain,87175018,48.8240449,4.9855736,revigny sur ornain
2092,Revin,87172080,49.938756,4.642536,revin
2093,Rezé Pont Rousseau,87481036,47.1932425,-1.5495445,reze pont rousseau
2094,Ria-Sirach,87784660,42.6034078,2.3907488,ria sirach
2095,Ribécourt-Dreslincourt,87276766,49.50633,2.92714,ribecourt dreslincourt
2096,Riedseltz,87213462,48.991063,7.962988,riedseltz
2097,Rieux - Angicourt,87276352,49.29866,2.5214,rieux angicourt
2098,Rilly-la-Montagne,87171595,49.1664524,4.0408608,rilly la montagne
2099,Riom - Châtel-Guyon,87734053,45.889965,3.120498,riom chatel guyon
2101,Rivarennes,87571653,47.2677425,0.3618999,rivarennes
2102,Rive-de-Gier,87726331,45.524324,4.606648,rive de gier
2103,Rives,87747246,45.357535,5.491893,rives
2104,Rivesaltes,87784173,42.7664405,2.86789,rivesaltes
2105,Rixheim,87182071,47.74896,7.406404,rixheim
2106,Roanne,87726802,46.039383,4.063207,roanne
2107,Rocamadour - Padirac,87613042,44.8183562,1.6573487,rocamadour padirac
2108,Roche-lez-Beaupré,87718403,47.2762881,6.1109651,roche lez beaupre
2109,Rochefort,87485144,45.947189,-0.963556,rochefort
2110,Rochy-Condé,87313601,49.3986042,2.1727344,rochy conde
2111,Rodez,87613422,44.362633,2.58056,rodez
2112,Roeschwoog,87212407,48.8334661,8.0298738,roeschwoog
2113,Rœux,87342089,50.3034404,2.8950172,r ux
2114,Rognac,87753251,43.4866,5.230666,rognac
2116,Romanèche-Thorins,87725739,46.1763913,4.7421014,romaneche thorins
2117,Romans - Bourg-de-Péage,87761650,45.048857,5.0498,romans bourg de peage
2118,Rombas - Clouange,87191734,49.2560553,6.0990538,rombas clouange
2119,Romilly-la-Puthenaye,87387175,49.0039213,0.8548621,romilly la puthenaye
2120,Romilly-sur-Seine,87118158,48.514433,3.728887,romilly sur seine
2121,Romorantin-Lanthenay,87576025,47.3554468,1.7390137,romorantin lanthenay
2122,Ronchamp,87185314,47.6990308,6.6232791,ronchamp
2123,Ronchin,87286534,50.6045664,3.0783734,ronchin
2124,Roppenheim,87212415,48.8510962,8.0623108,roppenheim
2125,Roquebrune-Cap-Martin,87756460,43.7606178,7.457343,roquebrune cap martin
2126,Roquesérière - Buzet,87615351,43.7512472,1.6198753,roqueseriere buzet
2128,Rosheim,87214320,48.50525,7.49093,rosheim
2129,Rosières-aux-Salines,87141127,48.60563,6.350457,rosieres aux salines
2130,Rosières-en-Santerre,87313460,49.82253,2.71141,rosieres en santerre
2133,Rosny-sur-Seine,87415885,48.997287,1.63009,rosny sur seine
2134,Rosporden,87474155,47.960273,-3.832763,rosporden
2135,Rosult,87286567,50.4563667,3.3490115,rosult
2136,Rothau,87214726,48.4590026,7.2074902,rothau
2137,Roubaix,87286732,50.69561,3.16348,roubaix
2138,Rouen Rive Droite,87411017,49.448764,1.094087,rouen rive droite
2139,Rouffach,87182337,47.9602481,7.312455,rouffach
2141,Rouillé,87485532,46.4190206,0.042169,rouille
2142,Rountzenheim,87212373,48.820435,8.0119078,rountzenheim
2143,Royan,87491803,45.625886,-1.016703,royan
2144,Royat - Chamalières,87734038,45.7676495,3.0615022,royat chamalieres
2145,Rue,87317404,50.27308,1.6757,rue
2146,Ruffec,87583849,46.0305185,0.1902055,ruffec
2147,Ruffey-lès-Echirey,87713826,47.370587,5.079358,ruffey les echirey
2148,Rully,87712026,46.8804303,4.761033,rully
2149,Rumilly,87746149,45.862989,5.947938,rumilly
2150,Ruminghem,87287300,50.8620636,2.1576706,ruminghem
2152,Russ Hersbach,87214684,48.4982211,7.2519246,russ hersbach
2153,Saales,87214783,48.3471556,7.1103726,saales
2154,Sablé-sur-Sarthe,87396408,47.8415934,-0.3419359,sable sur sarthe
2155,Saillagouse,87784835,42.4568855,2.0321126,saillagouse
2156,Saillans,87761817,44.6944365,5.1940397,saillans
2157,Saillat - Chassenon,87592717,45.8696297,0.8117415,saillat chassenon
2158,Sain-Bel,87721605,45.811097,4.6012445,sain bel
2159,Saincaize-Meauce,87696260,46.9314165,3.0718704,saincaize meauce
2160,Sains-du-Nord,87295709,50.0889485,4.0016955,sains du nord
2161,Saint-Agnan,87694851,46.5020038,3.8788002,saint agnan
2162,Saint-Agne,87611301,43.579674,1.450209,saint agne
2163,Saint-Aignan - Noyers,87574897,47.2869126,1.3838369,saint aignan noyers
2164,Saint-Aigulin - La Roche-Chalais,87584540,45.1573163,-0.0189768,saint aigulin la roche chalais
2165,Saint-Amand-les-Eaux,87343103,50.44331,3.41952,saint amand les eaux
2166,Saint-Amand-Longpré,87574640,47.693141,1.0119896,saint amand longpre
2167,Saint-Amand-Montrond - Orval,87576322,46.7265409,2.4859441,saint amand montrond orval
2168,Saint-Amarin,87182600,47.8728596,7.0287447,saint amarin
2169,Saint-Amour,87718296,46.4338244,5.3341853,saint amour
2170,Saint-André-de-Corcy,87723734,45.925911,4.948846,saint andre de corcy
2171,Saint-André-de-Cubzac,87491241,44.991255,-0.440479,saint andre de cubzac
2172,Saint-André-le-Gaz,87723494,45.544518,5.524187,saint andre le gaz
2173,Saint-André-lez-Lille,87286195,50.6544842,3.0475916,saint andre lez lille
2174,Saint-Antoine,87751826,43.3695993,5.3578102,saint antoine
2175,Saint-Antoine-de-Breuilh,87584201,44.8466877,0.15196,saint antoine de breuilh
2176,Saint-Antoine-du-Rocher,87571539,47.503839,0.6164676,saint antoine du rocher
2177,Saint-Armel,87471318,48.014405,-1.5948867,saint armel
2178,Saint-Astier,87595249,45.139027,0.522808,saint astier
2179,Saint-Aubin - Saint-Luperce,87394213,48.4476422,1.3318387,saint aubin saint luperce
2180,Saint-Aubin-sur-Scie,87415125,49.8717479,1.0666642,saint aubin sur scie
2181,Saint-Aulaire,87594622,45.2488414,1.3986965,saint aulaire
2182,Saint-Aunès,87773465,43.6354383,3.9628994,saint aunes
2183,Saint-Avold,87193318,49.085873,6.7206141,saint avold
2184,Saint-Avre - La Chambre,87741306,45.3530978,6.3028277,saint avre la chambre
2185,Saint-Ay,87574129,47.863133,1.7499597,saint ay
2186,Saint-Béron - La Bridoire,87741454,45.5038935,5.7319345,saint beron la bridoire
2187,Saint-Blaise-la-Roche Poutay,87214742,48.4076094,7.165329,saint blaise la roche poutay
2188,Saint-Bonnet-de-Rochefort,87641076,46.1483796,3.1393877,saint bonnet de rochefort
2189,Saint-Brice-sur-Vienne,87592691,45.8781476,0.9523481,saint brice sur vienne
2190,Saint-Brieuc,87473009,48.50758,-2.765,saint brieuc
2191,Saint-Césaire,87775072,43.8133863,4.3276399,saint cesaire
2192,Saint-Chamas,87753202,43.5511577,5.0402963,saint chamas
2193,Saint-Chamond,87726307,45.47257,4.51695,saint chamond
2194,Saint-Chély-d'Apcher,87783241,44.8017375,3.2706895,saint chely d apcher
2196,Saint-Christophe-Vallon,87613257,44.464619,2.4077585,saint christophe vallon
2197,Saint-Clair - Les Roches,87722652,45.450392,4.769707,saint clair les roches
2198,Saint-Claude,87743633,46.3899539,5.8603471,saint claude
2199,Saint-Clément - Laronxe,87141374,48.5312283,6.6081108,saint clement laronxe
2201,Saint-Cyprien,87595777,44.8632733,1.0434666,saint cyprien
2202,Saint-Cyprien Arènes,87446179,43.593438,1.417986,saint cyprien arenes
2203,Saint-Cyr Les Lecques - La Cadière,87755215,43.185509,5.703858,saint cyr les lecques la cadiere
2204,Saint-Cyr-en-Val La Source,87543116,47.8192,1.9476045,saint cyr en val la source
2207,Saint-Denis-de-Pile,87584508,44.9786053,-0.1980825,saint denis de pile
2208,Saint-Denis-des-Murs,87592097,45.7889106,1.5514368,saint denis des murs
2209,Saint-Denis-lès-Martel,87594572,44.9459316,1.6663378,saint denis les martel
2210,Saint-Dié-des-Vosges,87144014,48.282225,6.948656,saint die des vosges
2211,Saint-Dizier,87175000,48.642404,4.947855,saint dizier
2212,Saint-Égrève Saint-Robert,87747352,45.2357234,5.6712687,saint egreve saint robert
2213,Saint-Émilion,87584102,44.8811665,-0.1592003,saint emilion
2214,Saint-Erme-Outre-et-Ramecourt,87171751,49.5269865,3.8576502,saint erme outre et ramecourt
2215,Saint-Étienne Bellevue,87726190,45.417128,4.392734,saint etienne bellevue
2216,Saint-Étienne Carnot,87726901,45.446976,4.385317,saint etienne carnot
2217,Saint-Étienne Châteaucreux,87726000,45.443366,4.399722,saint etienne chateaucreux
2218,Saint-Étienne La Terrasse,87726158,45.464843,4.379601,saint etienne la terrasse
2219,Saint-Étienne Le Clapier,87726174,45.4371122,4.3782267,saint etienne le clapier
2220,Saint-Étienne-de-Montluc,87481812,47.2747167,-1.7857107,saint etienne de montluc
2221,Saint-Étienne-du-Rouvray,87411215,49.3771553,1.1095673,saint etienne du rouvray
2223,Saint-Féliu-d'Avall,87784520,42.6772874,2.7378217,saint feliu d avall
2224,Saint-Florent-sur-Cher,87576272,46.9921865,2.2525668,saint florent sur cher
2225,Saint-Florentin - Vergigny,87683318,47.981058,3.731036,saint florentin vergigny
2226,Saint-Flour - Chaudes-Aigues,87783175,45.0350122,3.1062862,saint flour chaudes aigues
2227,Saint-Fons,87728501,45.7058114,4.8525663,saint fons
2228,Saint-Gaudens,87611137,43.105034,0.729104,saint gaudens
2229,Saint-Geniès-de-Malgoirès,87775361,43.9501684,4.2149416,saint genies de malgoires
2230,Saint-Genouph,87571851,47.3710109,0.5969502,saint genouph
2231,Saint-Georges-d'Aurac,87734301,45.1605341,3.4947035,saint georges d aurac
2232,Saint-Georges-de-Commiers,87747568,45.0437667,5.7017874,saint georges de commiers
2233,Saint-Georges-de-Luzençon,87783423,44.066553,2.983784,saint georges de luzencon
2234,Saint-Georges-de-Reneins,87721340,46.0621952,4.7188908,saint georges de reneins
2235,Saint-Geours-de-Maremne,87673269,43.6713719,-1.2412599,saint geours de maremne
2236,Saint-Germain-au-Mont-d'Or,87721282,45.888352,4.804265,saint germain au mont d or
2237,Saint-Germain-des-Fossés,87732206,46.209185,3.430614,saint germain des fosses
2238,Saint-Germain-du-Puy,87576405,47.0965233,2.4846102,saint germain du puy
2239,Saint-Germain-les-Belles,87592287,45.6098703,1.4800397,saint germain les belles
2240,Saint-Germain-sur-Ille,87478016,48.2394802,-1.6541804,saint germain sur ille
2241,Saint-Gervais-les-Bains Le Fayet,87746479,45.906423,6.701331,saint gervais les bains le fayet
2242,Saint-Gildas-des-Bois,87476762,47.516614,-2.0438923,saint gildas des bois
2243,Saint-Gilles Lycée Haut-Rhin,87181552,48.0758611,7.2609746,saint gilles lycee haut rhin
2244,Saint-Gilles-Croix-de-Vie,87486571,46.696466,-1.941296,saint gilles croix de vie
2246,Saint-Hilaire - Brizambourg,87491324,45.85007,-0.5347155,saint hilaire brizambourg
2247,Saint-Hilaire - Saint-Nazaire,87761684,45.0713405,5.243851,saint hilaire saint nazaire
2248,Saint-Hilaire-de-Chaléons,87481234,47.1057704,-1.8650604,saint hilaire de chaleons
2249,Saint-Hilaire-de-Riez,87486563,46.7166736,-1.9496838,saint hilaire de riez
2250,Saint-Hilaire-sur-Helpe,87297531,50.1319709,3.9140099,saint hilaire sur helpe
2251,Saint-Jacques-de-la-Lande,87471052,48.0670983,-1.7142367,saint jacques de la lande
2252,Saint-Jean-d'Angély,87491357,45.9407739,-0.5097829,saint jean d angely
2253,Saint-Jean-de-Losne,87713651,47.0997302,5.2441226,saint jean de losne
2254,Saint-Jean-de-Luz - Ciboure,87677120,43.385838,-1.66122,saint jean de luz ciboure
2255,Saint-Jean-de-Maurienne Arvan,87742320,45.277542,6.354716,saint jean de maurienne arvan
2256,Saint-Jean-de-Verges,87611624,43.0128587,1.608059,saint jean de verges
2257,Saint-Jean-Pied-de-Port,87673723,43.1679394,-1.2380129,saint jean pied de port
2258,Saint-Jodard,87726851,45.8857125,4.125231,saint jodard
2259,Saint-Jory,87611657,43.738375,1.371619,saint jory
2260,Saint-Joseph le Castellas,87759316,43.3518976,5.3770681,saint joseph le castellas
2261,Saint-Julien - Clénay,87713834,47.4060132,5.1281864,saint julien clenay
2262,Saint-Julien-du-Sault,87683227,48.0269195,3.302688,saint julien du sault
2263,Saint-Julien-en-Genevois,87745430,46.142044,6.0855358,saint julien en genevois
2264,Saint-Junien,87592709,45.8813844,0.9004849,saint junien
2265,Saint-Just-en-Chaussée,87313270,49.50364,2.42949,saint just en chaussee
2266,Saint-Laurent - Gainneville,87413310,49.5285649,0.2522963,saint laurent gainneville
2267,Saint-Laurent-d'Aigouze,87775841,43.6392883,4.1930703,saint laurent d aigouze
2268,Saint-Laurent-de-la-Prée - Fouras,87485136,45.9930002,-1.0274305,saint laurent de la pree fouras
2269,Saint-Laurent-du-Var,87756346,43.662451,7.194413,saint laurent du var
2270,Saint-Laurent-en-Grandvaux,87715417,46.5747975,5.9512119,saint laurent en grandvaux
2271,Saint-Léger-sur-Dheune,87694364,46.8484526,4.6286039,saint leger sur dheune
2272,Saint-Léon-sur-l'Isle,87595264,45.1233004,0.4923106,saint leon sur l isle
2273,Saint-Léonard-de-Noblat,87592071,45.8320199,1.481686,saint leonard de noblat
2276,Saint-Lô,87447003,49.116975,-1.099525,saint lo
2277,Saint-Lothain,87718197,46.8231806,5.6439849,saint lothain
2278,Saint-Loubès,87584730,44.9224009,-0.4333056,saint loubes
2279,Saint-Louis,87182139,47.5906094,7.5559882,saint louis
2280,Saint-Louis La Chaussée,87181016,47.6094781,7.5312095,saint louis la chaussee
2281,Saint-Macaire,87582825,44.5686216,-0.2270601,saint macaire
2282,Saint-Maixent-L'École,87485490,46.406607,-0.201073,saint maixent l ecole
2283,Saint-Malo,87478107,48.646859,-2.004158,saint malo
2285,Saint-Marcel,87751701,43.28818,5.4671155,saint marcel
2286,Saint-Marcel en Dombes,87723742,45.9503701,4.9775148,saint marcel en dombes
2287,Saint-Marcellin,87761718,45.150898,5.323649,saint marcellin
2288,Saint-Mariens - Saint-Yzan,87491209,45.139072,-0.3917824,saint mariens saint yzan
2289,Saint-Mars-la-Brière,87396283,48.0285239,0.3656778,saint mars la briere
2291,Saint-Martin du Touch,87353599,43.5997881,1.3718548,saint martin du touch
2292,Saint-Martin-d'Oney,87671495,43.9301115,-0.6516933,saint martin d oney
2293,Saint-Martin-de-Crau,87753681,43.6223344,4.8003403,saint martin de crau
2294,Saint-Martin-du-Mont,87743112,46.095871,5.303003,saint martin du mont
2295,Saint-Martin-le-Beau,87574459,47.3552058,0.9058418,saint martin le beau
2296,Saint-Martory,87611103,43.1385721,0.934859,saint martory
2297,Saint-Mathurin-sur-Loire,87487892,47.4122473,-0.3182267,saint mathurin sur loire
2298,Saint-Maurice-de-Beynost,87723536,45.827421,4.976986,saint maurice de beynost
2299,Saint-Médard-d'Eyrans,87582692,44.7168571,-0.5057172,saint medard d eyrans
2300,Saint-Médard-de-Guizières,87584607,45.0155723,-0.0488253,saint medard de guizieres
2301,Saint-Médard-sur-Ille,87478024,48.2742219,-1.6674886,saint medard sur ille
2302,Saint-Michel - Valloire,87742361,45.216916,6.4719135,saint michel valloire
2304,Saint-Michel-sur-Meurthe,87144683,48.3269843,6.8882777,saint michel sur meurthe
2306,Saint-Nabord,87146217,48.0461722,6.5818945,saint nabord
2307,Saint-Nazaire,87481705,47.286412,-2.211096,saint nazaire
2310,Saint-Omer,87281444,50.7536204,2.2667624,saint omer
2311,Saint-Omer-en-Chaussée,87313718,49.5306261,1.9970829,saint omer en chaussee
2316,Saint-Paterne-Racan,87571554,47.6042003,0.4783289,saint paterne racan
2317,Saint-Patrice,87571810,47.2855394,0.3096916,saint patrice
2318,Saint-Paul-de-Varax,87723783,46.1000331,5.1282046,saint paul de varax
2319,Saint-Pé-de-Bigorre,87671362,43.1015768,-0.1619763,saint pe de bigorre
2320,Saint-Péray,87761494,44.94771,4.85035,saint peray
2321,Saint-Piat,87394148,48.5429526,1.5904889,saint piat
2322,Saint-Pierre-d'Albigny,87741223,45.557397,6.156151,saint pierre d albigny
2323,Saint-Pierre-d'Aurillac,87582833,44.5752452,-0.1876216,saint pierre d aurillac
2324,Saint-Pierre-de-Chignac,87595520,45.1234881,0.856103,saint pierre de chignac
2325,Saint-Pierre-des-Corps,87571240,47.386099,0.72355,saint pierre des corps
2326,Saint-Pierre-en-Faucigny,87746313,46.0593442,6.3757533,saint pierre en faucigny
2327,Saint-Pierre-la-Cour,87478768,48.1135968,-1.0252972,saint pierre la cour
2328,Saint-Pierre-le-Moûtier,87696294,46.7932373,3.1117427,saint pierre le moutier
2329,Saint-Pierre-Quiberon,87476440,47.5210574,-3.138905,saint pierre quiberon
2330,Saint-Pierre-sur-Dives,87444216,49.0231057,-0.0405855,saint pierre sur dives
2331,Saint-Pol-sur-Ternoise,87342337,50.37913,2.33939,saint pol sur ternoise
2332,Saint-Priest,87723353,45.686659,4.934242,saint priest
2333,Saint-Priest-Taurion,87592055,45.8872383,1.4002297,saint priest taurion
2334,Saint-Quentin,87296004,49.8400482,3.2970089,saint quentin
2335,Saint-Quentin en Yvelines - Montigny-le-Bretonneux,87393843,48.78657,2.04523,saint quentin en yvelines montigny le bretonneux
2336,Saint-Quentin-Fallavier,87723387,45.638109,5.099896,saint quentin fallavier
2337,Saint-Rambert-d'Albon,87761106,45.297797,4.810849,saint rambert d albon
2338,Saint-Rambert-en-Bugey,87743740,45.9473397,5.438622,saint rambert en bugey
2339,Saint-Raphaël Valescure,87757526,43.42356,6.769083,saint raphael valescure
2340,Saint-Remy-en-l'Eau,87313288,49.4681726,2.4258609,saint remy en l eau
2341,Saint-Roch,87313080,49.8933575,2.2837132,saint roch
2342,Saint-Romain-de-Popey,87721456,45.8616053,4.5423351,saint romain de popey
2343,Saint-Romain-le-Puy,87726430,45.5545543,4.1208275,saint romain le puy
2344,Saint-Rome-de-Cernon,87783431,44.013981,2.9673744,saint rome de cernon
2345,Saint-Saturnin-lès-Avignon,87765438,43.9531783,4.9352794,saint saturnin les avignon
2346,Saint-Savinien,87491035,45.8759277,-0.6778775,saint savinien
2347,Saint-Saviol,87575365,46.1470046,0.2179,saint saviol
2348,Saint-Sébastien,87592493,46.3859938,1.5466809,saint sebastien
2349,Saint-Sébastien Frêne Rond,87354597,47.1903914,-1.4957437,saint sebastien frene rond
2350,Saint-Sébastien Pas Enchantés,87354589,47.2069513,-1.5109069,saint sebastien pas enchantes
2351,Saint-Senoux - Pléchâtel,87471169,47.8977519,-1.7661904,saint senoux plechatel
2352,Saint-Seurin-sur-l'Isle,87584615,45.0114075,-0.0026606,saint seurin sur l isle
2353,Saint-Sulpice - Auteuil,87313684,49.3473824,2.1164133,saint sulpice auteuil
2354,Saint-Sulpice - Izon,87584722,44.9142742,-0.392135,saint sulpice izon
2355,Saint-Sulpice (Tarn),87615344,43.775073,1.680702,saint sulpice tarn
2356,Saint-Sulpice-Laurière,87592345,46.0469183,1.4762218,saint sulpice lauriere
2357,Saint-Symphorien-de-Marmagne,87694174,46.8442215,4.3377542,saint symphorien de marmagne
2358,Saint-Thégonnec,87474312,48.4942082,-3.9483116,saint thegonnec
2359,Saint-Vallier sur Rhône,87761130,45.186395,4.81439,saint vallier sur rhone
2360,Saint-Victor - Thizy,87721043,46.0024781,4.2810245,saint victor thizy
2361,Saint-Victor-l'Abbaye,87415166,49.6770346,1.1097122,saint victor l abbaye
2362,Saint-Victurnien,87592683,45.8765887,1.0095737,saint victurnien
2363,Saint-Vincent le Château,87734715,45.1488794,3.9186273,saint vincent le chateau
2364,Saint-Vincent-de-Tyrosse,87673277,43.657736,-1.306493,saint vincent de tyrosse
2365,Saint-Vit,87718320,47.183507,5.809057,saint vit
2366,Saint-Yrieix-la-Perche,87592824,45.5192516,1.2053608,saint yrieix la perche
2367,Sainte-Anne,87476648,47.6785805,-2.96048,sainte anne
2368,Sainte-Bazeille,87586479,44.5326935,0.0931269,sainte bazeille
2369,Sainte-Cécile-d'Andorge,87775239,44.2554362,3.9758497,sainte cecile d andorge
2370,Sainte-Colombe,87715151,46.879207,6.2659748,sainte colombe
2372,Sainte-Eulalie - Carbon-Blanc,87491282,44.8978327,-0.4939737,sainte eulalie carbon blanc
2373,Sainte-Foy-la-Grande,87584193,44.836886,0.221519,sainte foy la grande
2374,Sainte-Gauburge,87444604,48.7172632,0.4281082,sainte gauburge
2376,Sainte-Lizaigne,87597054,47.002251,2.0298004,sainte lizaigne
2377,Sainte-Marthe en Provence,87751842,43.3392414,5.390412,sainte marthe en provence
2378,Sainte-Maure - Noyant,87575050,47.1112361,0.5769439,sainte maure noyant
2379,Sainte-Pazanne,87481226,47.1055419,-1.8138744,sainte pazanne
2380,Saintes,87491001,45.74874,-0.6179,saintes
2381,Salbris,87543165,47.42522,2.04778,salbris
2382,Sallanches - Combloux - Megève,87746438,45.935702,6.636431,sallanches combloux megeve
2383,Sallaumines,87345215,50.4223266,2.8556769,sallaumines
2384,Salles-Courbatiès,87613877,44.4751593,2.0787662,salles courbaties
2385,Salomé,87342451,50.5414529,2.8366078,salome
2386,Salon-de-Provence,87753764,43.639061,5.088569,salon de provence
2387,Salses-le-Château,87784157,42.8356091,2.9174466,salses le chateau
2389,Sanry-sur-Nied,87192229,49.0445991,6.3399775,sanry sur nied
2390,Santenay les Bains,87713594,46.9106752,4.7017523,santenay les bains
2391,Santes,87286401,50.5920123,2.961977,santes
2393,Saône,87718502,47.2097669,6.1013089,saone
2395,Sarlat-la-Canéda,87595827,44.8770213,1.220328,sarlat la caneda
2396,Sarliève - Cournon,87734152,45.7387697,3.1681196,sarlieve cournon
2397,Sarrance,87672766,43.0496,-0.599962,sarrance
2398,Sarre-Union,87215459,48.9360172,7.0850443,sarre union
2399,Sarrebourg,87215012,48.73808,7.05285,sarrebourg
2400,Sarreguemines,87193615,49.1073357,7.0686398,sarreguemines
2402,Sathonay - Rillieux,87723700,45.820264,4.875315,sathonay rillieux
2403,Saubusse,87673251,43.6603331,-1.1901703,saubusse
2404,Saujon,87491811,45.6665019,-0.9300187,saujon
2405,Saulon,87713628,47.224035,5.1045991,saulon
2406,Saumur,87487603,47.269,-0.07136,saumur
2407,Sausset-les-Pins,87753558,43.332864,5.110001,sausset les pins
2408,Sauveterre-la-Lémance,87586495,44.5893893,1.0115419,sauveterre la lemance
2409,Savenay,87481838,47.35859,-1.950957,savenay
2410,Savennières - Béhuard,87484329,47.3817332,-0.6540004,savennieres behuard
2411,Saverdun,87611368,43.239357,1.570616,saverdun
2412,Saverne,87212225,48.7444606,7.3620802,saverne
2415,Savonnières,87571844,47.3605797,0.5441817,savonnieres
2416,Savy-Berlette,87342253,50.3538756,2.5577316,savy berlette
2417,Sceaux - Boëssé,87396317,48.1221004,0.5724063,sceaux boesse
2418,Scherwiller,87214205,48.2869344,7.4301867,scherwiller
2419,Schirmeck - La Broque,87214692,48.47973,7.21594,schirmeck la broque
2420,Schweighouse-sur-Moder,87213108,48.8286765,7.7425635,schweighouse sur moder
2421,Schwindratzheim,87212159,48.7536468,7.6005468,schwindratzheim
2422,Seclin,87286518,50.5486319,3.0350084,seclin
2423,Sedan,87172254,49.695024,4.930373,sedan
2424,Sées,87444695,48.5998998,0.1661851,sees
2425,Sélestat,87214056,48.2601166,7.443278,selestat
2426,Selles-Saint-Denis,87576140,47.3883857,1.9222038,selles saint denis
2427,Selles-sur-Cher,87576868,47.2816956,1.5461989,selles sur cher
2428,Seltz,87212431,48.8965635,8.0986724,seltz
2429,Sénas,87753715,43.7409571,5.0733645,senas
2430,Sennecey-le-Grand,87725614,46.6406445,4.874316,sennecey le grand
2431,Senozan,87725671,46.3921451,4.8710626,senozan
2432,Sens,87683003,48.197856,3.267833,sens
2433,Sept-Saulx,87171645,49.1511332,4.2569742,sept saulx
2434,Septèmes-les-Vallons,87751800,43.4031137,5.3701756,septemes les vallons
2435,Sérézin-du-Rhône,87722546,45.62716,4.81806,serezin du rhone
2438,Sermizelles - Vézelay,87683722,47.5289068,3.7928695,sermizelles vezelay
2439,Serqueux,87411470,49.6315093,1.5395267,serqueux
2440,Serquigny,87444315,49.1074117,0.7189895,serquigny
2441,Serres,87763722,44.4246573,5.7184201,serres
2442,Servas - Lent,87723791,46.1306663,5.1681312,servas lent
2443,Servon-sur-Vilaine,87471532,48.112224,-1.4667757,servon sur vilaine
2444,Servoz,87746719,45.9244592,6.763444,servoz
2445,Sessenheim,87212365,48.7964628,7.9893194,sessenheim
2446,Sète,87773200,43.412485,3.69656,sete
2448,Seurre,87713677,46.9964114,5.1513121,seurre
2449,Sévérac,87476754,47.5498647,-2.072707,severac
2450,Sévérac-d'Aveyron,87783365,44.3246516,3.0569451,severac d aveyron
2455,Seyssel - Corbonod,87745828,45.9630307,5.8315162,seyssel corbonod
2456,Sierck-les-Bains,87191635,49.443655,6.350327,sierck les bains
2457,Sierentz,87182105,47.656047,7.459142,sierentz
2458,Sillé-le-Guillaume,87396234,48.1818735,-0.1289696,sille le guillaume
2459,Simandre-sur-Suran,87743336,46.2202097,5.4210929,simandre sur suran
2460,Simiane-Collongue,87751438,43.434747,5.426148,simiane collongue
2461,Sin-le-Noble,87345405,50.356612,3.112777,sin le noble
2462,Siorac-en-Périgord,87595769,44.8197409,0.9844566,siorac en perigord
2463,Sisteron,87751206,44.1902025,5.9465888,sisteron
2464,Soissons,87271817,49.3691983,3.3381259,soissons
2465,Solignac - Le Vigen,87592246,45.7561586,1.2856817,solignac le vigen
2466,Solliès-Pont,87755330,43.1907805,6.0464158,sollies pont
2467,Somain,87345314,50.3557,3.27738,somain
2468,Sommery,87411462,49.6297244,1.4353726,sommery
2469,Sorgues - Châteauneuf-du-Pape,87765206,44.0053909,4.8756182,sorgues chateauneuf du pape
2470,Sotteville-lès-Rouen,87411223,49.4129479,1.102362,sotteville les rouen
2471,Souillac,87594333,44.902127,1.466605,souillac
2472,Soulac-sur-Mer,87581371,45.5081769,-1.1175894,soulac sur mer
2473,Soultz-sous-Forêts,87213421,48.9347687,7.8827184,soultz sous forets
2475,Sous le Bois,87295543,50.2655833,3.93961,sous le bois
2477,Staffelfelden,87182691,47.8279612,7.2651657,staffelfelden
2479,Steenbecque,87342295,50.6806568,2.510089,steenbecque
2480,Steenwerck,87286161,50.713459,2.7855769,steenwerck
2481,Steinbourg,87212209,48.7635292,7.416299,steinbourg
2482,Stephansfeld,87212126,48.7175872,7.7045946,stephansfeld
2483,Strasbourg,87212027,48.584967,7.734584,strasbourg
2484,Strasbourg Roethig,87212191,48.5632897,7.6950455,strasbourg roethig
2485,Strazeele,87286203,50.713492,2.6312181,strazeele
2486,Sucé-sur-Erdre,87590828,47.3431347,-1.5299873,suce sur erdre
2487,Suèvres,87574236,47.6802248,1.4540981,suevres
2488,Surdon,87444562,48.6647685,0.1344097,surdon
2490,Surgères,87485227,46.113238,-0.762284,surgeres
2492,Sury-le-Comtal,87726422,45.5291194,4.1824904,sury le comtal
2494,Taconnaz,87746750,45.8992065,6.8258755,taconnaz
2495,Tain-l'Hermitage - Tournon,87761163,45.072183,4.839967,tain l hermitage tournon
2496,Talence Médoquine,87748350,44.81649,-0.60062,talence medoquine
2497,Tanus,87615674,44.1003384,2.3151214,tanus
2498,Tarare,87721472,45.889921,4.439208,tarare
2499,Tarascon,87765354,43.801331,4.657206,tarascon
2500,Tarascon-sur-Ariège,87611590,42.8495385,1.5999321,tarascon sur ariege
2501,Tarbes,87671008,43.239955,0.069415,tarbes
2502,Tassin,87721514,45.76151,4.75857,tassin
2504,Teillé,87396051,48.1812341,0.1913397,teille
2505,Templeuve,87286625,50.52863,3.17559,templeuve
2506,Tenay - Hauteville,87743757,45.9222096,5.5016101,tenay hauteville
2507,Tergnier,87296442,49.6591862,3.2972491,tergnier
2508,Terrasson-Lavilledieu,87594408,45.1357901,1.3004219,terrasson lavilledieu
2509,Tessonnières,87615245,43.9284209,1.9369531,tessonnieres
2510,Teting-sur-Nied,87193342,49.051605,6.6646267,teting sur nied
2511,Thann,87182568,47.8088208,7.1069795,thann
2512,Thann Centre,87472605,47.8099229,7.101046,thann centre
2513,Thann Saint-Jacques,87182881,47.8133155,7.0938473,thann saint jacques
2514,Thaon,87144097,48.24465,6.416384,thaon
2515,Theillay,87543199,47.3139904,2.0443867,theillay
2516,Thenissey,87713099,47.4947945,4.6221929,thenissey
2517,Thenon,87595579,45.1601857,1.0686905,thenon
2518,Théoule-sur-Mer,87757583,43.5134929,6.9367978,theoule sur mer
2519,Thésée,87328195,47.322271,1.3120568,thesee
2520,Thézy-Glimont,87316125,49.8118528,2.435931,thezy glimont
2521,Thiaville-sur-Meurthe,87141432,48.4139874,6.8102635,thiaville sur meurthe
2522,Thiennes,87342287,50.6523561,2.4729218,thiennes
2523,Thiers,87734475,45.8610502,3.5431798,thiers
2525,Thionville,87191007,49.353931,6.169543,thionville
2526,Thiviers,87595124,45.418965,0.921348,thiviers
2528,Thonon-les-Bains,87745646,46.369004,6.481669,thonon les bains
2529,Thouaré-sur-Loire,87481143,47.2651143,-1.4409626,thouare sur loire
2530,Thouars,87487009,46.9852442,-0.2097941,thouars
2531,Thourotte,87276741,49.4760722,2.8830021,thourotte
2532,Thuès Carença,87784751,42.5229486,2.2227279,thues carenca
2534,Tieffenbach - Struth,87215699,48.9062169,7.25527,tieffenbach struth
2535,Tiercé,87484147,47.617532,-0.469347,tierce
2536,Tincques,87342303,50.35699,2.4980285,tincques
2537,Tonnay-Charente,87485151,45.9433989,-0.8978981,tonnay charente
2538,Tonneins,87586651,44.392796,0.314093,tonneins
2539,Tonnerre,87713198,47.85938,3.97355,tonnerre
2540,Torfou-Sèvremoine,87486894,47.0331153,-1.1173797,torfou sevremoine
2541,Torpes - Boussières,87718114,47.1637546,5.8887804,torpes boussieres
2542,Toul,87141044,48.679018,5.880615,toul
2543,Toulon,87755009,43.12837,5.929293,toulon
2544,Toulon Sainte-Musse,87742262,43.125113642636705,5.972755104236321,toulon sainte musse
2545,Toulouse Matabiau,87611004,43.611206,1.453616,toulouse matabiau
2546,Tourcoing,87286542,50.71683,3.16804,tourcoing
2548,Tournay,87671172,43.1836066,0.2389703,tournay
2549,Tournemire - Roquefort,87783456,43.9698002,3.0166261,tournemire roquefort
2550,Tournus,87725622,46.56668,4.906647,tournus
2551,Tours,87571000,47.389781,0.693703,tours
2552,Tourville-la-Rivière,87411181,49.3248177,1.098964,tourville la riviere
2553,Toury,87543074,48.193606,1.939565,toury
2554,Tracy - Sancerre,87696161,47.3376398,2.8804164,tracy sancerre
2555,Traou Nez,87322347,48.74858987607243,-3.1349542664976724,traou nez
2557,Trégonneau - Squiffiec,87473819,48.6243578,-3.1742524,tregonneau squiffiec
2558,Trélazé,87701532,47.45272,-0.4696,trelaze
2559,Trémolat,87584474,44.8625105,0.8303278,tremolat
2560,Tricot,87313353,49.5619878,2.5815586,tricot
2564,Trith-Saint-Léger,87343400,50.3318146,3.4893247,trith saint leger
2565,Trois Chênes,87184242,47.6480822,6.8462281,trois chenes
2566,Tronsanges,87696203,47.113029,3.0541532,tronsanges
2567,Trouville - Deauville,87444372,49.360005,0.084167,trouville deauville
2568,Troyes,87118000,48.296069,4.065281,troyes
2569,Tulle,87594499,45.258725,1.756467,tulle
2570,Tullins Fures,87761759,45.300996,5.492194,tullins fures
2571,Turckheim,87182352,48.0856288,7.279466,turckheim
2572,Turenne,87594556,45.0379541,1.6007045,turenne
2573,Uchaud,87775106,43.7583991,4.2683101,uchaud
2574,Uckange,87191130,49.3032605,6.1567735,uckange
2575,Urçay - La Perche,87576348,46.6295123,2.5865708,urcay la perche
2576,Urmatt,87214635,48.5257763,7.3385385,urmatt
2577,Urt,87672386,43.4993785,-1.3005564,urt
2579,Ussel,87594093,45.5574383,2.3143439,ussel
2580,Ustaritz Jatxou,87673624,43.4048083,-1.4489654,ustaritz jatxou
2581,Uzerche,87594200,45.4407088,1.5702735,uzerche
2582,Vaas,87396598,47.6707702,0.3165096,vaas
2586,Val-de-Reuil,87415877,49.275437,1.224147,val de reuil
2587,Val-de-Vesle,87171611,49.17792,4.22221,val de vesle
2588,Valdahon,87718544,47.14975,6.342275,valdahon
2589,Valdahon Camp Militaire,87718601,47.1510452,6.3148621,valdahon camp militaire
2590,Valençay,87576215,47.163172,1.5584442,valencay
2591,Valence,87761007,44.928049,4.893273,valence
2592,Valence d'Agen,87611863,44.1117317,0.8915743,valence d agen
2593,Valence TGV Rhône-Alpes Sud,87763029,44.991545,4.978703,valence tgv rhone alpes sud
2594,Valenciennes,87343004,50.363259,3.517115,valenciennes
2595,Valergues - Lansargues,87773432,43.672678,4.0601085,valergues lansargues
2596,Valleiry,87745414,46.1092875,5.96735,valleiry
2597,Valleroy - Moineville,87192732,49.2056957,5.9360165,valleroy moineville
2598,Vallon-en-Sully,87641357,46.5363284,2.6107538,vallon en sully
2599,Vallorcine,87746875,46.0324983,6.9326694,vallorcine
2601,Valognes,87447284,49.505454,-1.47986,valognes
2602,Vandières,87192476,48.9521683,6.0392275,vandieres
2603,Vannes,87476606,47.665169,-2.75245,vannes
2605,Varades - Saint-Florent le Vieil,87484386,47.3744471,-1.019712,varades saint florent le vieil
2606,Varangéville - Saint-Nicolas,87141101,48.63533929,6.31286037,varangeville saint nicolas
2607,Varennes-sur-Allier,87696351,46.3154922,3.3941783,varennes sur allier
2608,Varennes-sur-Fouzon,87576231,47.2144095,1.6145221,varennes sur fouzon
2609,Varetz,87594606,45.1911631,1.4472859,varetz
2610,Varilhes,87611327,43.0415593,1.6284818,varilhes
2614,Vaudagne,87746727,45.9088517,6.7726673,vaudagne
2615,Vaumoise,87271601,49.2339406,2.9885685,vaumoise
2616,Vauvert,87775817,43.6950375,4.270165,vauvert
2618,Vauxaillon,87297283,49.4741418,3.4096166,vauxaillon
2619,Vauzelles,87691469,47.0013565,3.1342094,vauzelles
2620,Vayrac,87594739,44.9501471,1.7062871,vayrac
2621,Vayres,87584714,44.89717,-0.31686,vayres
2622,Veauche - Saint-Galmier,87726208,45.565928,4.293438,veauche saint galmier
2623,Veigné,87571414,47.2915255,0.7348815,veigne
2624,Velars-sur-Ouche,87712331,47.3265197,4.9274603,velars sur ouche
2625,Vélines,87584177,44.8520145,0.1036584,velines
2626,Vendenheim,87212118,48.6659659,7.7177824,vendenheim
2627,Vendeuvre-sur-Barse,87118257,48.2400686,4.4672135,vendeuvre sur barse
2628,Vendôme,87574558,47.8021498,1.0678728,vendome
2629,Vendôme - Villiers-sur-Loir TGV,87571216,47.821937,1.021143,vendome villiers sur loir tgv
2630,Venerque - Vernet,87611392,43.433361,1.426079,venerque vernet
2631,Vénissieux,87723320,45.705551,4.888109,venissieux
2632,Verdun,87175778,49.165406,5.379701,verdun
2633,Véretz - Montlouis,87574434,47.3715058,0.8199079,veretz montlouis
2634,Vergèze - Codognan,87775114,43.739877,4.218842,vergeze codognan
2635,Vermenton,87683664,47.6605943,3.7320212,vermenton
2636,Vern-sur-Seiche,87471029,48.0469707,-1.5966524,vern sur seiche
2637,Vernaison,87722264,45.6456478,4.8132908,vernaison
2639,Verneuil-sur-Avre,87393595,48.7424857,0.9291925,verneuil sur avre
2640,Vernon - Giverny,87415604,49.091336,1.47857,vernon giverny
2643,Verrey-sous-Salmaise,87713081,47.4385905,4.6700223,verrey sous salmaise
2644,Versailles Chantiers,87393009,48.7958264,2.1358827,versailles chantiers
2647,Versigny,87296608,49.6574494,3.4335692,versigny
2649,Vertaizon,87734426,45.784543,3.288269,vertaizon
2650,Vertou,87481408,47.1861428,-1.4780052,vertou
2651,Verzeille,87615138,43.1304633,2.3212626,verzeille
2652,Vesoul,87185009,47.6177734,6.151926,vesoul
2653,Veuves - Monteaux,87574327,47.4756722,1.1238749,veuves monteaux
2654,Veynes Dévoluy,87763300,44.5320046,5.815764,veynes devoluy
2655,Viaduc Sainte-Marie,87746735,45.897096,6.7850134,viaduc sainte marie
2657,Vias,87781260,43.315653,3.4253562,vias
2658,Vic - Mireval,87773531,43.5007687,3.7994505,vic mireval
2659,Vic-le-Comte,87734186,45.664911,3.207079,vic le comte
2660,Vic-sur-Cère,87645440,44.975877,2.6316644,vic sur cere
2661,Vichy,87732008,46.126979,3.430448,vichy
2662,Vidauban,87755421,43.4309416,6.4338501,vidauban
2663,Vieilleville,87597633,46.0910959,1.6736439,vieilleville
2664,Vielmur-sur-Agout,87615492,43.623928,2.0895781,vielmur sur agout
2665,Vienne,87722587,45.521207,4.874211,vienne
2666,Vierzon,87576009,47.226497,2.059822,vierzon
2667,Vierzon Forges,87576090,47.2099931,2.0994545,vierzon forges
2668,Vierzy,87271783,49.2910309,3.2773026,vierzy
2669,Vieux-Thann,87182550,47.8058505,7.1194904,vieux thann
2670,Vieux-Thann Zone Industrielle,87181289,47.8020615,7.1326428,vieux thann zone industrielle
2671,Vif,87747576,45.0476532,5.6854542,vif
2672,Vigeois,87594218,45.3829467,1.5149455,vigeois
2674,Vignory,87142232,48.2701366,5.1241594,vignory
2677,Villars-les-Dombes,87723759,46.004206,5.028404,villars les dombes
2678,Villedieu-les-Poêles,87447698,48.8340495,-1.225559,villedieu les poeles
2679,Villefort,87775197,44.4395099,3.9240146,villefort
2680,Villefranche - Vernet-les-Bains,87784686,42.591998,2.370396,villefranche vernet les bains
2681,Villefranche-de-Lauragais,87615013,43.398537,1.714725,villefranche de lauragais
2682,Villefranche-de-Rouergue,87613893,44.347498,2.0364594,villefranche de rouergue
2683,Villefranche-du-Périgord,87595892,44.6270124,1.0490908,villefranche du perigord
2684,Villefranche-sur-Cher,87576884,47.2948034,1.768094,villefranche sur cher
2685,Villefranche-sur-Mer,87756361,43.707061,7.314129,villefranche sur mer
2686,Villefranche-sur-Saône,87721332,45.9845,4.72077,villefranche sur saone
2687,Villefranque,87673616,43.4313998,-1.4564514,villefranque
2688,Villeherviers,87576165,47.3694005,1.7972555,villeherviers
2689,Villenave-d'Ornon,87581835,44.7683428,-0.5472574,villenave d ornon
2691,Villeneuve-la-Comtesse,87491258,46.0986599,-0.5130717,villeneuve la comtesse
2692,Villeneuve-la-Guyard,87683102,48.342425,3.071655,villeneuve la guyard
2694,Villeneuve-lès-Maguelone,87773515,43.5438231,3.849917,villeneuve les maguelone
2695,Villeneuve-Loubet,87756304,43.629928,7.134066,villeneuve loubet
2697,Villeneuve-sur-Allier,87696310,46.6592073,3.2469557,villeneuve sur allier
2698,Villeneuve-sur-Yonne,87683219,48.0850129,3.2869251,villeneuve sur yonne
2700,Villenouvelle,87618215,43.4330358,1.661081,villenouvelle
2702,Villeperdue,87575043,47.2020438,0.6336449,villeperdue
2705,Villereversure,87743328,46.1944145,5.3977089,villereversure
2706,Villers-Bretonneux,87313437,49.86295,2.52141,villers bretonneux
2707,Villers-Cotterêts,87271734,49.25026,3.0937,villers cotterets
2708,Villers-Saint-Paul,87276378,49.2825762,2.4899067,villers saint paul
2709,Villers-Saint-Sépulcre,87313593,49.3680779,2.2204386,villers saint sepulcre
2710,Villers-sur-Mer,87444398,49.3159865,0.0099283,villers sur mer
2716,Vimy,87342576,50.3732316,2.8229549,vimy
2717,Vinay,87761726,45.20797,5.41005,vinay
2718,Vinça,87784611,42.6481368,2.5276163,vinca
2719,Vincelles,87683631,47.7042304,3.6284728,vincelles
2720,Vincey,87144063,48.3436471,6.3355129,vincey
2721,Vions - Chanaz,87741108,45.8243131,5.8072311,vions chanaz
2722,Vire,87448159,48.846329,-0.882884,vire
2723,Vireux-Molhain,87172114,50.0827968,4.7233909,vireux molhain
2724,Virieu sur Bourbre,87747204,45.491703,5.4721424,virieu sur bourbre
2725,Virieu-le-Grand - Belley,87741504,45.8482817,5.6536162,virieu le grand belley
2729,Viry-Noureuil,87297051,49.6274493,3.2503611,viry noureuil
2730,Vis à Marles,87342535,50.5050115,2.5171137,vis a marles
2731,Vitré,87471508,48.122671,-1.211754,vitre
2732,Vitrolles Aéroport Marseille Provence,87439554,43.441734,5.237122,vitrolles aeroport marseille provence
2733,Vitry-en-Artois,87342113,50.3276092,2.9820833,vitry en artois
2734,Vitry-le-François,87174276,48.718142,4.587581,vitry le francois
2736,Vittel,87144279,48.2024882,5.9418718,vittel
2737,Viviers-du-Lac,87741140,45.648502,5.9033389,viviers du lac
2738,Viviez - Decazeville,87613661,44.5555678,2.2182582,viviez decazeville
2739,Vivoin - Beaumont,87396077,48.2302093,0.1447829,vivoin beaumont
2740,Vivonne,87575290,46.4266355,0.2653156,vivonne
2741,Voiron,87747287,45.364037,5.595054,voiron
2742,Voivres-lès-le-Mans,87396358,47.9304199,0.0853466,voivres les le mans
2743,Volvic,87641423,45.864715,3.0031455,volvic
2744,Vonnas,87725820,46.2272852,4.9916677,vonnas
2745,Voreppe,87747337,45.290417,5.632119,voreppe
2746,Vorey,87734723,45.1829093,3.911422,vorey
2748,Vougeot - Gilly-lès-Cîteaux,87713511,47.1755556,4.9715685,vougeot gilly les citeaux
2749,Voujeaucourt,87184531,47.4789729,6.7699667,voujeaucourt
2750,Voutré,87478560,48.1340521,-0.2921804,voutre
2751,Voves,87545707,48.2750095,1.6222874,voves
2752,Vrigne-Meuse,87172221,49.7010822,4.8438063,vrigne meuse
2754,Wacquemoulin,87316208,49.5032575,2.6116581,wacquemoulin
2755,Walbach,87182360,48.0580062,7.2334758,walbach
2756,Walbourg,87213405,48.8862164,7.8092705,walbourg
2757,Walheim,87181065,47.6416406,7.2633202,walheim
2758,Waligator Parc,87191098,49.22492,6.15946,waligator parc
2759,Wallers,87343301,50.384611,3.3937454,wallers
2760,Wambaix,87345595,50.1338767,3.3114074,wambaix
2761,Watten - Éperlecques,87281436,50.8254043,2.2079599,watten eperlecques
2762,Wattignies - Templemars,87286526,50.5793139,3.051975,wattignies templemars
2763,Wavrin,87286419,50.57443,2.93672,wavrin
2764,Wesserling,87182618,47.8899651,6.997519,wesserling
2765,Weyersheim,87213678,48.7177903,7.7971027,weyersheim
2766,Wihr-au-Val - Soultzbach,87182378,48.0460522,7.2095351,wihr au val soultzbach
2767,Willer-sur-Thur,87182584,47.8425494,7.0693196,willer sur thur
2768,Wilwisheim,87212175,48.745831,7.5077599,wilwisheim
2769,Wimille - Wimereux,87317123,50.7638456,1.6137455,wimille wimereux
2770,Wingen-sur-Moder,87213744,48.9200646,7.3811114,wingen sur moder
2771,Wisches,87214676,48.5076495,7.2700936,wisches
2772,Wissembourg,87213470,49.0318895,7.9501435,wissembourg
2773,Woippy,87192088,49.1487965,6.155621,woippy
2774,Xertigny,87144121,48.0530255,6.3767687,xertigny
2775,Ychoux,87582536,44.3292659,-0.9460318,ychoux
2777,Yffiniac,87473116,48.4702462,-2.6524629,yffiniac
2778,Ygos-Saint-Saturnin,87671487,43.9781851,-0.7361528,ygos saint saturnin
2779,Ytrac,87645101,44.9106891,2.3644474,ytrac
2780,Yvetot,87413385,49.622035,0.750115,yvetot
2781,Zillisheim,87182196,47.6943143,7.2945376,zillisheim
